_id,fighter_id,name,height,weight,reach,stance,dob,n_win,n_loss,n_draw,sig_str_land_pM,sig_str_land_pct,sig_str_abs_pM,sig_str_def_pct,td_avg,td_land_pct,td_def_pct,sub_avg
67533c6e7a2ac5f7e09aec69,2d077e22886298be,Wuziazibieke Jiahefu,"5' 9""",145 lbs.,"70""",Orthodox,"Apr 09, 1990",29,12,1,0.41,0.5,2.84,0.41,6.08,0.5,0.0,0.0
67533c6e7a2ac5f7e09aec6a,7debc13b36343605,Cristian Quinonez,"5' 8""",135 lbs.,"70""",Orthodox,"Apr 26, 1996",18,5,0,4.19,0.4,4.55,0.55,1.37,0.37,0.84,0.0
67533c6e7a2ac5f7e09aec6b,d29b5c4f22c6357d,Gilbert Yvel,"6' 2""",225 lbs.,"77""",Orthodox,"Jun 30, 1976",39,16,1,1.05,0.47,1.78,0.5,0.0,0.0,0.25,1.0
67533c6e7a2ac5f7e09aec70,8667caa0451d245b,Kennedy Nzechukwu,"6' 5""",205 lbs.,"83""",Southpaw,"Jun 13, 1992",13,5,0,5.34,0.47,4.83,0.51,0.58,0.45,0.8,0.2
67533c6e7a2ac5f7e09aec6e,7139cd2ae4bf6a29,Takahiro Oba,"5' 8""",200 lbs.,,Southpaw,,5,7,1,0.23,0.25,1.82,0.69,0.0,0.0,0.0,0.0
67533c6e7a2ac5f7e09aec6f,22a1f83edb865aee,Mikheil Sazhiniani,"6' 0""",205 lbs.,"71""",Orthodox,"Oct 05, 1996",13,3,0,2.27,0.28,3.03,0.52,0.0,0.0,1.0,0.0
67533c6e7a2ac5f7e09aec71,260bd4cef10b033f,Ihor Potieria,"6' 3""",185 lbs.,"75""",Southpaw,"May 29, 1996",20,7,0,4.57,0.5,4.72,0.5,0.77,0.18,0.66,0.0
67533c6e7a2ac5f7e09aec72,d9e1942637bd57a4,Raja Shippen,"5' 6""",145 lbs.,,,"Oct 07, 1986",18,11,1,0.0,0.0,0.0,0.0,0.0,0.0,0.0,0.0
67533c6e7a2ac5f7e09aec73,edfe95e3c33a4bf8,Adam Lynn,"5' 10""",155 lbs.,,Orthodox,,17,10,0,1.47,0.63,6.95,0.1,0.0,0.0,0.5,0.0
67533c6e7a2ac5f7e09aec74,91acd6910b802a9e,Chris Lytle,"5' 11""",170 lbs.,"68""",Orthodox,"Aug 18, 1974",31,18,5,3.76,0.45,3.03,0.58,0.7,0.55,0.55,2.4
67533c6e7a2ac5f7e09aec75,710d93f1508f7104,Stevie Lynch,"5' 10""",170 lbs.,,Orthodox,,5,2,0,2.47,0.25,7.06,0.41,0.0,0.0,0.0,0.0
67533c6e7a2ac5f7e09aec76,5a4913108a3b9190,Lv Zhenhong,"5' 8""",145 lbs.,"67""",Switch,"Jun 25, 1993",16,6,0,0.0,0.0,0.0,0.0,0.0,0.0,0.0,0.0
67533c6e7a2ac5f7e09aec77,5f33ae0620e050c5,Mando Gutierrez,"5' 6""",135 lbs.,"70""",Southpaw,"Feb 24, 1997",7,2,0,0.8,0.75,1.33,0.5,1.0,1.0,0.4,1.0
67533c6e7a2ac5f7e09aec78,eaea0fc7b76525a8,Mike Guymon,"6' 0""",170 lbs.,"74""",Orthodox,"Sep 17, 1974",15,6,1,2.75,0.65,0.79,0.66,1.87,0.37,0.54,1.2
67533c6e7a2ac5f7e09aec79,4d74641fac830182,Brad Gumm,"5' 11""",170 lbs.,,Orthodox,,10,6,1,0.0,0.0,0.0,0.0,0.0,0.0,0.0,0.0
67533c6e7a2ac5f7e09aec7a,98a6b2361045898f,Dong Hyun Ma,"5' 11""",155 lbs.,"70""",Orthodox,"Sep 09, 1988",16,11,3,2.84,0.41,4.1,0.54,1.27,0.53,0.33,0.0
67533c6e7a2ac5f7e09aec7b,45f0cc9d18f35137,Chris Gutierrez,"5' 9""",135 lbs.,"67""",Orthodox,"Apr 22, 1991",21,6,2,4.72,0.59,2.64,0.64,0.26,0.3,0.71,0.1
67533c6e7a2ac5f7e09aec7c,0eef1bf99afd4ff2,Steve Mann,"6' 1""",170 lbs.,,,,12,5,0,3.18,0.7,0.66,0.57,1.64,1.0,0.6,0.0
67533c6e7a2ac5f7e09aec6c,b7ffa72aa148599a,KJ Noons,"5' 10""",155 lbs.,"70""",Orthodox,"Dec 07, 1982",13,9,0,3.68,0.35,3.78,0.65,0.08,0.2,0.68,0.0
67533c6e7a2ac5f7e09aec7f,5f6038bcdb95e3e4,John Kolosci,"5' 11""",185 lbs.,,Orthodox,"Nov 26, 1974",15,9,0,0.21,0.2,0.85,0.5,0.0,0.0,0.0,0.0
67533c6e7a2ac5f7e09aec80,dba230fe33011201,Jong Man Kim,"5' 7""",139 lbs.,,Orthodox,"Mar 03, 1978",23,11,3,1.33,0.21,3.0,0.6,0.0,0.0,0.0,0.0
67533c6e7a2ac5f7e09aec81,e2ac5bb645f33088,Satoru Kitaoka,"5' 6""",154 lbs.,,,"Feb 04, 1980",40,14,9,0.68,0.33,2.15,0.45,0.62,0.1,0.27,2.1
67533c6e7a2ac5f7e09aec82,184b7a36d50dcc5e,Chelsea Hackett,"5' 4""",125 lbs.,"66""",Switch,"Aug 16, 1998",3,1,1,2.58,0.51,4.85,0.46,0.0,0.0,0.57,0.0
67533c6e7a2ac5f7e09aec83,a20f234df70f2182,Ji Yeon Kim,"5' 7""",125 lbs.,"72""",Orthodox,"Oct 18, 1989",9,7,2,5.37,0.36,5.41,0.56,0.0,0.0,0.5,0.1
67533c6e7a2ac5f7e09aec84,06f0ffa6446c5b6d,Branden Lee Hinkle,"6' 3""",235 lbs.,,Orthodox,"Jul 29, 1973",17,11,0,2.61,0.69,3.91,0.26,4.34,0.57,0.66,4.3
67533c6e7a2ac5f7e09aec85,8588d14c4952b9fa,Young Hwang,"5' 9""",135 lbs.,,,"Sep 02, 1988",8,5,0,0.0,0.0,0.0,0.0,0.0,0.0,0.0,0.0
67533c6e7a2ac5f7e09aec86,155bfc7ed36622df,Solomon Hutcherson,"5' 11""",185 lbs.,,Southpaw,"Aug 31, 1972",11,7,0,2.59,0.39,2.59,0.64,3.53,1.0,0.0,0.0
67533c6e7a2ac5f7e09aec87,edc9eb3051f444fa,Adam Hunter,"6' 1""",185 lbs.,,Orthodox,"Oct 16, 1983",7,1,0,0.0,0.0,0.0,0.0,0.0,0.0,0.0,0.0
67533c6e7a2ac5f7e09aec88,baa5358456803df8,Alex Hunter,"5' 9""",226 lbs.,,Orthodox,,2,0,0,0.0,0.0,0.0,0.0,0.0,0.0,0.0,0.0
67533c6e7a2ac5f7e09aec89,21b54430c8eeb9cc,Joe Hurley,"5' 8""",155 lbs.,,,"Jun 24, 1978",12,5,0,1.12,0.45,3.35,0.56,0.0,0.0,0.2,0.0
67533c6e7a2ac5f7e09aec8a,f703250471acaf96,Harry Hunsucker,"6' 2""",205 lbs.,"75""",Orthodox,"Jan 03, 1989",7,6,0,3.54,0.52,6.53,0.42,0.0,0.0,0.0,2.0
67533c6e7a2ac5f7e09aec8b,cb1b4d237b0079e6,Abongo Humphrey,"5' 11""",205 lbs.,,Orthodox,,7,3,0,1.45,0.4,3.83,0.46,1.41,0.37,0.33,3.8
67533c6e7a2ac5f7e09aec8c,eef9b891edbd4604,Mark Hunt,"5' 10""",265 lbs.,"72""",Orthodox,"Mar 23, 1974",13,14,1,2.81,0.43,2.9,0.51,0.51,0.55,0.64,0.2
67533c6e7a2ac5f7e09aec8e,b0718335e9868cfd,David Hulett,"5' 10""",170 lbs.,,,"Sep 07, 1980",22,10,0,0.0,0.0,0.0,0.0,0.0,0.0,0.0,0.0
67533c6e7a2ac5f7e09aec90,f264ba50b007f39e,Victor Hugo,"5' 7""",135 lbs.,"71""",Orthodox,"Nov 22, 1992",25,5,0,3.27,0.44,2.95,0.56,0.81,0.33,0.73,1.2
67533c6e7a2ac5f7e09aec91,6a11e325aa60ad02,Jeff Hughes,"6' 2""",250 lbs.,"77""",Orthodox,"May 17, 1988",10,4,0,3.95,0.51,3.67,0.6,0.71,0.5,0.45,0.0
67533c6e7a2ac5f7e09aec92,e94085e821bd81de,Sam Hughes,"5' 5""",115 lbs.,"64""",Orthodox,"Jun 28, 1992",9,6,0,4.33,0.46,4.46,0.56,0.85,0.3,0.6,0.0
67533c6e7a2ac5f7e09aec93,737d93a42b8c2e94,Casey Huffman,"6' 3""",185 lbs.,,,,3,1,0,0.0,0.0,0.0,0.0,0.0,0.0,0.0,0.0
67533c6e7a2ac5f7e09aec94,8b9197746bd3e005,Alex Huddleston,"6' 7""",254 lbs.,,,"Aug 11, 1986",6,2,0,2.47,0.42,2.59,0.67,0.0,0.0,0.0,0.9
67533c6e7a2ac5f7e09aec95,d62bb4d84a7267ba,Mark Hughes,"5' 9""",205 lbs.,,Southpaw,"Oct 13, 1973",6,2,0,0.9,0.47,0.4,0.42,3.0,0.5,0.0,4.5
67533c6e7a2ac5f7e09aec96,daf1b84aebd6602b,Roger Huerta,"5' 9""",155 lbs.,"70""",Orthodox,"May 20, 1983",23,9,1,3.64,0.36,2.33,0.56,2.13,0.46,0.52,0.5
67533c6e7a2ac5f7e09aec7d,b180f05acb24d430,Patrick Kaase,"5' 9""",185 lbs.,,,,1,2,0,4.4,0.67,0.53,0.5,0.0,0.0,0.5,0.0
67533c6e7a2ac5f7e09aec98,621a6c59f88a44fe,Matt Hughes,"5' 9""",170 lbs.,"73""",Switch,"Oct 13, 1973",45,9,0,2.14,0.53,1.36,0.53,2.95,0.5,0.35,1.2
67533c6e7a2ac5f7e09aec7e,831b937811804dad,Min Soo Kim,"6' 1""",255 lbs.,,Southpaw,"Jan 22, 1975",3,7,0,0.87,1.0,3.48,0.2,0.0,0.0,0.0,0.0
67533c6e7a2ac5f7e09aec9b,d2cd7a69cc55e7ed,Austin Hubbard,"5' 10""",155 lbs.,"71""",Orthodox,"Dec 22, 1991",17,8,0,4.12,0.43,3.92,0.57,1.54,0.34,0.67,0.0
67533c6e7a2ac5f7e09aec9c,1ec1b6a7a29ffc71,Brady Huang,"5' 9""",135 lbs.,"69""",Orthodox,"Dec 16, 1992",11,2,0,4.62,0.37,10.77,0.3,0.0,0.0,0.0,0.0
67533c6e7a2ac5f7e09aec9e,f1175ea3aafbf351,Hu Yaozong,"6' 3""",185 lbs.,"72""",Orthodox,"Apr 07, 1995",3,3,0,3.35,0.48,5.09,0.35,0.0,0.0,0.33,0.4
67533c6e7a2ac5f7e09aec9d,225def29ecfe0fc1,Carlos Huachin,"5' 4""",135 lbs.,"67""",Southpaw,"Jun 04, 1996",10,5,1,2.1,0.21,4.8,0.5,0.0,0.0,0.66,0.0
67533c6e7a2ac5f7e09aec9f,a7de976620f2ed13,Shane Howell,"5' 8""",125 lbs.,,Orthodox,"Nov 28, 1983",13,10,0,1.27,0.32,2.55,0.42,0.0,0.0,0.2,0.0
67533c6e7a2ac5f7e09aeca0,fc31f896cde2bc2e,John Howard,"5' 7""",170 lbs.,"72""",Orthodox,"Mar 01, 1983",24,13,0,2.15,0.5,3.08,0.51,2.7,0.49,0.53,0.4
67533c6e7a2ac5f7e09aeca2,a2b06ca02bca14c0,Harold Howard,"6' 2""",240 lbs.,,Orthodox,,1,3,0,0.0,0.0,0.0,0.0,0.0,0.0,0.0,0.0
67533c6e7a2ac5f7e09aeca3,36fbaa49a09ff997,Brian Houston,"6' 2""",185 lbs.,,Orthodox,"Apr 26, 1981",4,6,0,1.9,0.35,3.67,0.53,0.95,1.0,0.87,0.0
67533c6e7a2ac5f7e09aeca4,97a8f39186f489db,Jeff Hougland,"5' 7""",135 lbs.,"68""",Orthodox,"Aug 02, 1978",10,6,0,1.86,0.48,3.46,0.47,0.86,0.18,0.0,1.1
67533c6e7a2ac5f7e09aeca6,c6668eeb261588d3,Trey Houston,"5' 11""",185 lbs.,,,,11,4,0,0.0,0.0,0.0,0.0,0.0,0.0,0.0,0.0
67533c6e7a2ac5f7e09aeca7,57591bbf1623574e,John Hosman,"5' 10""",135 lbs.,,Southpaw,"Nov 13, 1980",18,8,1,1.11,0.38,1.52,0.45,0.0,0.0,0.46,0.0
67533c6e7a2ac5f7e09aeca8,5c637af9472ae7cc,Jamey-Lyn Horth,"5' 7""",125 lbs.,"66""",Orthodox,"Mar 30, 1990",7,1,0,3.29,0.56,2.91,0.59,1.0,0.37,0.68,0.0
67533c6e7a2ac5f7e09aeca9,21632ba272c0785a,Matt Horning,"5' 4""",125 lbs.,,,,20,25,0,0.0,0.0,0.0,0.0,0.0,0.0,0.0,0.0
67533c6e7a2ac5f7e09aecaa,049d698d773eb3e1,Matt Horwich,"6' 1""",185 lbs.,,Orthodox,"Oct 02, 1978",30,25,1,1.11,0.62,2.16,0.38,0.33,0.09,0.28,2.7
67533c6e7a2ac5f7e09aecab,e29cf523ebd155c5,Chris Horodecki,"5' 9""",155 lbs.,"69""",Orthodox,"Sep 24, 1987",21,7,1,4.59,0.41,3.16,0.65,1.52,0.55,0.37,0.9
67533c6e7a2ac5f7e09aecad,3fa7688bfe48a493,Yoshinori Horie,"5' 8""",145 lbs.,"70""",Orthodox,"May 10, 1995",8,2,0,2.76,0.49,5.65,0.48,0.0,0.0,0.0,0.0
67533c6e7a2ac5f7e09aecac,98aa60cf58071fd6,Kyoji Horiguchi,"5' 5""",125 lbs.,"66""",Orthodox,"Oct 12, 1990",19,2,0,3.6,0.45,2.45,0.62,2.0,0.44,0.55,0.0
67533c6e7a2ac5f7e09aecae,f6c1ce7cfd600662,Yuma Horiuchi,"5' 6""",125 lbs.,"67""",Switch,"Sep 22, 1997",9,5,0,3.73,0.3,5.0,0.35,2.0,0.16,0.0,2.0
67533c6e7a2ac5f7e09aecaf,8d26912cd2aeb366,Jeremy Horn,"6' 1""",185 lbs.,"74""",Orthodox,"Aug 25, 1975",91,22,5,1.19,0.39,1.99,0.55,1.83,0.38,0.29,1.1
67533c6e7a2ac5f7e09aecb0,baf942f4bcb09894,Moti Horenstein,"6' 4""",230 lbs.,,Orthodox,,1,6,0,0.0,0.0,0.0,0.0,0.0,0.0,0.0,0.0
67533c6e7a2ac5f7e09aecb1,18e8b7070228e728,Darrell Horcher,"5' 10""",155 lbs.,"70""",Southpaw,"Jul 28, 1987",13,4,0,2.05,0.44,4.21,0.39,0.35,0.5,0.47,0.7
67533c6e7a2ac5f7e09aecb2,971246648e162f0d,Chase Hooper,"6' 1""",155 lbs.,"74""",Southpaw,"Sep 13, 1999",14,3,1,5.08,0.52,3.33,0.36,1.45,0.24,0.55,2.3
67533c6e7a2ac5f7e09aecb3,7f9abc4db2d05764,Lorenzo Hood,"6' 3""",265 lbs.,"80""",Southpaw,"Mar 02, 1989",14,5,0,2.64,0.61,4.66,0.11,0.0,0.0,1.0,0.0
67533c6e7a2ac5f7e09aecb4,5af480a3b2e1726b,David Hood,"6' 0""",200 lbs.,,,,1,3,0,0.0,0.0,0.0,0.0,0.0,0.0,0.0,0.0
67533c6e7a2ac5f7e09aecb5,d2b1c1317a39f6c6,Satoshi Honma,"6' 1""",205 lbs.,,Orthodox,"May 19, 1968",4,6,3,0.0,0.0,0.0,0.0,0.0,0.0,0.0,0.0
67533c6e7a2ac5f7e09aecb6,193b9d1858bc4df3,Dan Hooker,"6' 0""",155 lbs.,"75""",Switch,"Feb 13, 1990",24,12,0,5.03,0.48,4.72,0.51,0.73,0.34,0.78,0.3
67533c6e7a2ac5f7e09aecb7,10d4575f497face4,SeongChan Hong,"5' 7""",155 lbs.,"69""",Orthodox,"Nov 28, 1989",9,2,0,6.57,0.55,8.76,0.47,0.0,0.0,0.0,0.0
67533c6e7a2ac5f7e09aecb8,b24666e26bd750a3,JunYoung Hong,"5' 9""",145 lbs.,"69""",Orthodox,"Dec 18, 1990",13,8,1,2.1,0.39,2.3,0.48,0.0,0.0,0.35,0.0
67533c6e7a2ac5f7e09aecb9,4d2e3320d815f687,Chris Honeycutt,"5' 10""",170 lbs.,"73""",,"Jul 25, 1988",9,1,0,2.99,0.44,1.41,0.66,3.4,0.45,0.75,0.0
67533c6e7a2ac5f7e09aecba,c11f50e9c1513ce9,Mark Holst,"6' 0""",155 lbs.,,Orthodox,"Aug 14, 1985",12,6,0,0.25,0.19,1.67,0.47,0.76,1.0,0.6,2.3
67533c6e7a2ac5f7e09aecbb,0a97691039c4bbfb,Mark Hominick,"5' 8""",145 lbs.,"68""",Orthodox,"Jul 22, 1982",20,12,0,4.08,0.42,4.18,0.69,0.25,0.66,0.71,0.9
67533c6e7a2ac5f7e09aec97,f372a848d250e006,Collin Huckbody,"6' 3""",185 lbs.,"76""",Orthodox,"Sep 29, 1994",8,2,0,2.05,0.6,2.73,0.42,10.23,1.0,0.0,20.4
67533c6e7a2ac5f7e09aecbd,472f6f6e6d962f40,Barb Honchak,"5' 4""",125 lbs.,"65""",Orthodox,"Aug 30, 1979",10,4,0,4.04,0.3,4.67,0.66,0.0,0.0,0.0,1.3
67533c6e7a2ac5f7e09aec99,e71c75f533a30daa,Huang Feier,"5' 5""",115 lbs.,"65""",Orthodox,"Mar 12, 1994",14,8,0,0.0,0.0,0.0,0.0,0.0,0.0,0.0,0.0
67533c6e7a2ac5f7e09aecbf,71f048adbfed5b49,Sabah Homasi,"6' 0""",170 lbs.,"72""",Orthodox,"Oct 19, 1988",11,8,0,4.98,0.48,6.91,0.47,2.8,0.5,0.66,0.0
67533c6e7a2ac5f7e09aecc0,6e7c758f5cdec01a,Paddy Holohan,"5' 10""",125 lbs.,"69""",Orthodox,"May 03, 1988",12,2,1,2.13,0.46,2.81,0.46,2.88,0.47,0.71,1.3
67533c6e7a2ac5f7e09aecc1,a7151778b3381036,Kurt Holobaugh,"5' 11""",155 lbs.,"70""",Orthodox,"Sep 08, 1986",22,8,0,4.63,0.45,4.35,0.47,0.76,0.33,0.42,0.8
67533c6e7a2ac5f7e09aecc2,b5ea750025697880,Rex Holman,"6' 3""",205 lbs.,,Southpaw,,4,2,0,2.75,0.34,7.25,0.4,0.0,0.0,1.0,0.0
67533c6e7a2ac5f7e09aecc3,8d20d76af3f213ce,Joseph Holmes,"6' 4""",185 lbs.,"80""",Orthodox,"Jul 04, 1995",8,4,0,2.88,0.53,3.08,0.54,1.49,0.4,0.5,0.8
67533c6e7a2ac5f7e09aecc4,ee28aa7f1043756c,Jeremie Holloway,"6' 0""",170 lbs.,,,"Sep 29, 1984",8,3,0,0.81,0.5,0.51,0.79,0.0,0.0,0.0,0.0
67533c6e7a2ac5f7e09aecc5,e30715382f42b772,Gabrielle Holloway,"5' 3""",145 lbs.,,,"Apr 15, 1990",6,5,0,0.7,0.42,3.07,0.34,3.0,0.35,0.16,1.0
67533c6e7a2ac5f7e09aecc6,3a46b268013afede,Kevin Holland,"6' 3""",185 lbs.,"81""",Orthodox,"Nov 05, 1992",26,12,0,4.24,0.49,3.21,0.5,0.83,0.38,0.54,0.6
67533c6e7a2ac5f7e09aecc7,634e2fb70bde3fd5,Holly Holm,"5' 8""",135 lbs.,"69""",Southpaw,"Oct 17, 1981",15,7,0,3.13,0.4,2.92,0.55,0.87,0.3,0.76,0.1
67533c6e7a2ac5f7e09aecc8,27d65e9d0fba61ea,Roger Hollett,"5' 11""",205 lbs.,,Orthodox,"Oct 08, 1978",13,5,0,1.83,0.47,6.47,0.34,1.0,0.28,0.3,0.0
67533c6e7a2ac5f7e09aecc9,150ff4cc642270b9,Max Holloway,"5' 11""",145 lbs.,"69""",Orthodox,"Dec 04, 1991",26,8,0,7.16,0.47,4.76,0.59,0.25,0.53,0.83,0.3
67533c6e7a2ac5f7e09aecca,fc60ecf0671b9489,Chris Holdsworth,"5' 11""",135 lbs.,,,"Oct 24, 1987",6,0,0,1.85,0.29,1.94,0.58,3.38,0.62,1.0,2.0
67533c6e7a2ac5f7e09aeccb,acbb9c76f5894e36,Sean Holden,"5' 10""",170 lbs.,,,"Sep 17, 1984",5,2,0,2.4,0.59,0.6,0.59,5.0,0.83,0.0,2.0
67533c6e7a2ac5f7e09aeccc,66ab58d0b3783607,Andrew Holbrook,"5' 11""",155 lbs.,"70""",Southpaw,"Feb 06, 1986",12,3,0,2.2,0.49,3.0,0.54,0.85,0.18,0.1,2.1
67533c6e7a2ac5f7e09aeccd,33fb306278dbb3e5,Chris Hofmann,"6' 0""",170 lbs.,"72""",Orthodox,"Nov 18, 1989",9,2,0,4.78,0.45,4.63,0.35,3.42,0.42,0.0,0.0
67533c6e7a2ac5f7e09aecce,afaad7d6a581e307,Bobby Hoffman,"6' 2""",245 lbs.,,Orthodox,"Oct 28, 1968",36,10,1,2.02,0.7,1.32,0.19,1.17,0.5,0.0,1.2
67533c6e7a2ac5f7e09aeccf,84a067c46306a737,Sam Hoger,"6' 2""",205 lbs.,,Orthodox,"Jun 28, 1980",10,4,0,1.07,0.25,2.25,0.57,1.12,0.38,0.29,1.3
67533c6e7a2ac5f7e09aecd0,c13042265355a290,Kwan Ho Kwak,"5' 5""",135 lbs.,,Switch,"Jun 18, 1989",9,2,0,3.29,0.41,3.45,0.47,0.78,1.0,0.26,0.0
67533c6e7a2ac5f7e09aecd1,b57edace7b647f07,Matt Hobar,"5' 10""",135 lbs.,"70""",Southpaw,"Jan 07, 1987",9,3,0,3.23,0.42,4.27,0.52,3.66,0.44,0.5,0.0
67533c6e7a2ac5f7e09aecd2,8332a607df696345,Yuji Hisamatsu,"5' 10""",185 lbs.,,,"Sep 18, 1971",16,22,6,0.0,0.0,0.0,0.0,0.0,0.0,0.0,0.0
67533c6e7a2ac5f7e09aecd3,6c9384138c82962f,An Tuan Ho,"5' 6""",125 lbs.,"66""",Switch,"Sep 27, 2000",6,1,0,4.14,0.37,4.97,0.33,0.0,0.0,0.0,0.0
67533c6e7a2ac5f7e09aecd4,483b3170b3c05cf0,Alan Hiro,"5' 5""",135 lbs.,,Orthodox,"Apr 04, 1986",14,5,4,0.0,0.0,0.0,0.0,0.0,0.0,0.0,0.0
67533c6e7a2ac5f7e09aecd5,ef7fa30364cbe7f2,Hatsu Hioki,"5' 11""",145 lbs.,"73""",Orthodox,"Jul 18, 1983",29,10,2,2.42,0.42,2.12,0.65,2.55,0.56,0.54,0.6
67533c6e7a2ac5f7e09aecd6,9d4522df6fc49a47,Kuniyoshi Hironaka,"5' 10""",168 lbs.,"70""",Orthodox,"Jun 17, 1976",23,9,0,1.98,0.4,3.01,0.54,1.91,0.3,0.25,0.6
67533c6e7a2ac5f7e09aecd7,bc7efc037c5f6550,Kailan Hill,"6' 1""",185 lbs.,"77""",Southpaw,"Dec 01, 1994",4,1,0,2.6,0.53,4.8,0.37,3.0,0.42,0.0,0.0
67533c6e7a2ac5f7e09aecd8,35faad160d346839,Mizuto Hirota,"5' 7""",155 lbs.,"67""",Orthodox,"May 05, 1981",18,10,2,3.36,0.4,3.5,0.54,1.36,0.5,0.58,0.1
67533c6e7a2ac5f7e09aecd9,5444c5a201d3ee5a,Jamahal Hill,"6' 4""",205 lbs.,"79""",Southpaw,"May 19, 1991",12,2,0,7.18,0.54,3.51,0.46,0.0,0.0,0.73,0.0
67533c6e7a2ac5f7e09aecda,86b30a86664cb6e4,Isaiah Hill,"5' 10""",155 lbs.,,,,5,7,1,4.84,0.5,0.97,0.8,0.0,0.0,0.66,14.5
67533c6e7a2ac5f7e09aecdb,006efbb0c1621fd7,Tyler Hill,"6' 3""",170 lbs.,,Switch,"Aug 10, 1991",8,2,0,3.64,0.39,5.33,0.47,0.0,0.0,0.0,0.0
67533c6e7a2ac5f7e09aecdc,abbc737317f66b81,Corey Hill,"6' 4""",155 lbs.,"80""",Orthodox,"Oct 03, 1978",6,9,0,3.57,0.46,1.61,0.7,3.02,0.8,1.0,0.0
67533c6e7a2ac5f7e09aecdd,2af2d675f7d847e3,Alex Higley,"5' 10""",145 lbs.,,,,4,3,0,0.29,1.0,1.74,0.6,0.0,0.0,0.0,0.0
67533c6e7a2ac5f7e09aecdf,f0feeb2192937424,Angela Hill,"5' 3""",115 lbs.,"64""",Orthodox,"Jan 12, 1985",17,14,0,5.46,0.49,4.93,0.61,0.76,0.32,0.74,0.1
67533c6e7a2ac5f7e09aece0,318e629d1eb7aa49,Richie Hightower,"5' 8""",170 lbs.,,Orthodox,"Nov 26, 1974",8,4,0,4.62,0.35,6.92,0.21,3.46,1.0,1.0,0.0
67533c6e7a2ac5f7e09aece1,e5d03e4d966126bd,Jason High,"5' 8""",155 lbs.,"73""",Southpaw,"Oct 12, 1981",21,6,0,1.28,0.42,1.56,0.48,2.36,0.63,0.37,2.8
67533c6e7a2ac5f7e09aece2,7af33fc4435017f1,Brady Hiestand,"5' 8""",135 lbs.,"71""",Orthodox,"Apr 30, 1999",9,2,0,2.7,0.5,3.75,0.51,4.8,0.46,0.42,1.1
67533c6e7a2ac5f7e09aece3,5bb0a618ad03ac64,Jay Hieron,"6' 0""",170 lbs.,"75""",Orthodox,"Jul 29, 1976",23,7,0,1.66,0.32,1.89,0.61,4.05,0.6,0.66,1.0
67533c6e7a2ac5f7e09aece4,fdb02029556ff4ed,Conor Heun,"5' 10""",155 lbs.,,Orthodox,"Feb 11, 1979",9,5,0,2.92,0.36,3.66,0.54,2.45,0.31,0.33,0.3
67533c6e7a2ac5f7e09aece5,e69c5ce12f4e762b,Marcus Hicks,"5' 6""",155 lbs.,"64""",Southpaw,"Nov 25, 1975",10,4,0,1.42,0.43,3.06,0.61,2.7,0.53,0.25,4.0
67533c6e7a2ac5f7e09aece6,13150cf89a5b81e0,Brandon Hester,"6' 1""",205 lbs.,,,,3,0,0,3.53,0.53,0.4,0.68,4.0,0.8,0.0,0.0
67533c6e7a2ac5f7e09aece7,32a3025d5db456ae,Jon Hess,"6' 7""",295 lbs.,,,,1,1,0,0.0,0.0,0.0,0.0,0.0,0.0,0.0,0.0
67533c6e7a2ac5f7e09aece9,893d51aaf024eddd,Jimy Hettes,"5' 9""",145 lbs.,"71""",Southpaw,"Jun 09, 1987",11,3,0,3.47,0.57,3.5,0.57,5.2,0.44,0.61,1.4
67533c6e7a2ac5f7e09aece8,b6850671a008bf9a,Felice Herrig,"5' 4""",115 lbs.,"65""",Orthodox,"Sep 18, 1984",14,10,0,3.84,0.37,5.19,0.48,1.08,0.28,0.75,0.8
67533c6e7a2ac5f7e09aecbc,df1eb4354d18a906,Scott Holtzman,"5' 9""",155 lbs.,"69""",Orthodox,"Sep 30, 1983",14,6,0,4.32,0.47,3.66,0.55,1.88,0.56,0.67,0.2
67533c6e7a2ac5f7e09aecbe,6070f16bcfd89fcf,Ben Holscher,"5' 11""",155 lbs.,,,,4,0,0,0.0,0.0,0.0,0.0,0.0,0.0,0.0,0.0
67533c6e7a2ac5f7e09aecec,f71028a6e5128856,Chris Herrera,"5' 10""",185 lbs.,,,,3,2,1,2.04,0.37,3.35,0.48,1.8,1.0,1.0,0.0
67533c6e7a2ac5f7e09aeced,c169545ab0825f44,Geane Herrera,"5' 5""",125 lbs.,"66""",Orthodox,"May 27, 1990",9,3,0,1.51,0.31,5.07,0.52,0.83,0.37,0.38,0.6
67533c6e7a2ac5f7e09aecee,7450525c7ba032a0,Heath Herring,"6' 4""",250 lbs.,"78""",Orthodox,"Mar 02, 1978",28,16,0,2.37,0.5,1.77,0.54,1.22,0.5,0.32,0.7
67533c6e7a2ac5f7e09aecef,440c9dbab63528fb,Paul Herrera,"5' 10""",185 lbs.,,Orthodox,,1,1,0,0.0,0.0,0.0,0.0,0.0,0.0,0.0,0.0
67533c6e7a2ac5f7e09aecf0,798e48f9e7f6ba22,Carlos Hernandez,"5' 8""",125 lbs.,"67""",Orthodox,"Oct 25, 1993",10,4,0,3.9,0.45,3.43,0.5,1.6,0.21,0.67,0.2
67533c6e7a2ac5f7e09aecf1,093e1f5bb73850be,Anthony Hernandez,"6' 0""",185 lbs.,"75""",Orthodox,"Oct 18, 1993",13,2,0,4.9,0.63,2.88,0.46,6.64,0.44,0.65,2.3
67533c6e7a2ac5f7e09aecf2,fc8610cc15674ae2,Leslie Hernandez,"5' 3""",115 lbs.,"64""",Orthodox,"Dec 29, 1997",4,2,0,3.6,0.58,2.53,0.55,0.0,0.0,0.54,0.0
67533c6e7a2ac5f7e09aecf4,915c8d39d4a0e7d1,Ramiro Hernandez,"5' 9""",135 lbs.,,Orthodox,"Jul 22, 1986",19,9,0,2.72,0.28,5.51,0.64,0.0,0.0,0.0,0.0
67533c6e7a2ac5f7e09aecf3,f97c5433c77522d3,Nohelin Hernandez,"5' 10""",135 lbs.,"71""",Orthodox,"Mar 01, 1994",9,4,0,1.32,0.34,2.63,0.52,0.71,0.5,0.37,0.0
67533c6e7a2ac5f7e09aecf6,262a7d06203657e6,Alexander Hernandez,"5' 9""",155 lbs.,"72""",Orthodox,"Oct 01, 1992",15,8,0,4.43,0.41,4.61,0.57,0.95,0.29,0.71,0.1
67533c6e7a2ac5f7e09aecf8,cbd6f1abf955e628,Dave Herman,"6' 4""",242 lbs.,"77""",Orthodox,"Oct 03, 1984",22,6,0,4.98,0.6,3.78,0.48,1.49,1.0,0.58,0.0
67533c6e7a2ac5f7e09aecf9,0a1942069c9ad6b6,Jack Hermansson,"6' 1""",185 lbs.,"77""",Orthodox,"Jun 10, 1988",24,8,0,5.09,0.44,3.69,0.56,1.53,0.3,0.8,0.4
67533c6e7a2ac5f7e09aecfa,e1acbb6352ca3551,TJ Hepburn,"5' 7""",155 lbs.,,,,4,2,0,0.73,0.37,0.13,0.81,2.0,0.4,0.6,0.0
67533c6e7a2ac5f7e09aecfb,4c88a1db5a46c6a4,Jai Herbert,"6' 1""",155 lbs.,"77""",Orthodox,"May 13, 1988",13,5,1,3.16,0.42,3.37,0.52,0.5,0.23,0.59,0.0
67533c6e7a2ac5f7e09aecfc,eb8d8c2a95cfccb8,Victor Henry,"5' 7""",135 lbs.,"68""",Switch,"May 04, 1987",24,7,0,7.66,0.53,5.48,0.47,0.84,0.36,0.84,0.4
67533c6e7a2ac5f7e09aecfe,1649770c649db6a5,Diego Henrique da Silva,"6' 2""",185 lbs.,,Orthodox,"Aug 22, 1986",8,4,0,2.53,0.57,3.27,0.3,0.0,0.0,0.63,0.0
67533c6e7a2ac5f7e09aecff,06f36cf4bd97ec77,Ed Herman,"6' 1""",205 lbs.,"77""",Orthodox,"Oct 02, 1980",27,16,0,3.31,0.48,3.71,0.42,1.96,0.47,0.59,1.0
67533c6e7a2ac5f7e09aecfd,f7d73e452b064bf2,Danny Henry,"6' 0""",145 lbs.,"73""",Orthodox,"Jul 17, 1988",12,4,0,5.2,0.51,4.16,0.45,0.74,0.33,0.5,2.2
67533c6e7a2ac5f7e09aed00,20a0e4cc5227c117,Jose Henrique,"6' 3""",170 lbs.,"79""",Orthodox,"May 23, 2002",5,1,0,3.45,0.43,5.79,0.38,0.0,0.0,0.0,0.0
67533c6e7a2ac5f7e09aed02,7649c4c95b824488,Josh Hendricks,"6' 2""",235 lbs.,,Southpaw,"Aug 28, 1976",19,11,0,0.98,0.2,11.8,0.29,0.0,0.0,0.0,0.0
67533c6e7a2ac5f7e09aed01,e5bda12faabfc850,Luis Henrique,"6' 2""",243 lbs.,"74""",Orthodox,"Aug 21, 1993",10,5,0,1.81,0.43,2.22,0.47,3.09,0.36,0.5,1.0
67533c6e7a2ac5f7e09aed03,9ab9912e0f8fa6d6,Cory Hendricks,"6' 3""",205 lbs.,,Switch,"May 10, 1988",3,1,0,3.13,0.39,4.07,0.42,0.0,0.0,1.0,0.0
67533c6e7a2ac5f7e09aed04,498f0d066396ec59,Ron Henderson,"5' 10""",125 lbs.,,,,4,3,0,2.53,0.25,3.6,0.48,1.0,0.2,0.0,0.0
67533c6e7a2ac5f7e09aed05,0971be7d94e109e1,Elisha Helsper,"5' 6""",135 lbs.,,Orthodox,"Feb 06, 1983",0,4,0,0.0,0.0,0.0,0.0,0.0,0.0,0.0,0.0
67533c6e7a2ac5f7e09aed06,0941df56f6ac954b,Johny Hendricks,"5' 9""",185 lbs.,"69""",Southpaw,"Sep 12, 1983",18,8,0,3.49,0.45,3.99,0.53,3.83,0.46,0.63,0.3
67533c6e7a2ac5f7e09aed0a,bf43fed8f29e1671,Marcin Held,"5' 9""",155 lbs.,"71""",Orthodox,"Jan 18, 1992",23,7,0,1.41,0.34,2.02,0.47,2.46,0.46,0.37,1.3
67533c6e7a2ac5f7e09aed07,2676b28836a5a836,Benson Henderson,"5' 9""",170 lbs.,"70""",Southpaw,"Nov 16, 1983",24,7,0,2.93,0.45,1.79,0.63,2.4,0.45,0.63,0.8
67533c6e7a2ac5f7e09aed09,970beed85bc46b63,Delson Heleno,"5' 11""",185 lbs.,,Orthodox,"Nov 16, 1977",29,10,0,0.69,0.75,4.83,0.19,0.0,0.0,0.0,0.0
67533c6e7a2ac5f7e09aed0b,1ccf4e7caff270df,Dan Henderson,"5' 11""",185 lbs.,"74""",Orthodox,"Aug 24, 1970",32,15,0,2.44,0.47,2.7,0.51,1.52,0.52,0.57,0.3
67533c6e7a2ac5f7e09aed0c,2e585c701f72fe55,Ian Heinisch,"5' 11""",185 lbs.,"72""",Orthodox,"Aug 05, 1988",14,5,0,3.25,0.5,2.98,0.59,1.02,0.17,0.59,0.7
67533c6e7a2ac5f7e09aed0d,e57fdbea1b828202,Jake Hecht,"6' 0""",170 lbs.,"73""",Orthodox,"Feb 09, 1984",11,4,0,3.26,0.47,2.76,0.56,2.04,0.37,0.4,0.0
67533c6e7a2ac5f7e09aed0e,2816ced060a21be3,Nick Hein,"5' 6""",155 lbs.,"66""",Southpaw,"Apr 24, 1984",14,5,0,2.65,0.35,3.61,0.59,0.86,0.33,0.83,0.0
67533c6e7a2ac5f7e09aed0f,4f95f74620a6b7a4,David Heath,"5' 11""",205 lbs.,"72""",Orthodox,"Feb 10, 1976",18,7,0,1.48,0.3,5.16,0.49,0.33,0.5,0.57,1.0
67533c6e7a2ac5f7e09aed10,bad8be5827ea1bf1,Chris Heatherly,"5' 9""",155 lbs.,,Orthodox,"Nov 24, 1987",9,4,0,1.08,0.45,2.67,0.52,3.39,0.5,1.0,0.7
67533c6e7a2ac5f7e09aed11,d85cf12439945941,Spencer Hearns,"5' 11""",185 lbs.,,,,1,0,0,0.0,0.0,0.0,0.0,0.0,0.0,0.0,0.0
67533c6e7a2ac5f7e09aed12,f3eb664db7fb1df3,Ryan Healy,"6' 1""",155 lbs.,,Orthodox,"Jul 20, 1983",25,14,1,1.67,0.35,3.0,0.38,3.0,0.5,0.4,1.0
67533c6e7a2ac5f7e09aed14,19a8cce18a1cef9e,James Head,"6' 1""",170 lbs.,"73""",Orthodox,"Feb 09, 1984",9,4,0,2.75,0.48,3.11,0.49,0.41,1.0,0.66,0.8
67533c6e7a2ac5f7e09aed13,50d2f0018bcf9eef,Pat Healy,"6' 0""",155 lbs.,"72""",Orthodox,"Jul 20, 1983",34,23,0,2.57,0.36,2.57,0.5,3.08,0.37,0.55,1.1
67533c6e7a2ac5f7e09aed17,a149d6bc670cdb60,Dustin Hazelett,"6' 1""",170 lbs.,"76""",Orthodox,"Apr 29, 1986",12,7,0,2.24,0.4,3.51,0.46,0.55,0.5,0.25,4.1
67533c6e7a2ac5f7e09aed18,6ef58dabef8beb15,Josh Haynes,"5' 9""",170 lbs.,,Orthodox,"Jul 30, 1977",14,11,0,1.25,0.22,4.03,0.52,0.94,0.18,0.42,0.0
67533c6e7a2ac5f7e09aed19,0cfbbfa0ba6d9855,Mike Hayes,"6' 4""",230 lbs.,,Orthodox,,20,12,2,4.87,0.55,1.47,0.77,0.0,0.0,0.75,4.0
67533c6e7a2ac5f7e09aed1a,0871254cd790c250,Tommy Hayden,"5' 9""",145 lbs.,,Southpaw,"Mar 11, 1986",11,3,0,1.48,0.27,2.05,0.55,3.42,0.33,0.66,0.0
67533c6e7a2ac5f7e09aed1b,885e7f70dcac0007,Del Hawkins,"5' 5""",135 lbs.,,Orthodox,,22,17,0,1.15,0.27,2.01,0.46,0.0,0.0,0.0,0.0
67533c6e7a2ac5f7e09aed1c,9460c867aae1987e,Chris Hawk,"6' 1""",205 lbs.,,,,5,10,0,0.0,0.0,0.0,0.0,0.0,0.0,0.0,0.0
67533c6e7a2ac5f7e09aed1f,c76ceda100ac0fad,Daiki Hata,"5' 6""",139 lbs.,,Orthodox,"Aug 24, 1982",17,11,7,1.44,0.39,1.42,0.55,0.67,1.0,0.35,0.7
67533c6e7a2ac5f7e09aed1d,547afe1017e72dbe,Phil Hawes,"6' 0""",185 lbs.,"77""",Orthodox,"Jan 08, 1989",12,6,0,5.33,0.59,3.72,0.55,2.11,0.34,0.9,0.2
67533c6e7a2ac5f7e09aed1e,5c7fc58e782b6842,Justin Hawes,"5' 11""",205 lbs.,,,"Jan 13, 1979",6,9,0,0.0,0.0,3.41,0.37,0.0,0.0,0.0,0.0
67533c6e7a2ac5f7e09aed20,28f3c2258a1d8874,John Hathaway,"6' 1""",170 lbs.,"75""",Orthodox,"Jul 23, 1987",17,2,0,3.4,0.4,1.8,0.62,2.61,0.43,0.6,0.9
67533c6e7a2ac5f7e09aed21,bf7a64d9ae343e86,Ahmad Hassanzada,"6' 1""",155 lbs.,"75""",Orthodox,"Nov 20, 1996",12,3,0,3.16,0.39,4.42,0.38,2.43,0.19,0.0,1.2
67533c6e7a2ac5f7e09aecea,74d35fbc9c6a61bd,Alvaro Herrera Mendoza,"6' 0""",155 lbs.,"74""",Orthodox,"May 14, 1990",9,6,0,1.89,0.38,3.4,0.55,0.0,0.0,0.33,1.1
67533c6e7a2ac5f7e09aed23,77940e45bc86208e,Justin Haskins,"5' 10""",170 lbs.,,Orthodox,"Aug 30, 1979",7,6,0,1.51,0.33,2.65,0.54,1.62,0.4,0.52,0.8
67533c6e7a2ac5f7e09aed24,a890f9a791ed615d,Tomohiko Hashimoto,"6' 0""",250 lbs.,,Orthodox,,1,4,0,0.0,0.0,11.67,0.3,0.0,0.0,0.0,0.0
67533c6e7a2ac5f7e09aed25,ae4343d29c68e9d0,Takayo Hashi,"5' 4""",135 lbs.,,Orthodox,"Oct 02, 1977",15,6,1,2.84,0.26,6.56,0.61,0.0,0.0,0.0,0.0
67533c6e7a2ac5f7e09aed26,83a477a7dba1ca58,Clay Harvison,"6' 1""",170 lbs.,"74""",Orthodox,"Sep 25, 1980",13,6,0,3.29,0.48,3.91,0.58,0.66,1.0,0.68,1.3
67533c6e7a2ac5f7e09aeceb,92b62174c175ce19,Clint Hester,"6' 2""",205 lbs.,"77""",Orthodox,"Nov 21, 1986",11,6,0,3.36,0.42,3.44,0.56,1.02,0.35,0.6,0.0
67533c6e7a2ac5f7e09aed28,2a2eeee20ef049cf,Hidehiko Hasegawa,"5' 9""",170 lbs.,,,"Jul 13, 1978",19,20,6,0.0,0.0,0.0,0.0,0.0,0.0,0.0,0.0
67533c6e7a2ac5f7e09aed2a,058e4e08a1ad8aba,Dale Hartt,"5' 10""",155 lbs.,"69""",Orthodox,"Apr 04, 1979",6,3,0,1.14,0.35,1.55,0.66,1.22,1.0,0.25,2.5
67533c6e7a2ac5f7e09aed2d,1af1170ed937cba7,Kayla Harrison,"5' 8""",135 lbs.,"66""",Southpaw,"Jul 02, 1990",18,1,0,4.87,0.64,1.19,0.64,2.75,0.3,1.0,0.7
67533c6e7a2ac5f7e09aed2c,16bf6a73bdd302cd,Collin Hart,"6' 1""",185 lbs.,,Orthodox,"Oct 12, 1989",6,3,1,6.33,0.44,7.53,0.51,2.0,0.16,0.5,0.0
67533c6e7a2ac5f7e09aed2b,6412da484125716b,Joey Hart,"6' 3""",170 lbs.,"79""",Orthodox,"Jun 24, 1997",6,2,0,4.53,0.34,4.53,0.45,0.0,0.0,0.4,0.0
67533c6e7a2ac5f7e09aed30,a53d30163304aa6e,Carlston Harris,"6' 0""",170 lbs.,"76""",Orthodox,"Jul 09, 1987",19,6,0,3.18,0.49,2.66,0.52,1.97,0.29,0.55,0.8
67533c6e7a2ac5f7e09aed2f,0e98b05d3cf6d271,Trevor Harris,"5' 6""",145 lbs.,,,,2,2,0,1.73,0.5,0.43,0.75,0.0,0.0,0.5,6.5
67533c6e7a2ac5f7e09aed33,30cd319d39ee689b,Gerry Harris,"6' 8""",270 lbs.,,Orthodox,,1,4,0,0.0,0.0,0.0,0.0,0.0,0.0,0.0,0.0
67533c6e7a2ac5f7e09aed31,ba043b03eb799063,Phil Harris,"5' 4""",125 lbs.,"65""",Orthodox,"Sep 04, 1983",22,12,0,2.34,0.26,3.16,0.68,1.76,0.21,0.6,0.0
67533c6e7a2ac5f7e09aed32,03f982ca3735070c,Walt Harris,"6' 5""",250 lbs.,"77""",Southpaw,"Jun 10, 1983",13,10,0,3.05,0.39,3.33,0.54,0.29,0.28,0.7,0.1
67533c6e7a2ac5f7e09aed35,c4b81cdecd5d6abe,Gerald Harris,"5' 11""",185 lbs.,"77""",Southpaw,"Nov 19, 1979",23,5,0,1.41,0.29,1.58,0.62,2.96,0.54,0.72,0.0
67533c6e7a2ac5f7e09aed34,e5864a42c80294f6,Josiah Harrell,"5' 7""",170 lbs.,"68""",Southpaw,"Nov 13, 1998",7,0,0,0.0,0.0,0.0,0.0,0.0,0.0,0.0,0.0
67533c6e7a2ac5f7e09aed39,85073dbd1be65ed9,Greg Hardy,"6' 5""",265 lbs.,"80""",Orthodox,"Jul 28, 1988",7,5,0,4.79,0.5,3.31,0.55,0.2,0.33,0.64,0.0
67533c6e7a2ac5f7e09aed37,14a433bccba87016,Scott Harper,"6' 0""",185 lbs.,,Orthodox,"Apr 14, 1972",12,7,0,1.3,0.54,4.98,0.47,3.25,1.0,0.0,0.0
67533c6e7a2ac5f7e09aed3a,4798e823ada58fe9,Veronica Hardy,"5' 4""",125 lbs.,"64""",Southpaw,"Oct 30, 1995",9,5,1,3.12,0.45,3.48,0.49,0.93,0.41,0.55,0.3
67533c6e7a2ac5f7e09aed3b,69b69c0178c4004d,Antoni Hardonk,"6' 4""",245 lbs.,"78""",Orthodox,"Feb 05, 1976",8,6,0,3.4,0.61,3.07,0.46,0.0,0.0,0.4,0.9
67533c6e7a2ac5f7e09aed3d,473ce3aa581251a2,Dan Hardy,"6' 0""",170 lbs.,"74""",Orthodox,"May 17, 1982",25,10,0,2.46,0.35,3.44,0.51,0.73,0.35,0.35,0.4
67533c6e7a2ac5f7e09aed3c,f55a6807b6bb853d,George Hardwick,"5' 10""",155 lbs.,"72""",Orthodox,"Dec 06, 1996",12,2,0,3.6,0.38,4.6,0.71,0.0,0.0,0.83,0.0
67533c6e7a2ac5f7e09aed3f,05b17ae24e6bba81,Shin Haraguchi,"5' 5""",145 lbs.,"68""",Switch,"Nov 27, 1998",8,2,0,2.02,0.63,1.84,0.43,12.32,0.51,0.0,0.0
67533c6e7a2ac5f7e09aed40,4100c7a09497ad41,Kay Hansen,"5' 2""",115 lbs.,"63""",Orthodox,"Aug 14, 1999",7,6,0,3.01,0.5,3.19,0.51,1.83,0.22,0.37,0.8
67533c6e7a2ac5f7e09aed41,b7b84ccd221be298,Nasrat Haqparast,"5' 10""",155 lbs.,"72""",Southpaw,"Aug 22, 1995",17,5,0,6.15,0.44,5.65,0.62,0.28,0.2,0.84,0.0
67533c6e7a2ac5f7e09aed43,86e388ed20761ad9,Joachim Hansen,"5' 7""",150 lbs.,,Southpaw,"May 26, 1979",23,14,1,2.01,0.43,2.04,0.58,2.21,0.58,0.34,1.9
67533c6e7a2ac5f7e09aed44,98533a2738124a0d,Chad Hanekom,"6' 4""",185 lbs.,"74""",Orthodox,"Apr 20, 1990",9,3,0,0.73,0.47,1.47,0.33,0.0,0.0,0.71,1.0
67533c6e7a2ac5f7e09aed45,1f77fce698e80488,James Hammortree,"6' 3""",185 lbs.,,Orthodox,"Nov 29, 1983",6,3,0,1.93,0.3,4.13,0.44,2.0,0.5,1.0,1.0
67533c6e7a2ac5f7e09aed46,23459ee7e373b98f,Jared Hamman,"6' 3""",185 lbs.,"75""",Orthodox,"Mar 07, 1982",14,6,0,5.15,0.42,3.93,0.55,1.57,0.46,0.3,0.0
67533c6e7a2ac5f7e09aed47,7da5839b223f3728,CJ Hamilton,"5' 7""",125 lbs.,"68""",Switch,"Oct 07, 1986",11,4,0,2.47,0.31,3.93,0.58,0.0,0.0,0.62,0.0
67533c6e7a2ac5f7e09aed4a,a59017211b775b5d,Rami Hamed,"6' 1""",170 lbs.,"71""",Orthodox,"Apr 25, 1991",13,3,0,3.87,0.51,3.4,0.5,0.0,0.0,0.5,0.0
67533c6e7a2ac5f7e09aed49,c727c7d31c50c4cf,Anthony Hamilton,"6' 5""",260 lbs.,"76""",Orthodox,"Apr 14, 1980",15,9,0,3.91,0.65,3.02,0.45,2.62,0.42,0.78,0.0
67533c6e7a2ac5f7e09aed4c,1b4d6971bb18b82c,Kazuhiro Hamanaka,"6' 0""",185 lbs.,,Southpaw,"Oct 24, 1978",5,7,1,1.7,0.37,0.91,0.6,0.0,0.0,0.5,0.0
67533c6e7a2ac5f7e09aed4d,98b80a717b9bda17,Matt Hamill,"6' 1""",205 lbs.,"76""",Orthodox,"Oct 05, 1976",12,8,0,3.69,0.42,3.8,0.61,3.0,0.34,0.91,0.0
67533c6e7a2ac5f7e09aed4e,165c244bcca3ed26,Seo Hee Ham,"5' 2""",115 lbs.,"62""",Southpaw,"Mar 08, 1987",17,8,0,4.2,0.39,5.15,0.61,0.0,0.0,0.66,0.2
67533c6e7a2ac5f7e09aed4f,88c8f47241d90040,John Halverson,"5' 9""",155 lbs.,,Southpaw,"Sep 08, 1972",16,8,0,2.94,0.43,5.29,0.47,0.0,0.0,0.66,2.0
67533c6e7a2ac5f7e09aed50,e763679f15326ae1,Brandon Halsey,"6' 0""",185 lbs.,,,"Sep 16, 1986",9,3,0,1.74,0.47,0.87,0.65,4.98,0.53,1.0,1.2
67533c6e7a2ac5f7e09aed51,a3be148af5c7b088,Piotr Hallmann,"5' 9""",155 lbs.,"71""",Orthodox,"Aug 25, 1987",18,6,0,3.98,0.45,3.17,0.58,2.55,0.44,0.7,0.4
67533c6e7a2ac5f7e09aed52,bad28b7b34f334de,Tony Halme,"6' 3""",300 lbs.,,Orthodox,"Jan 06, 1963",0,4,0,0.0,0.0,0.0,0.0,0.0,0.0,0.0,0.0
67533c6e7a2ac5f7e09aed53,8a8a84b743ae7699,Dennis Hallman,"5' 9""",155 lbs.,"72""",Orthodox,"Dec 02, 1975",53,20,2,1.12,0.44,1.96,0.43,1.79,0.3,0.25,2.1
67533c6e7a2ac5f7e09aed54,8866c6f509c19089,Ryan Hall,"5' 10""",145 lbs.,"70""",Southpaw,"Feb 22, 1985",9,2,0,2.38,0.5,1.33,0.65,0.22,0.09,0.0,2.2
67533c6e7a2ac5f7e09aed55,65578a75fa7900e3,Uriah Hall,"6' 0""",185 lbs.,"79""",Orthodox,"Jul 31, 1984",18,11,0,3.23,0.48,3.85,0.54,0.54,0.38,0.64,0.1
67533c6e7a2ac5f7e09aed57,18524b46c570730b,Mark Hall,"6' 0""",190 lbs.,,Orthodox,,5,6,0,0.0,0.0,0.0,0.0,0.0,0.0,0.0,0.0
67533c6e7a2ac5f7e09aed56,439d4bbefd4e6940,Kevin Haley,"6' 2""",205 lbs.,,,,6,4,0,0.87,0.59,0.87,0.64,3.0,1.0,0.0,2.0
67533c6e7a2ac5f7e09aed59,4955c524c2a71469,Yazan Hajeh,"5' 9""",145 lbs.,,Orthodox,"Sep 04, 1992",6,1,0,1.54,0.25,17.44,0.44,0.0,0.0,1.0,0.0
67533c6e7a2ac5f7e09aed5a,219a254e15d60135,Tim Hague,"6' 4""",260 lbs.,"76""",Orthodox,"May 09, 1983",21,13,0,2.79,0.47,4.14,0.46,1.72,0.33,0.85,0.9
67533c6e7a2ac5f7e09aed5b,f4d92416da98804b,Bassil Hafez,"5' 11""",170 lbs.,"72""",Orthodox,"Jan 31, 1992",9,4,1,3.71,0.38,5.68,0.41,2.21,0.24,0.5,0.0
67533c6e7a2ac5f7e09aed5c,99793cf88c5adeee,Steve Hadsel,"5' 8""",170 lbs.,,,,3,0,0,0.0,0.0,0.0,0.0,0.0,0.0,0.0,0.0
67533c6e7a2ac5f7e09aed5d,38c626ca912c7bac,Damir Hadzovic,"5' 9""",155 lbs.,"70""",Orthodox,"Aug 08, 1986",14,7,0,3.36,0.48,3.26,0.62,0.78,0.55,0.34,0.2
67533c6e7a2ac5f7e09aed5e,60a42bf82447c919,Jake Hadley,"5' 7""",135 lbs.,"70""",Southpaw,"Aug 03, 1996",11,4,0,3.8,0.43,4.16,0.61,0.33,0.11,0.54,1.1
67533c6e7a2ac5f7e09aed5f,8e6654e9f0461b8f,Cody Haddon,"5' 7""",135 lbs.,"69""",Orthodox,"Sep 08, 1998",8,1,0,9.2,0.51,3.47,0.64,2.48,0.37,0.83,0.8
67533c6e7a2ac5f7e09aed60,bf12aca029bfcc47,Keith Hackney,"5' 11""",200 lbs.,,Sideways,,2,2,0,0.0,0.0,0.0,0.0,0.0,0.0,0.0,0.0
67533c6e7a2ac5f7e09aed61,edbc609a3b0d2aba,Lisa Kyriacou,"5' 5""",125 lbs.,"64""",Orthodox,"Nov 17, 1993",7,2,0,4.67,0.41,4.4,0.47,0.0,0.0,0.33,0.0
67533c6e7a2ac5f7e09aed62,849d15ed7e3a0e97,Jarrod Kwitty,"5' 8""",185 lbs.,,,,2,2,0,0.53,0.5,4.4,0.32,8.0,0.5,0.0,2.0
67533c6e7a2ac5f7e09aed63,56b8b24f65f9f057,Mike Kyle,"6' 4""",205 lbs.,"77""",Orthodox,"Mar 31, 1980",22,14,1,3.93,0.51,3.35,0.49,1.33,0.62,0.5,0.8
67533c6e7a2ac5f7e09aed64,2545c7f47a65bca3,Kaleo Kwan,"5' 7""",155 lbs.,,,"Aug 01, 1970",11,16,0,0.0,0.0,0.0,0.0,0.0,0.0,0.0,0.0
67533c6e7a2ac5f7e09aed65,aeb2bcd4371f40d5,Vadym Kutsyi,"6' 0""",170 lbs.,"71""",Orthodox,"Jul 18, 1991",17,2,0,5.53,0.48,4.94,0.55,3.53,0.4,0.0,0.0
67533c6e7a2ac5f7e09aed66,843dd76c50cae0f6,Lina Kvokov,"5' 9""",135 lbs.,,Orthodox,,0,3,0,2.31,0.3,12.12,0.19,0.0,0.0,0.0,0.0
67533c6e7a2ac5f7e09aed67,7772b283d288dbe2,Guram Kutateladze,"5' 11""",155 lbs.,"72""",Orthodox,"Jan 08, 1992",13,4,0,3.95,0.45,3.95,0.57,0.77,0.2,0.79,0.0
67533c6e7a2ac5f7e09aed69,4c78fc005a53831d,Eldari Kurtanidze,"5' 6""",235 lbs.,,Orthodox,"Apr 16, 1972",0,1,0,0.47,0.2,3.72,0.6,0.0,0.0,0.0,0.0
67533c6e7a2ac5f7e09aed6a,032b65d5fff611b2,Tsuyoshi Kurihara,"5' 10""",185 lbs.,,Orthodox,"Jul 13, 1973",10,8,2,0.0,0.0,12.0,0.5,0.0,0.0,0.0,0.0
67533c6e7a2ac5f7e09aed22,cf615eb4b7862c76,Hayder Hassan,"5' 10""",170 lbs.,,,"Oct 20, 1982",6,3,0,2.11,0.46,3.16,0.48,0.0,0.0,0.25,0.0
67533c6e7a2ac5f7e09aed27,5bd533d50c8e7b8a,Chris Haseman,"5' 11""",205 lbs.,,Orthodox,"Jun 02, 1969",20,17,0,0.93,0.7,4.67,0.28,0.0,0.0,0.4,2.0
67533c6e7a2ac5f7e09aed6d,780a2897055e3ee3,Korey Kuppe,"6' 5""",170 lbs.,"77""",Switch,"Jan 23, 1989",8,4,0,0.73,0.73,1.33,0.31,0.0,0.0,0.69,1.0
67533c6e7a2ac5f7e09aed6e,739fd4fbb5d862f4,Rizvan Kuniev,"6' 4""",240 lbs.,"76""",Orthodox,"Oct 03, 1992",12,2,1,5.82,0.72,1.25,0.55,2.82,0.75,1.0,0.0
67533c6e7a2ac5f7e09aed6f,e2ccd9a9ace60de7,Aleksei Kunchenko,"5' 8""",170 lbs.,"70""",Orthodox,"May 02, 1984",20,2,0,3.67,0.44,2.83,0.63,0.25,0.33,0.8,0.0
67533c6e7a2ac5f7e09aed70,782a2a17d3e38fdf,Keigo Kunihara,"6' 0""",235 lbs.,,Orthodox,,3,2,0,0.17,0.1,1.99,0.57,4.97,0.4,1.0,2.5
67533c6e7a2ac5f7e09aed71,71df36d6d8cf0d74,Kiichi Kunimoto,"5' 10""",170 lbs.,"71""",Orthodox,"May 01, 1981",18,7,2,1.87,0.44,3.92,0.41,1.59,0.2,0.28,0.3
67533c6e7a2ac5f7e09aed72,a0a625221e0dd339,Sumit Kumar,"5' 5""",125 lbs.,"66""",Orthodox,"Sep 09, 2000",8,1,0,2.8,0.24,4.67,0.46,6.0,0.3,0.6,0.0
67533c6e7a2ac5f7e09aed74,706f8e2b34e8e18b,Anton Kuivanen,"5' 8""",155 lbs.,"72""",Orthodox,"May 01, 1984",24,10,0,2.27,0.38,1.63,0.67,1.2,1.0,0.71,0.4
67533c6e7a2ac5f7e09aed77,b7f38813485745da,Michael Kuiper,"6' 0""",185 lbs.,"73""",Orthodox,"Jun 07, 1989",15,5,0,3.28,0.54,3.62,0.54,2.3,0.55,0.79,0.0
67533c6e7a2ac5f7e09aed78,ab16537dd1e5e81d,Mariusz Ksiazkiewicz,"6' 3""",185 lbs.,"75""",Southpaw,"Oct 04, 1989",8,1,0,0.93,0.45,3.4,0.39,4.0,1.0,0.0,2.0
67533c6e7a2ac5f7e09aed79,6071d786f6187810,Jorgen Kruth,"6' 2""",205 lbs.,,,"May 08, 1974",5,0,0,0.0,0.0,0.0,0.0,0.0,0.0,0.0,0.0
67533c6e7a2ac5f7e09aed7c,db05271715bb4874,Rene Kronvold,"5' 8""",170 lbs.,,Orthodox,,5,1,0,0.82,1.0,2.47,0.6,0.0,0.0,0.66,4.1
67533c6e7a2ac5f7e09aed7b,ca36633b80be4a78,Kaynan Kruschewsky,"6' 0""",155 lbs.,"73""",Orthodox,"Apr 04, 1991",15,3,0,5.67,0.5,5.71,0.46,2.74,1.0,0.75,2.1
67533c6e7a2ac5f7e09aed7a,1091d4d957141094,Nikita Krylov,"6' 3""",205 lbs.,"77""",Orthodox,"Mar 07, 1992",30,9,0,4.38,0.55,2.47,0.44,2.29,0.38,0.53,1.4
67533c6e7a2ac5f7e09aed7f,a01e84abefd85ec0,Pascal Krauss,"6' 1""",170 lbs.,,Orthodox,"Apr 19, 1987",11,2,0,5.45,0.47,3.88,0.59,1.53,0.5,0.6,0.9
67533c6e7a2ac5f7e09aed7e,714e1e0681ddb703,Derrick Krantz,"5' 10""",170 lbs.,"72""",Orthodox,"Jan 13, 1988",22,12,0,2.07,0.37,4.03,0.5,3.18,0.5,0.0,0.8
67533c6e7a2ac5f7e09aed80,8f6a18831a120817,James Krause,"6' 2""",170 lbs.,"73""",Orthodox,"Jun 04, 1986",28,9,0,4.79,0.49,4.11,0.61,0.96,0.18,0.59,0.9
67533c6e7a2ac5f7e09aed81,c6becb722706c7d8,Iouri Kotchkine,"6' 2""",235 lbs.,,Orthodox,,7,4,1,0.67,0.38,4.92,0.15,0.0,0.0,0.25,0.0
67533c6e7a2ac5f7e09aed82,8fbcd82bf7f352bf,Matt Kovacs,"6' 0""",244 lbs.,,Orthodox,,12,16,0,1.47,0.22,4.87,0.44,1.0,0.25,0.0,0.0
67533c6e7a2ac5f7e09aed84,d7c3816669784109,Karolina Kowalkiewicz,"5' 3""",115 lbs.,"64""",Orthodox,"Oct 15, 1985",16,9,0,5.54,0.43,5.51,0.57,0.31,0.22,0.74,0.2
67533c6e7a2ac5f7e09aed86,84512339473dd300,Steven Koslow,"5' 7""",125 lbs.,"69""",Switch,"Jan 22, 1997",6,1,0,0.77,0.37,3.73,0.4,5.28,0.55,0.0,1.1
67533c6e7a2ac5f7e09aed87,bc8f6b42767e28df,Naoyuki Kotani,"5' 8""",155 lbs.,"66""",Southpaw,"Dec 08, 1981",34,14,7,1.02,0.31,2.89,0.5,0.83,0.16,0.46,0.8
67533c6e7a2ac5f7e09aed88,aee885b8ca29ab4f,Andrey Koreshkov,"6' 0""",170 lbs.,,,"Aug 23, 1990",19,2,0,2.84,0.39,1.92,0.63,4.8,0.53,0.0,0.0
67533c6e7a2ac5f7e09aed89,dd37fd509af89f15,Josh Koscheck,"5' 10""",170 lbs.,"73""",Orthodox,"Nov 30, 1977",17,11,0,1.79,0.36,2.27,0.63,2.46,0.48,0.64,0.4
67533c6e7a2ac5f7e09aed8a,9d83f6da776ff7d6,Roman Kopylov,"6' 0""",185 lbs.,"75""",Southpaw,"May 04, 1991",13,3,0,4.33,0.54,4.06,0.58,1.2,0.53,0.87,0.0
67533c6e7a2ac5f7e09aed8b,dd39f1ca787a3d9d,Andrei Kopylov,"6' 2""",265 lbs.,,Orthodox,"Jul 16, 1965",6,11,0,0.33,0.66,4.31,0.4,0.0,0.0,0.0,0.0
67533c6e7a2ac5f7e09aed8c,6c011be66326ad97,Bruno Korea,"5' 6""",135 lbs.,"65""",,"Jun 28, 1991",7,3,0,2.12,0.34,3.96,0.42,0.0,0.0,0.25,0.0
67533c6e7a2ac5f7e09aed8d,a851c35f58199231,Syuri Kondo,"5' 4""",115 lbs.,"66""",Orthodox,"Feb 08, 1989",6,3,0,5.4,0.44,7.22,0.58,0.0,0.0,0.83,0.3
67533c6e7a2ac5f7e09aed8e,33de378ce1734638,Kaloyan Kolev,"6' 2""",205 lbs.,"73""",Orthodox,"Oct 17, 1992",10,1,0,1.12,0.45,4.49,0.42,10.11,0.6,0.0,0.0
67533c6e7a2ac5f7e09aed8f,1fe7adb23b3eedfb,Yuki Kondo,"5' 11""",183 lbs.,,Southpaw,"Jul 17, 1975",60,33,9,1.14,0.42,2.57,0.51,0.76,0.41,0.37,0.5
67533c6e7a2ac5f7e09aed90,1eacf73d6a0055dc,Cheick Kongo,"6' 4""",240 lbs.,"82""",Orthodox,"May 17, 1975",27,10,2,3.33,0.56,1.28,0.54,2.3,0.56,0.52,0.2
67533c6e7a2ac5f7e09aed91,b76ed59283d3559c,Tsuyoshi Kohsaka,"5' 11""",225 lbs.,,Orthodox,"Mar 06, 1970",27,19,2,1.88,0.38,4.41,0.54,1.32,0.2,0.33,0.4
67533c6e7a2ac5f7e09aed92,5717efc6f271cd52,Charlie Kohler,"5' 9""",155 lbs.,,Orthodox,"Jul 16, 1976",8,4,1,0.81,0.33,4.31,0.46,0.0,0.0,0.0,4.0
67533c6e7a2ac5f7e09aed93,44c233770075cea1,Shingo Kohara,"5' 6""",135 lbs.,,,,1,0,0,0.0,0.0,0.0,0.0,0.0,0.0,0.0,0.0
67533c6e7a2ac5f7e09aed94,6d8ef8706781c49e,Sokun Koh,"6' 1""",205 lbs.,,,,4,1,0,0.0,0.0,0.0,0.0,0.0,0.0,0.0,0.0
67533c6e7a2ac5f7e09aed95,13c4313ed0f744f3,Brad Kohler,"5' 9""",220 lbs.,,Orthodox,"May 26, 1964",12,15,0,0.0,0.0,0.0,0.0,0.0,0.0,0.0,0.0
67533c6e7a2ac5f7e09aed96,a02652d063ef5baa,Isao Kobayashi,"5' 8""",145 lbs.,,,"Oct 28, 1988",21,4,4,1.01,0.33,1.66,0.45,2.17,1.0,1.0,0.0
67533c6e7a2ac5f7e09aed97,c398235fcaf8d71d,Kelly Kobold,"5' 6""",135 lbs.,,Orthodox,"Feb 25, 1983",19,3,1,2.33,0.21,4.11,0.59,1.67,0.11,0.0,0.0
67533c6e7a2ac5f7e09aed98,99bd87a300079ed9,Erik Koch,"5' 10""",170 lbs.,"71""",Southpaw,"Oct 04, 1988",16,6,0,2.33,0.42,2.82,0.47,1.02,0.42,0.81,1.0
67533c6e7a2ac5f7e09aed99,4a07b1988477502c,Seokhyeon Ko,"5' 10""",170 lbs.,"71""",Southpaw,"Sep 24, 1993",11,2,0,3.6,0.51,3.33,0.57,2.0,0.33,0.5,0.0
67533c6e7a2ac5f7e09aed9a,971dba22c622af12,Josefine Knutsson,"5' 3""",115 lbs.,"60""",Orthodox,"Jan 16, 1996",8,0,0,4.87,0.51,2.07,0.57,2.0,0.72,0.57,0.0
67533c6e7a2ac5f7e09aed9b,bb1a2cdad6ff34db,Jason Knight,"5' 10""",145 lbs.,"71""",Orthodox,"Jul 14, 1992",20,5,0,2.95,0.33,3.02,0.51,1.31,0.31,0.47,1.7
67533c6e7a2ac5f7e09aed9c,1fac46d466abd5b8,Kevin Knabjian,"5' 10""",170 lbs.,,Orthodox,"Jul 05, 1984",12,7,1,0.0,0.0,15.56,0.22,0.0,0.0,1.0,0.0
67533c6e7a2ac5f7e09aed9d,5da33b8fbfa5ee95,William Knight,"5' 10""",205 lbs.,"73""",Orthodox,"Apr 03, 1988",11,5,0,2.62,0.56,3.3,0.35,1.78,0.4,0.48,0.4
67533c6e7a2ac5f7e09aed9e,02f0e04acf102ea9,Michael Knaap,"6' 2""",220 lbs.,,Orthodox,"Feb 27, 1984",18,22,3,0.0,0.0,0.0,0.0,0.0,0.0,0.0,0.0
67533c6e7a2ac5f7e09aed9f,8276f28f1ad087de,Felix Klinkhammer,"6' 0""",170 lbs.,,,,7,0,0,0.0,0.0,0.0,0.0,0.0,0.0,0.0,0.0
67533c6e7a2ac5f7e09aeda0,745fa7b605f8e2da,Fatima Kline,"5' 6""",115 lbs.,"67""",Orthodox,"Jul 12, 2000",6,1,0,2.6,0.48,2.67,0.55,1.0,1.0,0.33,0.0
67533c6e7a2ac5f7e09aeda1,7cbf7c78d3b34218,Drakkar Klose,"5' 9""",155 lbs.,"70""",Orthodox,"Mar 09, 1988",15,2,1,4.37,0.55,3.46,0.51,1.58,0.26,0.69,0.0
67533c6e7a2ac5f7e09aeda3,8ad022dd81224f61,Seth Kleinbeck,"6' 2""",185 lbs.,,,"Jul 25, 1973",8,4,0,2.55,0.33,2.42,0.4,0.98,0.25,0.9,0.0
67533c6e7a2ac5f7e09aeda4,7eaa5e31c2dd86aa,Nick Klein,"6' 1""",185 lbs.,"77""",Orthodox,"Sep 08, 1995",6,1,0,1.62,0.5,1.62,0.66,24.32,1.0,0.0,24.3
67533c6e7a2ac5f7e09aeda5,2719f300b0439039,Ho Bae Myeon,"5' 11""",168 lbs.,,Orthodox,,13,5,1,3.16,0.16,3.16,0.83,0.0,0.0,0.0,0.0
67533c6e7a2ac5f7e09aeda6,062e57ca1a3c95a8,Fiona Muxlow,"5' 4""",145 lbs.,,,"May 13, 1977",6,3,0,1.44,0.27,5.45,0.34,0.0,0.0,0.0,0.0
67533c6e7a2ac5f7e09aeda7,e065b4a42a6c2c79,Top Noi Kiwram,"5' 5""",125 lbs.,"67""",Southpaw,"Aug 15, 1992",9,5,0,4.47,0.59,3.23,0.66,2.72,0.85,0.74,0.0
67533c6e7a2ac5f7e09aeda8,f4c40f8a64d3151d,Max Mustaki,"6' 0""",155 lbs.,,Orthodox,"Nov 07, 1987",6,3,0,8.2,0.5,13.0,0.45,0.0,0.0,0.0,0.0
67533c6e7a2ac5f7e09aeda9,28c55b4087a6f136,Elvis Mutapcic,"6' 0""",185 lbs.,"72""",Orthodox,"Jul 19, 1986",15,6,1,3.41,0.4,4.27,0.38,0.0,0.0,0.81,0.0
67533c6e7a2ac5f7e09aedaa,31d7446b184e3305,Magomed Mustafaev,"5' 8""",155 lbs.,"71""",Orthodox,"Aug 02, 1988",14,4,0,2.59,0.58,2.68,0.41,3.31,0.5,0.23,0.4
67533c6e7a2ac5f7e09aedab,8b5f9ea38184ded3,Nicholas Musoke,"6' 0""",170 lbs.,"75""",Orthodox,"Apr 05, 1986",13,5,0,3.56,0.35,3.8,0.57,1.16,0.19,0.82,0.2
67533c6e7a2ac5f7e09aedac,d0d43cb9b14f231c,Andre Mussi,"6' 3""",242 lbs.,,Orthodox,,11,5,0,0.0,0.0,10.59,0.35,0.0,0.0,0.0,0.0
67533c6e7a2ac5f7e09aedae,5b86d491d63890c5,Ludovit Klein,"5' 7""",155 lbs.,"72""",Southpaw,"Feb 22, 1995",23,4,1,3.81,0.54,3.22,0.54,1.7,0.51,0.91,0.0
67533c6e7a2ac5f7e09aedad,723b64c0e9a8f348,Josias Musasa,"5' 8""",135 lbs.,"74""",Southpaw,"Oct 10, 1998",7,0,0,3.33,0.44,4.53,0.27,1.0,1.0,0.75,1.0
67533c6e7a2ac5f7e09aedaf,231cae8b77fbbcc1,Khalid Murtazaliev,"6' 0""",185 lbs.,"76""",Orthodox,"Jul 15, 1993",14,2,0,4.8,0.69,0.4,0.78,7.5,1.0,0.33,0.0
67533c6e7a2ac5f7e09aedb0,e90a2f22417af68e,Azamat Murzakanov,"5' 10""",205 lbs.,"71""",Southpaw,"Apr 12, 1989",14,0,0,4.72,0.56,2.9,0.61,0.62,0.15,0.83,0.0
67533c6e7a2ac5f7e09aedb1,d0147e906106cd2e,Jesse Murray,"6' 3""",205 lbs.,"78""",Orthodox,"Jan 26, 1993",8,4,0,2.38,0.28,7.72,0.43,0.0,0.0,0.0,0.0
67533c6e7a2ac5f7e09aedb2,32016899d0a222a3,Lee Murray,"6' 3""",185 lbs.,,Orthodox,"Sep 12, 1977",8,2,1,0.36,0.15,3.28,0.32,0.9,1.0,0.42,1.8
67533c6e7a2ac5f7e09aedb3,396fe87b84ac2e1c,Lerone Murphy,"5' 9""",145 lbs.,"73""",Orthodox,"Jul 22, 1991",15,0,1,4.8,0.54,2.67,0.6,1.78,0.54,0.48,0.6
67533c6e7a2ac5f7e09aedb4,eca7e064746c161a,Patrick Murphy,"6' 0""",170 lbs.,,,,5,3,0,3.4,0.66,0.8,0.42,0.0,0.0,0.5,1.0
67533c6e7a2ac5f7e09aedb5,729d4bd5a6cd0a97,Lauren Murphy,"5' 5""",125 lbs.,"67""",Orthodox,"Jul 27, 1983",16,6,0,4.05,0.39,5.25,0.55,1.03,0.25,0.69,0.1
67533c6e7a2ac5f7e09aedb6,62918a2118de08b2,Tom Murphy,"6' 2""",227 lbs.,,Southpaw,"Nov 19, 1974",8,0,0,2.5,0.71,0.17,0.84,7.51,0.85,0.0,2.5
67533c6e7a2ac5f7e09aedb7,de25520d54eab12d,Ian Murphy,"6' 1""",185 lbs.,,Orthodox,"Jun 14, 1985",1,1,0,0.0,0.0,1.93,0.3,4.13,1.0,0.0,0.0
67533c6e7a2ac5f7e09aedb8,4b90384d7c3519b8,Vince Murdock,"5' 6""",145 lbs.,"64""",Orthodox,"Mar 21, 1991",12,4,0,1.21,0.21,7.17,0.4,0.0,0.0,0.0,0.0
67533c6e7a2ac5f7e09aedb9,6f4d199c0adc06f5,Samandar Murodov,"6' 1""",170 lbs.,"75""",Orthodox,"Aug 28, 1999",11,0,0,1.5,0.75,0.5,0.44,6.01,0.66,0.0,1.5
67533c6e7a2ac5f7e09aedba,1b5c146ee7b86e34,Jon Murphy,"6' 3""",260 lbs.,,Orthodox,"Aug 09, 1977",6,4,0,3.93,0.66,8.85,0.43,0.0,0.0,0.0,0.0
67533c6e7a2ac5f7e09aedbb,2a6f8136da1e52c0,Koji Kitao,"6' 7""",350 lbs.,,Southpaw,"Oct 12, 1963",1,2,0,0.0,0.0,0.0,0.0,0.0,0.0,0.0,0.0
67533c6e7a2ac5f7e09aed6b,b6a73e6f11a8835c,Ramazan Kuramagomedov,"6' 1""",170 lbs.,"73""",Orthodox,"Aug 23, 1996",8,0,0,11.67,0.67,9.13,0.54,1.0,0.14,0.0,0.0
67533c6e7a2ac5f7e09aed6c,6905d45bd71b50a9,Leo Kuntz,"5' 10""",155 lbs.,,Orthodox,"Oct 03, 1983",18,4,1,1.68,0.32,3.8,0.45,1.99,0.25,0.33,0.7
67533c6e7a2ac5f7e09aedbe,c7d7fda69ec410d3,Kamuela Kirk,"5' 10""",155 lbs.,"75""",Switch,"Apr 13, 1994",12,6,0,3.22,0.5,5.87,0.4,1.5,0.26,0.47,1.2
67533c6e7a2ac5f7e09aedbf,b959e8c7fd8390d2,Kyle Kingsbury,"6' 4""",205 lbs.,"79""",Orthodox,"Mar 22, 1982",11,6,0,2.97,0.4,3.81,0.51,2.64,0.41,0.52,0.0
67533c6e7a2ac5f7e09aedc0,564c2f5f9eb45d67,Mike King,"6' 3""",185 lbs.,,,"Aug 04, 1983",5,1,0,4.44,0.58,1.29,0.72,1.75,0.25,0.4,3.5
67533c6e7a2ac5f7e09aedc1,21b5c82c1b89dab1,Yusaku Kinoshita,"6' 0""",170 lbs.,"71""",Southpaw,"Aug 21, 2000",6,3,0,4.65,0.5,5.12,0.51,0.0,0.0,0.5,0.0
67533c6e7a2ac5f7e09aedc2,fe91d254db77a7fc,Dustin Kimura,"5' 7""",135 lbs.,"71""",Orthodox,"May 21, 1989",11,3,0,1.33,0.21,3.82,0.51,0.93,0.37,0.5,2.2
67533c6e7a2ac5f7e09aedc3,c7ac79839e86ce33,Taiei Kin,"5' 11""",185 lbs.,,Orthodox,"Jul 08, 1970",6,3,0,2.71,0.6,1.33,0.52,0.0,0.0,0.55,0.0
67533c6e7a2ac5f7e09aedc5,917a5cb9821df261,Jeremy Kimball,"6' 0""",205 lbs.,"72""",Switch,"Jan 03, 1991",15,8,0,2.81,0.46,3.84,0.49,1.41,0.2,0.5,0.0
67533c6e7a2ac5f7e09aedc6,054defd5420a551f,Rob Kimmons,"5' 10""",185 lbs.,"73""",Orthodox,"Jan 30, 1981",25,9,0,1.86,0.48,4.79,0.38,2.08,0.46,0.25,2.4
67533c6e7a2ac5f7e09aedc7,e7ecfab8fd86d3e1,KyuSung Kim,"5' 11""",125 lbs.,"69""",Orthodox,"Nov 05, 1992",12,6,0,1.53,0.53,0.87,0.69,0.0,0.0,0.33,0.0
67533c6e7a2ac5f7e09aedc8,a264d4e9a4d6bfe4,Sangwook Kim,"6' 0""",155 lbs.,"72""",Orthodox,"Oct 17, 1993",9,3,0,5.57,0.51,7.94,0.48,1.65,0.18,0.66,0.8
67533c6e7a2ac5f7e09aedc9,e9712cad24948ce1,SangWon Kim,"5' 9""",145 lbs.,"69""",Orthodox,"Sep 01, 1993",10,6,1,3.18,0.57,3.73,0.58,0.69,0.25,0.72,0.0
67533c6e7a2ac5f7e09aedca,5a9f7b5ffebdd6e7,KyeungPyo Kim,"5' 9""",155 lbs.,"71""",Orthodox,"Jan 29, 1992",11,4,0,6.77,0.46,6.32,0.63,3.87,0.4,1.0,0.0
67533c6e7a2ac5f7e09aedcb,6343a95f1d9e6a33,MinWoo Kim,"5' 8""",135 lbs.,"72""",Orthodox,"Jul 21, 1993",10,2,0,0.0,0.0,0.0,0.0,0.0,0.0,0.0,0.0
67533c6e7a2ac5f7e09aedcd,2bc47c7cc6c05bd7,HanSeul Kim,"6' 1""",170 lbs.,"73""",Southpaw,"Jun 19, 1990",13,6,0,5.79,0.42,5.68,0.52,0.0,0.0,0.5,1.7
67533c6e7a2ac5f7e09aedce,e0b0cf71e0d69dd0,Kanako Murata,"5' 1""",115 lbs.,"62""",Orthodox,"Aug 10, 1993",12,3,0,2.15,0.56,2.4,0.53,3.38,0.56,1.0,0.8
67533c6e7a2ac5f7e09aedd1,fd0b4e3eb18eafb7,Andy Murad,"5' 9""",185 lbs.,,,,15,2,0,2.6,0.76,2.87,0.32,1.0,0.2,0.42,0.0
67533c6e7a2ac5f7e09aedd0,cfbccfed4e4796fe,Kazunari Murakami,"6' 1""",220 lbs.,,Orthodox,"Nov 29, 1973",5,5,0,0.0,0.0,0.0,0.0,0.0,0.0,0.0,0.0
67533c6e7a2ac5f7e09aedcf,e3a6c6d6d0ac0815,Ryuichi Murata,"5' 8""",183 lbs.,,Orthodox,,8,3,1,0.84,0.36,1.89,0.5,4.74,0.5,1.0,3.2
67533c6e7a2ac5f7e09aedd3,f6bcbd91b114ff58,Johnny Munoz,"5' 9""",135 lbs.,"71""",Orthodox,"Feb 16, 1993",12,4,0,2.44,0.36,2.66,0.55,2.4,0.25,0.45,1.8
67533c6e7a2ac5f7e09aedd2,ea7e5bc78d9de658,Makhmud Muradov,"6' 2""",185 lbs.,"75""",Orthodox,"Feb 08, 1990",26,8,0,4.21,0.43,2.57,0.61,3.03,0.66,0.77,0.2
67533c6e7a2ac5f7e09aedd4,c3dd69333eb8085a,Olivier Murad,"5' 10""",145 lbs.,"72""",Southpaw,"Dec 21, 1993",6,0,0,2.6,0.36,2.2,0.61,1.0,1.0,0.55,0.0
67533c6e7a2ac5f7e09aedd5,f8f1ec513bcfef43,Alexander Munoz,"5' 9""",155 lbs.,"72""",Switch,"Feb 27, 1990",7,2,0,3.7,0.42,4.73,0.55,3.0,0.4,1.0,0.0
67533c6e7a2ac5f7e09aedd6,179f1948dc234f1f,Mark Munoz,"6' 0""",185 lbs.,"71""",Orthodox,"Feb 09, 1978",14,6,0,3.12,0.51,2.26,0.57,3.17,0.29,0.57,0.6
67533c6e7a2ac5f7e09aedd7,886264a0c9f4ea5e,Andre Muniz,"6' 1""",185 lbs.,"78""",Southpaw,"Feb 17, 1990",24,6,0,1.97,0.5,1.99,0.54,4.23,0.5,0.35,1.2
67533c6e7a2ac5f7e09aedd8,6bd02119599741a4,Pedro Munhoz,"5' 6""",135 lbs.,"65""",Orthodox,"Sep 07, 1986",20,10,0,5.38,0.41,6.29,0.55,0.48,0.16,0.82,0.5
67533c6e7a2ac5f7e09aedd9,bd532e9a2b93870c,Melissa Mullins,"5' 7""",135 lbs.,"68""",Orthodox,"Jul 23, 1991",7,1,0,3.43,0.56,3.26,0.49,1.53,0.37,0.85,0.0
67533c6e7a2ac5f7e09aedda,1a49e0670dfaca31,Jim Mullen,"6' 1""",215 lbs.,,Southpaw,,0,2,0,0.0,0.0,0.0,0.0,0.0,0.0,0.0,0.0
67533c6e7a2ac5f7e09aeddb,af9f42e6894047fc,Jamie Mullarkey,"6' 0""",155 lbs.,"74""",Orthodox,"Aug 17, 1994",17,8,0,4.39,0.46,4.53,0.53,2.31,0.34,0.78,0.1
67533c6e7a2ac5f7e09aeddc,16af2d5a6f28bee2,Quinn Mulhern,"6' 3""",155 lbs.,,Orthodox,"Sep 20, 1984",18,4,0,1.48,0.28,2.09,0.51,1.36,0.2,0.33,0.0
67533c6e7a2ac5f7e09aeddd,8d5350fa18b79e9a,James Mulheron,"5' 10""",243 lbs.,"73""",Orthodox,"Feb 20, 1988",11,2,0,2.4,0.31,3.47,0.42,0.0,0.0,0.25,0.0
67533c6e7a2ac5f7e09aede2,f923e012414c883e,Lauren Mueller,"5' 5""",125 lbs.,"67""",Orthodox,"Nov 15, 1991",5,3,0,4.08,0.41,3.77,0.58,0.7,0.5,0.71,0.0
67533c6e7a2ac5f7e09aedde,b1b0729d27936f2f,Belal Muhammad,"5' 11""",170 lbs.,"72""",Orthodox,"Jul 09, 1988",24,3,0,4.39,0.43,3.48,0.57,2.28,0.39,0.89,0.2
67533c6e7a2ac5f7e09aede8,637bd06c32219f0b,Jacob Kilburn,"5' 9""",145 lbs.,"72""",Orthodox,"Jun 28, 1995",8,4,0,2.56,0.33,6.78,0.35,0.51,0.05,0.2,0.5
67533c6e7a2ac5f7e09aede5,380e8b023290d091,Jong Wang Kim,"6' 1""",240 lbs.,,,,13,23,0,0.0,0.0,0.0,0.0,0.0,0.0,0.0,0.0
67533c6e7a2ac5f7e09aedee,44470bfd9483c7ad,Katsunori Kikuno,"5' 8""",145 lbs.,"66""",Orthodox,"Oct 31, 1981",24,8,2,2.64,0.4,2.47,0.61,1.88,0.75,0.76,0.8
67533c6e7a2ac5f7e09aede3,882d62561063a927,Jamie Moyle,"5' 1""",115 lbs.,"65""",Orthodox,"Mar 17, 1989",4,3,0,4.51,0.51,4.0,0.65,1.0,0.21,0.5,0.0
67533c6e7a2ac5f7e09aeded,91dac5e69e28d5b5,Pannie Kianzad,"5' 7""",135 lbs.,"66""",Orthodox,"Dec 08, 1991",17,9,0,4.88,0.49,4.09,0.51,0.41,0.33,0.65,0.1
67533c6e7a2ac5f7e09aedea,e4bde462b043d3e1,Sanae Kikuta,"5' 9""",200 lbs.,,Orthodox,"Sep 10, 1971",31,9,3,0.7,0.45,0.9,0.52,1.6,0.63,0.25,1.8
67533c6e7a2ac5f7e09aedeb,9c37681096c6f3a9,Akira Kikuchi,"5' 8""",155 lbs.,,Orthodox,"Jul 23, 1978",16,4,0,3.67,0.56,0.4,0.14,2.0,0.4,1.0,0.0
67533c6e7a2ac5f7e09aede1,e92901944ce91909,Askar Mozharov,"6' 3""",205 lbs.,"74""",Orthodox,"Oct 26, 1994",19,13,0,0.43,0.18,4.07,0.13,0.0,0.0,0.33,0.0
67533c6e7a2ac5f7e09aede6,354808cf38d9d73c,Dae Won Kim,"5' 11""",180 lbs.,,Orthodox,,11,7,0,1.75,0.32,2.51,0.36,3.43,0.42,0.0,0.0
67533c6e7a2ac5f7e09aede7,8d04923f2db59b7f,Jin Oh Kim,"5' 9""",205 lbs.,,Orthodox,,0,4,0,5.06,0.25,8.43,0.5,0.0,0.0,0.66,0.0
67533c6e7a2ac5f7e09aede4,9e0f28d1f639ad73,Jong Won Kim,"5' 7""",139 lbs.,,Orthodox,,0,1,0,0.84,0.15,3.28,0.63,2.81,1.0,0.0,0.0
67533c6e7a2ac5f7e09aedec,aaeb55084b198a39,WonBin Ki,"5' 11""",155 lbs.,"73""",Orthodox,"Feb 11, 1991",18,9,0,6.73,0.5,4.21,0.55,0.73,0.2,0.5,0.0
67533c6e7a2ac5f7e09aede0,d0c325dfefdde31f,Garrett Mueller,"5' 9""",135 lbs.,,,"Jan 29, 1989",3,3,0,0.0,0.0,0.0,0.0,0.0,0.0,0.0,0.0
67533c6e7a2ac5f7e09aede9,9bcf8603ceb25680,Dong Hyun Kim,"6' 2""",170 lbs.,"76""",Southpaw,"Nov 17, 1981",22,4,1,2.12,0.49,1.89,0.58,2.93,0.43,0.71,0.6
67533c6e7a2ac5f7e09aedef,7ab478c397cd68ef,Aliaskhab Khizriev,"5' 9""",185 lbs.,"74""",Southpaw,"Aug 24, 1990",14,0,0,6.01,0.64,4.38,0.61,5.64,0.6,1.0,3.8
67533c6e7a2ac5f7e09aedf0,3929efe0c0a83d07,Alfred Khashakyan,"5' 8""",135 lbs.,"70""",Orthodox,"Jul 17, 1988",8,3,0,6.14,0.42,6.38,0.4,3.54,0.25,0.0,0.0
67533c6e7a2ac5f7e09aedf1,0693b2eab79198ea,Sergei Kharitonov,"6' 0""",245 lbs.,,Orthodox,"Aug 18, 1980",26,6,0,3.9,0.44,3.03,0.54,1.16,0.53,0.7,1.0
67533c6e7a2ac5f7e09aedf3,90da09db03e41748,Sergey Khandozhko,"6' 1""",170 lbs.,"74""",Orthodox,"May 19, 1992",28,6,1,3.41,0.41,2.37,0.6,0.76,0.28,0.61,0.0
67533c6e7a2ac5f7e09aedf2,1aba18b5f15d4956,Adam Khaliev,"6' 0""",170 lbs.,,Orthodox,"Apr 16, 1984",6,0,0,0.0,0.0,0.0,0.0,0.0,0.0,0.0,0.0
67533c6e7a2ac5f7e09aedf4,ef61d9f5176b3200,Will Kerr,"5' 10""",155 lbs.,"69""",Orthodox,"Oct 21, 1982",9,3,0,1.91,0.42,6.22,0.33,0.0,0.0,0.0,14.3
67533c6e7a2ac5f7e09aedf8,a7b48e18ca27795d,Mark Kerr,"6' 3""",266 lbs.,,Switch,"Dec 21, 1968",15,11,0,0.28,0.41,0.89,0.28,2.92,0.77,0.0,0.4
67533c6e7a2ac5f7e09aedfa,ae922e7d9e852d7a,Kin Moy,"5' 5""",135 lbs.,,,,8,3,0,2.3,0.33,1.93,0.62,1.67,0.42,0.5,1.7
67533c6e7a2ac5f7e09aedf6,9b7694d064a8a0ad,Rustam Khabilov,"5' 8""",155 lbs.,"73""",Orthodox,"Nov 04, 1986",24,4,0,1.98,0.34,2.16,0.65,3.95,0.41,0.61,0.1
67533c6e7a2ac5f7e09aedf9,772022b989534f0d,Maimaitituoheti Keremuaili,"5' 6""",135 lbs.,"66""",Orthodox,"Mar 18, 1991",26,11,0,1.47,0.52,1.67,0.37,1.0,0.33,0.84,0.0
67533c6e7a2ac5f7e09aedf7,9c27f3217891f3f0,Kris Moutinho,"5' 7""",135 lbs.,"68""",Southpaw,"Aug 09, 1992",9,6,0,4.86,0.32,15.48,0.28,0.0,0.0,0.0,0.0
67533c6e7a2ac5f7e09aedff,5da4e8dc02e50ac0,Juan Mott,"6' 0""",190 lbs.,,Switch,,3,4,0,0.0,0.0,0.0,0.0,0.0,0.0,0.0,0.0
67533c6e7a2ac5f7e09aedfc,de594b35c45c2e9a,Eduarda Moura,"5' 6""",125 lbs.,"66""",Orthodox,"Feb 28, 1994",11,1,0,2.6,0.49,2.45,0.53,4.37,0.35,1.0,0.4
67533c6e7a2ac5f7e09aedfe,37f560436d745c18,Nikolas Motta,"5' 9""",155 lbs.,"70""",Orthodox,"Feb 08, 1993",15,5,0,3.64,0.37,4.5,0.56,0.0,0.0,0.82,0.0
67533c6e7a2ac5f7e09aedfd,ab35634d1a8c7a11,Flavio Luiz Moura,"5' 11""",183 lbs.,,Open Stance,,19,7,0,0.67,0.16,0.0,0.0,0.0,0.0,0.0,0.0
67533c6e7a2ac5f7e09aee00,a5fa51a81d0c5ed9,Miki Motono,"5' 2""",115 lbs.,"63""",Southpaw,"May 18, 1994",8,5,0,1.27,0.27,4.2,0.57,3.0,0.3,0.0,1.0
67533c6e7a2ac5f7e09aee01,4dc496aa0cfc0d95,Harry Moskowitz,"6' 5""",275 lbs.,,Orthodox,,6,12,0,0.0,0.0,0.0,0.0,0.0,0.0,0.0,0.0
67533c6e7a2ac5f7e09aee02,b15862fcd6ded451,Carlos Mota,"5' 4""",125 lbs.,"69""",Orthodox,"Apr 15, 1995",8,2,0,0.8,0.41,1.13,0.54,0.0,0.0,0.5,1.0
67533c6e7a2ac5f7e09aee03,232c582f29f8f65e,Gegard Mousasi,"6' 2""",185 lbs.,"76""",Orthodox,"Aug 01, 1985",42,6,2,3.75,0.5,1.21,0.68,1.59,0.6,0.59,1.1
67533c6e7a2ac5f7e09aee04,38fccd44d669bb2f,Jack Morrison,"5' 11""",205 lbs.,,,,0,3,0,0.0,0.0,19.31,0.4,0.0,0.0,0.0,0.0
67533c6e7a2ac5f7e09aee05,dab0e6cb8c932162,Anthony Morrison,"5' 7""",145 lbs.,,Orthodox,"Mar 29, 1984",20,12,0,1.7,0.33,0.49,0.8,0.0,0.0,0.5,0.0
67533c6e7a2ac5f7e09aee06,be9d259be012e8a4,Scott Morris,"5' 10""",210 lbs.,,Orthodox,,2,1,0,0.0,0.0,0.0,0.0,0.0,0.0,0.0,0.0
67533c6e7a2ac5f7e09aee07,6803d4d6908354ac,Brad Morris,"6' 2""",205 lbs.,,Orthodox,"Nov 01, 1979",10,6,0,0.5,0.62,6.95,0.27,0.0,0.0,0.0,0.0
67533c6e7a2ac5f7e09aee08,2f6a993c7f547c13,Sergey Morozov,"5' 6""",135 lbs.,"67""",Orthodox,"Jun 14, 1989",19,5,0,3.01,0.43,2.97,0.61,3.63,0.31,0.68,0.0
67533c6e7a2ac5f7e09aee09,b4192a975027aab6,Maryna Moroz,"5' 7""",125 lbs.,"67""",Orthodox,"Sep 08, 1991",11,6,0,4.42,0.33,4.89,0.51,0.7,0.24,0.42,0.6
67533c6e7a2ac5f7e09aee0a,938ea36fe9c269f0,Alexander Morgan,"5' 10""",145 lbs.,"71""",Orthodox,"May 14, 1991",11,5,0,3.71,0.44,2.78,0.47,0.0,0.0,0.0,0.0
67533c6e7a2ac5f7e09aee0b,cdb96af67d096b1e,Alex Morono,"5' 11""",170 lbs.,"72""",Orthodox,"Aug 16, 1990",24,11,0,4.96,0.4,4.56,0.57,0.34,0.25,0.47,0.3
67533c6e7a2ac5f7e09aee0c,e7bba7ce4d6c7b07,Casey Kenney,"5' 7""",135 lbs.,"68""",Southpaw,"Mar 20, 1991",16,4,1,4.85,0.42,4.67,0.58,1.09,0.35,0.61,0.4
67533c6e7a2ac5f7e09aee0d,92b36014314b028b,Peggy Morgan,"6' 1""",135 lbs.,,,"Dec 16, 1979",4,4,0,2.27,0.23,8.2,0.33,0.0,0.0,0.5,0.0
67533c6e7a2ac5f7e09aee0e,9b8a73b59be8d786,Waylon Kennell,"6' 0""",185 lbs.,,,,6,2,0,0.0,0.0,0.0,0.0,0.0,0.0,0.0,0.0
67533c6e7a2ac5f7e09aee0f,68f6e96c5fa6e044,Jeremy Kennedy,"5' 11""",145 lbs.,"71""",Orthodox,"Sep 16, 1992",11,1,0,2.22,0.46,2.58,0.47,5.73,0.52,0.66,0.0
67533c6e7a2ac5f7e09aee10,185fb0200a4605e6,Steve Kennedy,"5' 11""",170 lbs.,,Orthodox,"Mar 07, 1983",24,8,0,2.28,0.35,5.52,0.45,2.51,0.33,0.0,0.0
67533c6e7a2ac5f7e09aee11,bdcbb976816fd256,Daniel Kelly,"6' 0""",185 lbs.,"70""",Southpaw,"Oct 31, 1977",13,4,0,3.62,0.38,4.64,0.61,1.86,0.34,0.78,0.3
67533c6e7a2ac5f7e09aedbd,928ae2e5b5f7a9ec,Justine Kish,"5' 5""",125 lbs.,"64""",Orthodox,"Apr 13, 1988",7,4,0,4.51,0.48,4.59,0.57,0.87,0.33,0.5,0.1
67533c6e7a2ac5f7e09aee13,ace83095105dd205,John Kelly,"5' 9""",170 lbs.,,,"Aug 02, 1978",5,4,0,0.0,0.0,0.0,0.0,0.0,0.0,0.0,0.0
67533c6e7a2ac5f7e09aedbc,51d2aaaca56e5b40,Yurij Kiseliov,"5' 8""",185 lbs.,,Orthodox,,5,4,0,4.88,0.87,0.0,0.0,0.0,0.0,0.5,0.0
67533c6e7a2ac5f7e09aee16,aac5ac38148f0528,Paul Kelly,"5' 9""",155 lbs.,"70""",Orthodox,"Sep 12, 1984",14,5,0,3.22,0.37,2.61,0.59,1.34,0.6,0.3,1.5
67533c6e7a2ac5f7e09aee15,c788481ae19e798d,Mayana Kellem,"5' 5""",135 lbs.,,Orthodox,"Jul 07, 1981",7,1,0,1.94,0.22,2.9,0.62,0.0,0.0,0.0,0.0
67533c6e7a2ac5f7e09aee18,c0eecd851dbf3146,CJ Keith,"6' 0""",155 lbs.,,Orthodox,"Aug 09, 1986",8,4,0,0.86,0.5,1.82,0.5,0.0,0.0,0.62,0.0
67533c6e7a2ac5f7e09aee17,56c9acc4e86046a2,Chris Kelades,"5' 7""",125 lbs.,"68""",Orthodox,"Feb 21, 1981",9,3,0,2.4,0.43,2.64,0.48,1.04,0.18,0.53,0.3
67533c6e7a2ac5f7e09aee19,a72b20136239ba39,Ryan Keenan,"5' 10""",170 lbs.,,,"Jun 15, 1985",6,2,0,0.0,0.0,0.0,0.0,0.0,0.0,0.0,0.0
67533c6e7a2ac5f7e09aee1a,981ab7a0576f76a0,Julie Kedzie,"5' 5""",135 lbs.,,Orthodox,"Mar 18, 1981",16,13,0,2.9,0.36,3.18,0.46,1.14,0.23,0.78,0.0
67533c6e7a2ac5f7e09aee1b,148bb103cfbf123e,Toshiomi Kazama,"5' 7""",135 lbs.,"69""",Orthodox,"May 15, 1997",11,4,0,1.72,0.53,3.89,0.42,1.68,0.12,0.66,0.6
67533c6e7a2ac5f7e09aee1d,49f4171f14f54220,Masuto Kawana,"5' 6""",145 lbs.,"69""",Orthodox,"Jan 30, 1995",10,4,0,2.54,0.41,3.79,0.41,11.67,0.55,1.0,0.0
67533c6e7a2ac5f7e09aee1e,7be14eaed4c74856,Brian Kelleher,"5' 6""",135 lbs.,"66""",Switch,"Aug 19, 1986",24,16,0,3.31,0.41,4.59,0.54,1.68,0.41,0.6,0.7
67533c6e7a2ac5f7e09aee1f,58d42b9e920b25fc,Canaan Kawaihae,"6' 0""",145 lbs.,"71""",Southpaw,"Aug 26, 1997",6,2,0,2.83,0.51,4.59,0.36,0.0,0.0,1.0,0.0
67533c6e7a2ac5f7e09aee20,80d918336163b80c,Tatsuya Kawajiri,"5' 7""",145 lbs.,"69""",Orthodox,"May 08, 1978",36,11,2,2.04,0.44,2.01,0.5,3.63,0.48,0.63,1.1
67533c6e7a2ac5f7e09aee21,bb2c3c3a466224af,Lone'er Kavanagh,"5' 4""",125 lbs.,"67""",Orthodox,"Jun 09, 1999",8,0,0,3.62,0.43,3.45,0.67,0.0,0.0,1.0,0.0
67533c6e7a2ac5f7e09aee22,9e91d7fd2720e241,Ryo Kawamura,"5' 11""",205 lbs.,,Orthodox,"Jun 29, 1981",18,9,4,0.6,0.16,3.93,0.39,0.0,0.0,0.06,0.0
67533c6e7a2ac5f7e09aee23,36df8e119aec6175,Sarah Kaufman,"5' 5""",135 lbs.,"66""",Orthodox,"Sep 20, 1985",18,4,0,6.65,0.46,4.0,0.62,0.38,0.57,0.81,0.0
67533c6e7a2ac5f7e09aee24,fa2320781bfe4f49,Yusuke Kawaguchi,"6' 0""",255 lbs.,,,"Aug 14, 1980",18,12,0,2.87,0.47,3.93,0.5,0.0,0.0,0.72,0.0
67533c6e7a2ac5f7e09aee25,751de04455cfaac0,Calvin Kattar,"5' 11""",145 lbs.,"72""",Orthodox,"Mar 26, 1988",23,8,0,4.76,0.39,6.75,0.54,0.39,0.29,0.72,0.1
67533c6e7a2ac5f7e09aee26,ebf1c247b2cba375,Hisaki Kato,"6' 0""",185 lbs.,,,"Sep 17, 1982",8,2,0,2.8,0.48,1.72,0.68,1.62,1.0,0.0,0.0
67533c6e7a2ac5f7e09aee27,7b433309b0fd12aa,Brad Katona,"5' 6""",135 lbs.,"64""",Orthodox,"Dec 19, 1991",16,4,0,4.84,0.52,4.73,0.5,1.88,0.34,0.61,0.0
67533c6e7a2ac5f7e09aee2c,2e2cdb6e9eb84bb9,Jesse Moreng,"5' 7""",145 lbs.,,Orthodox,"Nov 09, 1979",9,1,0,1.26,0.4,2.08,0.48,5.56,1.0,1.0,0.0
67533c6e7a2ac5f7e09aee2b,bb2eee4fb3259c01,Mike Moreno,"6' 0""",185 lbs.,,,,6,5,0,1.27,0.51,1.07,0.58,0.0,0.0,0.44,0.0
67533c6e7a2ac5f7e09aee2a,66e98b3bb5fc5250,Dan Moret,"6' 0""",155 lbs.,"73""",Southpaw,"Nov 21, 1986",13,6,0,2.67,0.43,3.56,0.43,1.25,0.27,0.45,0.4
67533c6e7a2ac5f7e09aee28,2067a177a2842fbf,Sammy Morgan,"5' 10""",170 lbs.,,Orthodox,"Sep 28, 1981",18,12,0,1.05,0.22,3.74,0.4,1.43,0.2,0.0,0.5
67533c6e7a2ac5f7e09aee32,80779d7441af1b52,Christian Morecraft,"6' 6""",260 lbs.,"81""",Orthodox,"Sep 08, 1986",8,3,0,2.82,0.34,2.46,0.46,3.26,0.66,0.5,2.2
67533c6e7a2ac5f7e09aee2f,6a125ba3ec37e27e,Gisele Moreira,"5' 6""",135 lbs.,,Orthodox,"Jan 14, 1981",8,3,0,5.93,0.42,6.33,0.48,4.0,0.57,0.0,0.0
67533c6e7a2ac5f7e09aee31,9147679e1a4ad4a3,Richardson Moreira,"6' 2""",185 lbs.,,Orthodox,"Mar 31, 1984",7,4,0,1.17,0.28,1.83,0.67,0.0,0.0,1.0,0.0
67533c6e7a2ac5f7e09aee30,df85d6ec3493d120,Joe Moreira,"5' 11""",195 lbs.,,Southpaw,,2,2,0,0.0,0.0,0.0,0.0,0.0,0.0,0.0,0.0
67533c6e7a2ac5f7e09aee2e,acb36c908d415c4a,Vinicius Moreira,"6' 4""",205 lbs.,"76""",Orthodox,"Feb 28, 1989",9,5,0,3.15,0.59,5.07,0.43,1.97,0.18,0.0,1.3
67533c6e7a2ac5f7e09aee2d,792be9a24df82ed6,Brandon Moreno,"5' 7""",125 lbs.,"70""",Orthodox,"Dec 07, 1993",22,8,2,3.99,0.43,3.53,0.6,1.59,0.46,0.64,0.4
67533c6e7a2ac5f7e09aee35,37098a6e6c27fb66,Vince Morales,"5' 7""",135 lbs.,"70""",Orthodox,"Nov 12, 1990",16,8,0,3.98,0.36,4.48,0.53,0.36,0.3,0.65,0.0
67533c6e7a2ac5f7e09aee36,2fe9032955c2e013,Joseph Morales,"5' 6""",125 lbs.,"69""",Switch,"Aug 22, 1994",9,2,0,1.58,0.37,1.72,0.6,0.53,0.5,0.23,2.6
67533c6e7a2ac5f7e09aee34,c32aeb1a59e6272d,Michael Morales,"6' 0""",170 lbs.,"79""",Orthodox,"Jun 24, 1999",17,0,0,5.42,0.48,3.42,0.52,1.16,0.41,0.92,0.0
67533c6e7a2ac5f7e09aee33,539ed332b3078821,Sarah Moras,"5' 7""",135 lbs.,"67""",Orthodox,"Apr 30, 1988",6,8,0,2.28,0.34,3.58,0.5,0.67,0.21,0.33,0.8
67533c6e7a2ac5f7e09aee37,45230be0641f3f53,Leonardo Morales,"5' 8""",135 lbs.,,Southpaw,"Dec 22, 1992",6,2,0,2.05,0.47,2.05,0.58,0.0,0.0,0.62,0.0
67533c6e7a2ac5f7e09aee38,a0e6753c42698f13,Omar Morales,"5' 11""",155 lbs.,"73""",Orthodox,"Oct 17, 1985",11,4,0,3.42,0.4,3.18,0.58,0.46,1.0,0.63,0.0
67533c6e7a2ac5f7e09aee39,544d7460b3e44393,Albert Morales,"5' 9""",135 lbs.,"72""",Orthodox,"May 25, 1991",7,4,1,3.81,0.35,3.96,0.56,0.91,0.35,0.7,0.2
67533c6e7a2ac5f7e09aee3a,fea79f9bc8c68769,Marlon Moraes,"5' 6""",135 lbs.,"67""",Orthodox,"Apr 26, 1988",23,10,1,3.37,0.4,4.53,0.54,0.87,0.41,0.46,0.3
67533c6e7a2ac5f7e09aee3b,2dc7f1762dc0a7ef,Ricardo Morais,"6' 8""",270 lbs.,,Orthodox,"Feb 26, 1967",10,4,1,2.86,0.37,2.39,0.53,0.0,0.0,0.0,0.0
67533c6e7a2ac5f7e09aee3c,0d62719b1dcf7c40,Sheymon Moraes,"5' 8""",145 lbs.,"72""",Orthodox,"Oct 11, 1990",11,4,0,3.0,0.42,3.64,0.63,0.0,0.0,0.53,0.0
67533c6e7a2ac5f7e09aee3d,92437c6775b3f7d1,John Moraga,"5' 6""",125 lbs.,"66""",Orthodox,"Mar 20, 1984",19,7,0,2.57,0.43,2.55,0.56,0.62,0.23,0.44,1.1
67533c6e7a2ac5f7e09aee3e,831de97afe326478,Dustin Moore,"5' 4""",125 lbs.,,,,0,2,0,0.0,0.0,0.0,0.0,0.0,0.0,0.0,0.0
67533c6e7a2ac5f7e09aee3f,26927dab41dbd5fc,Taylor Moore,"5' 10""",135 lbs.,"70""",Southpaw,"Oct 16, 1993",10,5,0,0.2,0.75,2.07,0.42,0.0,0.0,0.25,0.0
67533c6e7a2ac5f7e09aee40,1bcaac2d99b90fce,Sergio Moraes,"6' 0""",170 lbs.,"72""",Orthodox,"Jul 23, 1982",14,6,1,2.42,0.42,3.73,0.59,1.2,0.38,0.75,0.4
67533c6e7a2ac5f7e09aee41,518e5202a91980d4,Nate Moore,"6' 0""",170 lbs.,,,,8,4,0,2.21,0.25,2.87,0.42,1.23,0.16,0.25,0.0
67533c6e7a2ac5f7e09aee42,e31502e3f79d00c5,Todd Moore,"5' 9""",170 lbs.,"71""",Southpaw,"Dec 30, 1983",16,7,0,1.83,0.26,2.3,0.57,0.78,0.14,0.54,0.0
67533c6e7a2ac5f7e09aee43,e56df3c1d8b4b1cc,Homer Moore,"5' 10""",205 lbs.,,Orthodox,"Nov 27, 1971",26,9,2,0.68,0.5,0.68,0.0,5.07,0.66,0.0,0.0
67533c6e7a2ac5f7e09aee44,3058888c33149a53,Yusuke Kasuya,"5' 7""",155 lbs.,,Southpaw,"Nov 16, 1989",9,3,0,2.17,0.44,4.34,0.48,1.36,0.33,0.0,0.0
67533c6e7a2ac5f7e09aee45,6e7506127408aa9e,Nadia Kassem,"5' 5""",125 lbs.,"66""",Southpaw,"Nov 15, 1995",5,2,0,3.13,0.41,4.48,0.48,0.46,0.33,0.4,2.8
67533c6e7a2ac5f7e09aee46,4a9120fa47bafef0,Jinnosuke Kashimura,"5' 7""",155 lbs.,"71""",Southpaw,"Aug 12, 2001",4,2,0,0.21,0.5,7.37,0.25,3.16,1.0,0.0,6.3
67533c6e7a2ac5f7e09aee4b,5d1b7e3dd9e11074,Manel Kape,"5' 5""",125 lbs.,"68""",Southpaw,"Nov 14, 1993",19,7,0,4.44,0.53,4.06,0.59,0.54,0.33,0.73,0.4
67533c6e7a2ac5f7e09aee50,5345f86680378fc1,Ken Kaneko,"6' 0""",161 lbs.,,Orthodox,,0,3,0,0.0,0.0,0.94,0.42,0.0,0.0,0.0,3.5
67533c6e7a2ac5f7e09aee4f,3c241737a6069b9f,Denis Kang,"5' 11""",185 lbs.,"77""",Orthodox,"Sep 17, 1977",35,16,2,2.27,0.35,1.65,0.67,2.51,0.65,0.38,1.2
67533c6e7a2ac5f7e09aee47,e361e5c858af6ff1,Alex Karalexis,"5' 8""",155 lbs.,"66""",Orthodox,"Sep 20, 1977",10,6,0,2.57,0.42,2.39,0.54,2.7,0.45,0.86,0.9
67533c6e7a2ac5f7e09aee55,8b69839f3555a67b,Martin Kampmann,"6' 0""",170 lbs.,"72""",Orthodox,"Apr 17, 1982",20,7,0,3.22,0.42,3.28,0.62,1.86,0.41,0.78,2.0
67533c6e7a2ac5f7e09aee58,9336e86cfd4ceaa1,Bryson Kamaka,"5' 11""",170 lbs.,,Orthodox,,12,20,1,9.47,0.6,12.63,0.0,0.0,0.0,1.0,0.0
67533c6e7a2ac5f7e09aee54,efd2b3e9bb7965a4,Bharat Kandare,"5' 7""",135 lbs.,"72""",Orthodox,"Jun 20, 1987",5,3,0,0.7,0.1,1.88,0.72,0.0,0.0,0.0,0.0
67533c6e7a2ac5f7e09aee57,304fcd812f12c589,Geza Kalman,"6' 1""",200 lbs.,,,,4,9,0,0.0,0.0,0.0,0.0,0.0,0.0,0.0,0.0
67533c6e7a2ac5f7e09aee4d,5669b828e7e11329,David Kaplan,"5' 7""",155 lbs.,,Orthodox,"Nov 16, 1979",3,4,0,2.88,0.46,4.32,0.67,4.88,0.43,0.0,0.7
67533c6e7a2ac5f7e09aee51,f3a078277b3b8ff4,Masanori Kanehara,"5' 7""",135 lbs.,"67""",Orthodox,"Nov 19, 1982",26,12,5,1.88,0.49,1.63,0.62,1.44,0.5,0.63,0.9
67533c6e7a2ac5f7e09aee4a,853eb0dd5c0e2149,Kai Kara-France,"5' 4""",125 lbs.,"69""",Orthodox,"Mar 26, 1993",25,11,0,4.56,0.39,3.22,0.65,0.61,0.33,0.88,0.0
67533c6e7a2ac5f7e09aee52,eda579d906cf0ca2,Hiromitsu Kanehara,"5' 10""",200 lbs.,,Orthodox,"Oct 05, 1970",19,27,5,0.76,0.22,4.39,0.4,0.0,0.0,0.4,0.4
67533c6e7a2ac5f7e09aee53,b42d3a1469dab722,Koya Kanda,"5' 9""",145 lbs.,"75""",Southpaw,"Dec 20, 1995",12,5,0,3.63,0.41,2.9,0.53,2.0,0.18,1.0,0.0
67533c6e7a2ac5f7e09aee56,a46fa1c7972548d0,Shuya Kamikubo,"5' 5""",135 lbs.,"68""",Switch,"Apr 12, 1993",13,2,1,3.83,0.54,4.9,0.47,1.5,0.15,0.0,0.5
67533c6e7a2ac5f7e09aee48,257b0c8d6f199895,Impa Kasanganay,"5' 11""",170 lbs.,"75""",Orthodox,"Jan 17, 1994",9,2,0,4.96,0.48,3.66,0.58,1.75,0.58,0.66,0.2
67533c6e7a2ac5f7e09aee4c,43292ecf0e72c143,Georgi Karakhanyan,"5' 8""",145 lbs.,,,"May 29, 1985",26,7,1,4.49,0.39,5.0,0.54,1.41,0.5,0.33,1.9
67533c6e7a2ac5f7e09aee4e,a7897d200692ab64,Kyung Ho Kang,"5' 9""",135 lbs.,"73""",Orthodox,"Sep 09, 1987",19,11,0,3.13,0.47,3.32,0.54,1.97,0.5,0.68,0.8
67533c6e7a2ac5f7e09aee49,e4faa79383c9f214,Ernesta Kareckaite,"5' 9""",125 lbs.,"71""",Orthodox,"Jul 05, 1998",5,1,1,7.9,0.42,6.9,0.43,1.0,0.66,0.86,0.0
67533c6e7a2ac5f7e09aee59,eee0ef3e2b14816b,Kai Kamaka,"5' 7""",145 lbs.,"69""",Orthodox,"Jan 05, 1995",8,4,1,4.96,0.57,5.29,0.55,1.93,0.58,0.52,0.3
67533c6e7a2ac5f7e09aee5a,50a28b9f8314e008,Saidyokub Kakhramonov,"5' 8""",135 lbs.,"69""",Orthodox,"Nov 14, 1995",10,3,0,2.05,0.51,0.88,0.58,6.63,0.48,0.83,1.9
67533c6e7a2ac5f7e09aee5b,2525a853486ee670,Sirwan Kakai,"5' 5""",135 lbs.,,Orthodox,"Oct 03, 1989",12,5,0,3.57,0.41,4.63,0.62,4.0,0.42,0.83,0.0
67533c6e7a2ac5f7e09aee5c,00a35c92b03992b0,Oron Kahlon,"5' 8""",135 lbs.,"70""",Orthodox,"Nov 04, 1984",16,1,0,0.85,0.37,4.93,0.36,0.0,0.0,0.4,0.0
67533c6e7a2ac5f7e09aee5d,0565706b1e7f7e7c,Kaiwen,"5' 9""",145 lbs.,"72""",Switch,"Oct 16, 1995",12,6,0,4.32,0.49,3.74,0.54,0.78,0.33,0.92,0.0
67533c6e7a2ac5f7e09aee5e,c06a9b48d4132c8e,James Moontasri,"5' 10""",170 lbs.,"71""",Switch,"Apr 10, 1988",9,5,0,2.39,0.48,3.86,0.4,0.0,0.0,0.79,0.2
67533c6e7a2ac5f7e09aee5f,6e92eb1242b46636,Steve Montgomery,"6' 4""",185 lbs.,,Southpaw,"Dec 19, 1990",9,5,0,4.85,0.39,4.12,0.47,0.0,0.0,0.64,0.0
67533c6e7a2ac5f7e09aee60,3e38b1ea16bd4d86,Antonio Monteiro,"5' 7""",145 lbs.,"70""",Orthodox,"Jul 02, 1995",17,5,1,3.93,0.49,8.33,0.33,1.0,0.33,0.66,1.0
67533c6e7a2ac5f7e09aee61,c1ea9d56cd953586,Emily Kagan,"5' 3""",115 lbs.,,,"Jul 14, 1981",3,3,0,2.6,0.36,5.29,0.38,1.86,0.14,0.5,0.0
67533c6e7a2ac5f7e09aee62,a112097ad877a48f,Alberto Montes,"5' 7""",145 lbs.,"69""",Orthodox,"May 31, 1994",11,1,0,4.98,0.66,4.85,0.57,0.0,0.0,0.66,9.8
67533c6e7a2ac5f7e09aee64,8163cd7de0342652,Erick Montano,"6' 0""",170 lbs.,"73""",Orthodox,"Nov 19, 1985",7,5,0,2.79,0.44,2.06,0.64,2.29,0.36,0.66,0.0
67533c6e7a2ac5f7e09aee63,1de9ad94de18eeaf,Nicco Montano,"5' 5""",135 lbs.,"65""",Southpaw,"Dec 16, 1988",5,3,0,5.6,0.41,4.43,0.64,2.25,0.54,0.69,0.4
67533c6e7a2ac5f7e09aee65,94508d80e1f885fc,Augusto Montano,"6' 1""",170 lbs.,"73""",Orthodox,"Oct 25, 1984",15,3,0,3.46,0.46,2.66,0.56,0.0,0.0,0.66,0.0
67533c6e7a2ac5f7e09aee68,a8e133139286df84,Hidetaka Monma,"6' 0""",168 lbs.,,Orthodox,"Oct 23, 1973",18,11,4,1.67,0.25,9.76,0.34,0.0,0.0,0.0,0.0
67533c6e7a2ac5f7e09aee67,bffeb123b21c9aad,Darrell Montague,"5' 6""",125 lbs.,"67""",Southpaw,"Nov 03, 1987",13,5,0,1.92,0.25,5.38,0.52,0.72,0.25,0.33,1.4
67533c6e7a2ac5f7e09aee69,cbfd1d34356a004c,Jeff Monson,"5' 9""",247 lbs.,"74""",Orthodox,"Jan 18, 1971",60,26,1,0.97,0.3,2.87,0.59,1.06,0.12,0.66,0.7
67533c6e7a2ac5f7e09aee6b,606136dee6f6ecea,Dan Molina,"5' 10""",216 lbs.,,,"Jun 14, 1984",13,9,0,0.0,0.0,5.58,0.6,0.0,0.0,0.0,20.9
67533c6e7a2ac5f7e09aee6a,02d276b7d62b3472,Rudyard Moncayo,"5' 10""",195 lbs.,,Orthodox,,0,3,0,0.0,0.0,0.0,0.0,0.0,0.0,0.0,0.0
67533c6e7a2ac5f7e09aee6c,008ea710276c9606,Jeff Molina,"5' 6""",125 lbs.,"69""",Orthodox,"Jul 17, 1997",11,2,0,7.25,0.48,5.04,0.55,0.0,0.0,0.66,0.0
67533c6e7a2ac5f7e09aee6d,192520689012c7e4,Suman Mokhtarian,"5' 8""",145 lbs.,"72""",Orthodox,"Jun 13, 1992",8,5,0,2.21,0.43,6.85,0.48,0.0,0.0,0.0,0.0
67533c6e7a2ac5f7e09aee6e,e9bc5748e6a76bb6,Ashkan Mokhtarian,"5' 6""",125 lbs.,"67""",Southpaw,"Sep 15, 1985",13,3,0,1.95,0.43,3.66,0.43,0.54,0.16,0.33,0.0
67533c6e7a2ac5f7e09aee6f,75353550928a7921,Muhammad Mokaev,"5' 7""",125 lbs.,"70""",Orthodox,"Jul 30, 2000",13,0,0,1.61,0.45,1.35,0.57,5.29,0.41,0.25,0.8
67533c6e7a2ac5f7e09aee70,b6452706b373eea1,Renato Moicano,"5' 11""",155 lbs.,"72""",Orthodox,"May 21, 1989",20,5,1,4.42,0.49,3.6,0.6,1.87,0.44,0.72,0.6
67533c6e7a2ac5f7e09aee71,04c15b52c3cc1cab,Nate Mohr,"5' 9""",155 lbs.,"72""",Orthodox,"Mar 03, 1983",9,7,0,3.79,0.41,2.5,0.74,0.45,0.5,0.71,0.0
67533c6e7a2ac5f7e09aee73,d76ad9a08c4408ff,Bobby Moffett,"5' 10""",145 lbs.,"73""",Orthodox,"Jun 01, 1990",13,5,0,3.41,0.39,3.15,0.61,2.74,0.66,0.66,1.4
67533c6e7a2ac5f7e09aee75,4498b382c65a7faa,Roxanne Modafferi,"5' 7""",125 lbs.,"69""",Orthodox,"Sep 24, 1982",25,21,0,3.35,0.3,5.7,0.51,1.35,0.23,0.3,0.1
67533c6e7a2ac5f7e09aee74,478c8706bdb92440,Tatsuya Mizuno,"6' 1""",205 lbs.,,Southpaw,"Jun 02, 1981",16,12,1,2.25,0.37,3.52,0.53,1.19,0.25,0.4,3.6
67533c6e7a2ac5f7e09aee76,d945aae53e3e54e6,Thiago Moises,"5' 9""",155 lbs.,"70""",Orthodox,"Mar 23, 1995",18,8,0,2.39,0.4,4.14,0.54,1.47,0.35,0.55,1.3
67533c6e7a2ac5f7e09aee77,43a59ce3bb40449e,Mizuki,"5' 3""",115 lbs.,"65""",Orthodox,"Aug 19, 1994",15,6,0,4.56,0.5,5.62,0.48,0.33,0.14,0.85,0.0
67533c6e7a2ac5f7e09aee78,9649d75defe0dedb,Motoki Miyazawa,"5' 11""",168 lbs.,,Southpaw,,7,3,0,1.23,0.28,3.91,0.61,0.0,0.0,0.0,0.0
67533c6e7a2ac5f7e09aee79,af70d268e5352186,Kazuyuki Miyata,"5' 8""",139 lbs.,,Orthodox,,15,9,0,2.04,0.52,1.82,0.63,4.31,0.46,0.68,0.0
67533c6e7a2ac5f7e09aee7a,c9885b1b7c7055a0,Tomoya Miyashita,"5' 7""",139 lbs.,,Southpaw,,17,9,7,1.67,0.65,0.93,0.33,4.0,0.8,0.0,2.0
67533c6e7a2ac5f7e09aee7b,48e093ea1f43a053,Takeya Mizugaki,"5' 7""",135 lbs.,"69""",Orthodox,"Dec 16, 1983",21,11,2,3.37,0.37,3.27,0.57,1.46,0.57,0.7,0.1
67533c6e7a2ac5f7e09aee7c,f64e4ecd214c6378,Jonathan  Mix,"6' 0""",168 lbs.,,,"Nov 09, 1980",7,4,0,0.0,0.0,0.0,0.0,0.0,0.0,0.0,0.0
67533c6e7a2ac5f7e09aee7d,509697e08673d2e5,Hiromitsu Miura,"5' 9""",170 lbs.,"71""",Orthodox,"Sep 22, 1981",12,7,0,2.12,0.34,2.12,0.58,2.23,0.5,0.69,0.6
67533c6e7a2ac5f7e09aee7e,2b4faacc16d66898,Eiji Mitsuoka,"5' 7""",145 lbs.,,Southpaw,"Jan 01, 1976",18,9,2,1.49,0.49,2.26,0.45,2.3,0.36,0.2,1.6
67533c6e7a2ac5f7e09aee14,1a08b01fdabb6ae2,Tony Kelley,"5' 9""",135 lbs.,"70""",Switch,"Jan 21, 1987",8,3,0,5.55,0.47,4.85,0.45,0.0,0.0,0.52,1.4
67533c6e7a2ac5f7e09aee81,568bebed6366b667,Maurice Mitchell,"5' 9""",145 lbs.,,Orthodox,"Jun 29, 1987",11,2,0,3.8,0.55,3.54,0.6,0.0,0.0,1.0,0.0
67533c6e7a2ac5f7e09aee80,2961be02cfb0d2c1,Roman Mitichyan,"5' 10""",170 lbs.,,Orthodox,"Sep 04, 1978",8,3,0,0.26,0.16,2.7,0.43,1.93,1.0,0.25,1.9
67533c6e7a2ac5f7e09aee8c,b909a9a9688b5284,Gabriel Miranda,"5' 11""",145 lbs.,"71""",Orthodox,"Mar 25, 1990",17,7,0,2.82,0.4,5.3,0.37,3.85,0.33,0.0,1.3
67533c6e7a2ac5f7e09aee83,3d960455f880bb25,Clay Mitchell,"6' 2""",185 lbs.,,,,1,2,0,1.63,0.85,0.0,0.0,0.0,0.0,1.0,4.1
67533c6e7a2ac5f7e09aee8b,5e7a28f20927d64a,Kazuo Misaki,"5' 8""",183 lbs.,,Orthodox,"Apr 25, 1976",25,11,2,2.85,0.4,2.74,0.63,0.72,0.38,0.51,0.6
67533c6e7a2ac5f7e09aee84,7263e0dc082adc87,Brad Mitchell,"5' 11""",145 lbs.,,,"Oct 10, 1974",4,2,0,1.15,0.33,4.2,0.52,0.0,0.0,1.0,1.9
67533c6e7a2ac5f7e09aee8d,992c82450d96f726,Damir Mirenic,"6' 0""",185 lbs.,,Orthodox,"Aug 02, 1974",9,4,0,0.84,0.5,9.86,0.35,0.0,0.0,0.0,0.0
67533c6e7a2ac5f7e09aee89,b14a68c533f4a4aa,Dokonjonosuke Mishima,"5' 7""",155 lbs.,,Southpaw,"Apr 19, 1972",21,7,2,1.06,0.41,1.22,0.52,2.47,0.4,0.25,1.4
67533c6e7a2ac5f7e09aee92,d28dee5c705991df,Stipe Miocic,"6' 4""",240 lbs.,"80""",Orthodox,"Aug 19, 1982",20,5,0,4.67,0.52,4.01,0.52,1.74,0.34,0.65,0.0
67533c6e7a2ac5f7e09aee93,40d8b74488743800,Carlton Minus,"5' 10""",170 lbs.,"75""",Orthodox,"Apr 26, 1993",10,3,0,3.5,0.4,4.97,0.5,0.0,0.0,0.58,0.0
67533c6e7a2ac5f7e09aee85,d9c6f19f958643e9,Bryce Mitchell,"5' 10""",145 lbs.,"70""",Southpaw,"Oct 04, 1994",16,3,0,2.3,0.58,1.63,0.58,3.45,0.41,0.33,1.6
67533c6e7a2ac5f7e09aee90,df2bf09c99594848,Mario Miranda,"6' 3""",185 lbs.,"74""",Orthodox,"Jul 12, 1979",14,7,0,1.96,0.54,2.46,0.36,1.02,0.6,0.54,0.0
67533c6e7a2ac5f7e09aee8e,4bcb6eb12b4ad4aa,Vitor Miranda,"6' 1""",185 lbs.,"77""",Orthodox,"Mar 10, 1979",12,5,0,2.98,0.45,2.95,0.58,0.95,0.55,0.5,0.2
67533c6e7a2ac5f7e09aee8a,3f87218a7aca84c4,Toby Misech,"5' 8""",145 lbs.,,Southpaw,"Mar 07, 1988",9,5,0,3.27,0.4,7.73,0.46,0.0,0.0,0.0,0.0
67533c6e7a2ac5f7e09aee12,3c660c90d48fc80d,Tim Kennedy,"5' 11""",185 lbs.,"74""",Orthodox,"Sep 01, 1979",18,6,0,2.78,0.47,1.84,0.62,2.58,0.35,0.7,0.7
67533c6e7a2ac5f7e09aee86,c06d554ce1713fd3,Danny Mitchell,"6' 2""",170 lbs.,,Orthodox,"Aug 08, 1986",19,9,1,2.53,0.49,2.53,0.52,0.0,0.0,1.0,3.0
67533c6e7a2ac5f7e09aee87,8f3df4c579cfbb69,David Mitchell,"6' 0""",170 lbs.,"75""",Orthodox,"Oct 24, 1979",22,7,0,1.74,0.32,2.06,0.55,0.66,0.5,0.29,2.0
67533c6e7a2ac5f7e09aee91,1ff9589f9065a9ed,Frank Mir,"6' 3""",264 lbs.,"79""",Southpaw,"May 24, 1979",18,11,0,2.18,0.47,3.84,0.38,2.02,0.4,0.54,2.0
67533c6e7a2ac5f7e09aee94,34e516ab361afb1c,Darrick Minner,"5' 7""",145 lbs.,"69""",Orthodox,"Apr 28, 1990",26,14,0,2.63,0.65,2.28,0.35,2.4,0.72,0.66,2.7
67533c6e7a2ac5f7e09aee99,72ffecf712673af1,Adam Milstead,"6' 3""",205 lbs.,"76""",Orthodox,"Jul 03, 1987",8,4,0,3.85,0.46,4.79,0.43,0.0,0.0,0.64,0.0
67533c6e7a2ac5f7e09aee9a,6cadfd8f1d9e7685,Che Mills,"6' 1""",170 lbs.,"76""",Orthodox,"Sep 29, 1982",16,10,0,2.08,0.52,2.87,0.43,1.18,0.66,0.58,0.0
67533c6e7a2ac5f7e09aee98,4b1d46a1b5c0fd11,Alberto Mina,"6' 0""",170 lbs.,"77""",Orthodox,"May 02, 1982",13,1,0,3.23,0.38,3.7,0.47,1.85,0.2,0.5,0.0
67533c6e7a2ac5f7e09aeea3,b2f88c04c4dd43ce,Jason Miller,"6' 1""",185 lbs.,,Orthodox,"Dec 24, 1980",23,10,0,1.83,0.43,2.3,0.49,1.31,0.28,0.43,1.3
67533c6e7a2ac5f7e09aeea2,18aecaf50f52e4c3,Phillip Miller,"5' 11""",185 lbs.,,Orthodox,"Feb 20, 1979",16,0,0,1.61,0.54,1.93,0.5,3.62,0.25,1.0,0.6
67533c6e7a2ac5f7e09aee97,ce6065baef021cf3,Ikuhisa Minowa,"5' 9""",181 lbs.,,Orthodox,"Jan 12, 1976",60,42,8,0.88,0.4,1.66,0.49,1.82,0.41,0.05,1.9
67533c6e7a2ac5f7e09aeea1,282fa667ff9c51ed,Cole Miller,"6' 1""",145 lbs.,"73""",Orthodox,"Apr 26, 1984",21,11,0,3.0,0.33,3.88,0.59,0.6,0.36,0.38,1.8
67533c6e7a2ac5f7e09aeea0,45a2ba3ef82b9700,Henry Miller,"5' 7""",270 lbs.,,Southpaw,"Jul 16, 1969",6,16,0,1.25,0.36,2.16,0.54,0.55,0.25,0.6,0.0
67533c6e7a2ac5f7e09aee9e,3ff0d0dc7a14bb50,Micah Miller,"6' 0""",145 lbs.,,Orthodox,"Feb 14, 1987",20,8,0,1.33,0.33,2.15,0.54,0.98,0.37,0.21,2.0
67533c6e7a2ac5f7e09aee9f,a4d055f1435d6d75,Aaron Miller,"5' 9""",145 lbs.,,,,14,10,0,0.0,0.0,0.0,0.0,0.0,0.0,0.0,0.0
67533c6e7a2ac5f7e09aee9d,39019970ac8543e9,Mo Miller,"5' 8""",135 lbs.,"72""",Orthodox,"Aug 10, 1992",6,0,0,1.87,0.45,1.33,0.6,4.0,0.8,0.0,0.0
67533c6e7a2ac5f7e09aee9b,f2c934689243fe4e,Eddy Millis,"6' 1""",185 lbs.,,,,0,2,0,0.0,0.0,3.36,0.22,0.0,0.0,0.0,7.2
67533c6e7a2ac5f7e09aee9c,aa0c573da7119292,Juliana Miller,"5' 7""",125 lbs.,"66""",Orthodox,"May 07, 1996",4,3,0,3.31,0.45,4.75,0.32,1.84,0.44,0.0,1.8
67533c6e7a2ac5f7e09aeea7,3c48019bc387b80c,Billy Miles,"5' 10""",170 lbs.,,Orthodox,"Apr 28, 1978",2,2,0,0.0,0.0,1.25,0.33,0.0,0.0,0.0,0.0
67533c6e7a2ac5f7e09aeea6,cedfdf8d423d500c,Pat Miletich,"5' 10""",170 lbs.,,Orthodox,"Mar 09, 1968",29,7,2,1.79,0.45,1.66,0.63,1.96,1.0,0.54,1.0
67533c6e7a2ac5f7e09aeea5,d0c29452d3272603,Dan Miller,"6' 1""",185 lbs.,"74""",Orthodox,"Jun 30, 1981",14,8,0,2.03,0.36,3.06,0.49,1.67,0.54,0.47,1.8
67533c6e7a2ac5f7e09aee96,56c975c4a2b357a5,Vitaly Minakov,"6' 2""",249 lbs.,,,"Feb 06, 1985",20,0,0,0.0,0.0,0.0,0.0,0.0,0.0,0.0,0.0
67533c6e7a2ac5f7e09aeea4,f1928a52590c5532,Curtis Millender,"6' 2""",170 lbs.,"76""",Orthodox,"Dec 01, 1987",17,5,0,3.86,0.46,2.95,0.61,0.43,1.0,0.57,0.0
67533c6e7a2ac5f7e09aeea8,d6285cba1d1052e0,Bojan Mihajlovic,"5' 11""",205 lbs.,"73""",Orthodox,"Mar 30, 1980",10,6,0,1.23,0.35,5.95,0.47,0.0,0.0,0.33,0.0
67533c6e7a2ac5f7e09aee82,f3ca6908f78efebe,Terrence Mitchell,"5' 10""",135 lbs.,"74""",Orthodox,"Dec 30, 1989",14,4,0,2.21,0.34,8.85,0.41,3.69,0.5,0.0,0.0
67533c6e7a2ac5f7e09aeea9,a6fa5dd90528e9f7,Gabriel Miglioli,"5' 8""",170 lbs.,,,,9,9,0,0.0,0.0,0.0,0.0,0.0,0.0,0.0,0.0
67533c6e7a2ac5f7e09aeeaa,2b284840ca89876a,Chris Mierzwiak,"6' 1""",185 lbs.,,,"Feb 14, 1988",5,3,0,1.6,0.61,1.73,0.48,2.0,0.28,0.0,1.0
67533c6e7a2ac5f7e09aeeab,d1941565abf50b16,Jim Miller,"5' 8""",155 lbs.,"71""",Southpaw,"Aug 30, 1983",38,18,0,2.99,0.42,3.51,0.56,1.52,0.44,0.49,1.7
67533c6e7a2ac5f7e09aeeac,5b5b9c6f6f270369,Kristof Midoux,"6' 1""",220 lbs.,,Orthodox,"Jul 30, 1974",6,10,0,0.7,0.43,2.89,0.49,0.0,0.0,0.0,0.0
67533c6e7a2ac5f7e09aeead,f62850b3c7480db9,Keith Mielke,"5' 8""",185 lbs.,,,,0,5,0,0.0,0.0,0.0,0.0,0.0,0.0,0.0,0.0
67533c6e7a2ac5f7e09aeeae,a36a14985a57a1c6,Zachary Micklewright,"6' 0""",155 lbs.,"74""",Southpaw,"Aug 21, 1976",15,3,0,5.56,0.53,4.72,0.54,0.7,0.12,1.0,0.0
67533c6e7a2ac5f7e09aeebc,275cafc9de131c83,Dave Menne,"5' 10""",170 lbs.,,Orthodox,"Jul 29, 1974",45,17,2,1.84,0.44,1.99,0.42,0.46,0.5,0.57,2.5
67533c6e7a2ac5f7e09aeeb2,79325a3c1a5c3bf4,Andreas Michailidis,"6' 0""",170 lbs.,"76""",Orthodox,"Jul 18, 1988",13,6,0,2.9,0.51,3.57,0.44,1.12,0.27,0.5,0.0
67533c6e7a2ac5f7e09aeeb3,5823ceab56741617,Jonathan Meunier,"6' 3""",170 lbs.,,Switch,"Aug 04, 1987",8,1,0,3.47,0.5,1.43,0.69,0.58,0.33,0.58,0.0
67533c6e7a2ac5f7e09aeeb1,f782f953bfe7b5f2,Jonathan Micallef,"6' 0""",170 lbs.,"77""",Southpaw,"Mar 05, 1999",7,1,0,0.33,0.25,1.66,0.16,4.97,0.5,0.5,5.0
67533c6e7a2ac5f7e09aeeb6,946f341df6472ee0,Guy Mezger,"6' 1""",200 lbs.,,Orthodox,"Jan 01, 1968",30,14,2,2.3,0.32,1.36,0.72,0.39,0.5,0.88,0.0
67533c6e7a2ac5f7e09aeebb,36120738148f203f,Buck Meredith,"6' 2""",185 lbs.,,,"May 17, 1982",3,3,0,0.0,0.0,0.0,0.0,0.0,0.0,0.0,0.0
67533c6e7a2ac5f7e09aeeb5,3623bd267a2eef2e,Yaotzin Meza,"5' 9""",145 lbs.,"71""",Orthodox,"Feb 04, 1981",21,11,0,1.43,0.41,1.62,0.64,1.06,0.2,0.18,1.4
67533c6e7a2ac5f7e09aeeba,c1135a6892e916db,Adam Meredith,"6' 2""",170 lbs.,,,,5,3,0,2.63,0.5,2.11,0.55,7.89,1.0,1.0,7.9
67533c6e7a2ac5f7e09aeeb8,5bdcbd8dd681a257,Jeremiah Metcalf,"6' 1""",185 lbs.,,Orthodox,,13,7,0,1.74,0.59,0.27,0.6,4.02,0.66,1.0,2.0
67533c6e7a2ac5f7e09aeeaf,49f4b511932f71e9,David Michaud,"5' 9""",155 lbs.,,Orthodox,"Nov 10, 1988",11,3,0,3.25,0.43,4.45,0.54,2.53,0.58,0.77,0.7
67533c6e7a2ac5f7e09aeebd,3bc27ec15facbcf3,Steve Mensing,"5' 11""",185 lbs.,,Orthodox,"Dec 06, 1977",9,13,2,0.0,0.0,9.51,0.42,0.0,0.0,0.0,0.0
67533c6e7a2ac5f7e09aeeb7,e82d5f54daa85a7e,Joe Merritt,"6' 0""",170 lbs.,,Orthodox,"Mar 07, 1984",7,2,0,1.53,0.58,0.73,0.66,0.0,0.0,0.68,0.0
67533c6e7a2ac5f7e09aeeb0,f903967fd320da38,Chris Mickle,"5' 9""",145 lbs.,,Orthodox,"Jul 10, 1983",30,21,2,3.03,0.27,9.7,0.48,0.0,0.0,0.0,0.0
67533c6e7a2ac5f7e09aeeb4,f5e4ce11afbdfb61,Brandon Michaels,"5' 9""",185 lbs.,,,,4,14,0,0.0,0.0,0.0,0.0,0.0,0.0,0.0,0.0
67533c6e7a2ac5f7e09aeebf,869d68b5383131fd,Pietro Menga,"5' 7""",125 lbs.,"68""",Southpaw,"Feb 15, 1988",13,0,0,0.0,0.0,0.0,0.0,0.0,0.0,0.0,0.0
67533c6e7a2ac5f7e09aeec0,5755960ebd0b16f6,Ivan Menjivar,"5' 6""",145 lbs.,"64""",Orthodox,"May 30, 1982",25,12,0,2.78,0.37,2.76,0.65,0.56,0.28,0.38,1.0
67533c6e7a2ac5f7e09aeec1,3d5b1ce6097dbb49,Augusto Mendes,"5' 6""",135 lbs.,"65""",Orthodox,"Mar 03, 1983",6,2,0,2.42,0.34,3.91,0.56,1.75,0.33,0.8,0.0
67533c6e7a2ac5f7e09aeec2,48812daf291a4e23,Mateus Mendonca,"5' 6""",125 lbs.,"71""",Orthodox,"Jan 17, 1999",10,3,0,1.66,0.4,4.14,0.3,2.54,0.27,0.55,0.4
67533c6e7a2ac5f7e09aeec3,a495f599e787614f,Alonzo Menifield,"6' 0""",205 lbs.,"76""",Orthodox,"Oct 18, 1987",15,5,1,3.77,0.54,3.7,0.49,0.63,0.33,0.76,0.2
67533c6e7a2ac5f7e09aeec4,49e49b54e5901d0d,Eddie Mendez,"5' 10""",185 lbs.,,,"Jan 16, 1984",8,3,1,1.71,0.33,3.43,0.11,0.0,0.0,0.0,0.0
67533c6e7a2ac5f7e09aeec5,b5b684eac99ae0a3,Chad Mendes,"5' 6""",145 lbs.,"66""",Orthodox,"May 01, 1985",18,5,0,2.78,0.49,2.35,0.67,4.13,0.55,1.0,0.3
67533c6e7a2ac5f7e09aeec7,672ef06fd9f41f7d,Marcelo Mello,"5' 7""",170 lbs.,,Southpaw,,1,0,0,0.0,0.0,0.0,0.0,0.0,0.0,0.0,0.0
67533c6e7a2ac5f7e09aeec9,64b8561624d3b15e,Nair Melikyan,"5' 6""",155 lbs.,,,"Aug 08, 1997",11,0,0,0.0,0.0,0.0,0.0,0.0,0.0,0.0,0.0
67533c6e7a2ac5f7e09aeec6,8a028648f3f0761d,Fabio Mello,"5' 5""",155 lbs.,,Southpaw,,11,8,0,0.86,0.35,3.94,0.5,0.0,0.0,0.0,0.0
67533c6e7a2ac5f7e09aeec8,9b7dfb3b7d99926a,Vanessa Melo,"5' 5""",135 lbs.,"65""",Orthodox,"Mar 27, 1988",11,8,0,3.48,0.3,6.13,0.59,0.0,0.0,0.71,0.0
67533c6e7a2ac5f7e09aeecb,2b06b6ad5db63348,Brandon Melendez,"5' 11""",155 lbs.,,Southpaw,"Mar 24, 1983",25,25,0,0.84,0.26,0.56,0.63,0.0,0.0,0.25,0.0
67533c6e7a2ac5f7e09aeeca,3795fca327cbcf23,Antonio Mendes,"6' 3""",205 lbs.,"77""",Southpaw,"Apr 19, 1981",18,13,0,1.34,0.47,6.85,0.22,2.51,0.5,1.0,0.0
67533c6e7a2ac5f7e09aeecc,aa5b4eff51bdc7d1,Gilbert Melendez,"5' 9""",145 lbs.,"73""",Orthodox,"Apr 12, 1982",22,8,0,3.44,0.33,2.53,0.63,1.64,0.41,0.71,0.2
67533c6e7a2ac5f7e09aeecf,c0a93b52096b7682,Frank Megallon,"5' 10""",185 lbs.,,Southpaw,,2,3,0,1.14,0.21,5.32,0.54,0.0,0.0,0.0,0.0
67533c6e7a2ac5f7e09aeecd,6eae26c44e505775,Bryce Mejia,"6' 1""",170 lbs.,,,,3,1,0,3.49,0.62,6.98,0.5,0.0,0.0,0.0,0.0
67533c6e7a2ac5f7e09aeed1,2aa49b3766a59bcd,Jordan Mein,"6' 0""",170 lbs.,"73""",Orthodox,"Oct 10, 1989",31,12,0,3.35,0.44,2.55,0.69,1.56,0.58,0.66,0.2
67533c6e7a2ac5f7e09aeece,eee7dafac7d672b5,Brian Melancon,"5' 8""",170 lbs.,,Orthodox,"May 28, 1982",7,3,0,4.18,0.49,3.64,0.64,2.02,1.0,0.66,0.0
67533c6e7a2ac5f7e09aeed2,6c7dafd03b6cc3f8,Derrick Mehmen,"6' 4""",205 lbs.,,,"May 30, 1985",19,9,0,1.93,0.14,4.53,0.48,1.0,0.16,0.0,0.0
67533c6e7a2ac5f7e09aeed4,103b06d8707895a9,Emil Meek,"5' 11""",170 lbs.,"74""",Switch,"Aug 20, 1988",9,5,1,2.52,0.39,2.53,0.38,0.25,0.33,0.47,1.0
67533c6e7a2ac5f7e09aeed5,27c59ac201539d10,Sanford Alton Meeks,"6' 5""",265 lbs.,"75""",Orthodox,"Apr 05, 1994",1,1,0,0.71,0.42,4.47,0.38,7.06,0.25,0.0,0.0
67533c6e7a2ac5f7e09aeed3,6ac9bc2953c47345,Gerald Meerschaert,"6' 1""",185 lbs.,"77""",Southpaw,"Dec 18, 1987",37,18,0,3.1,0.45,3.45,0.53,2.01,0.35,0.42,1.5
67533c6e7a2ac5f7e09aeed6,baa9be02c3e3e038,Jose Daniel Medina,"6' 0""",185 lbs.,"74""",Orthodox,"May 17, 1991",11,4,0,1.87,0.33,4.93,0.48,0.5,0.33,0.31,0.0
67533c6e7a2ac5f7e09aeed7,f53fb9d9e57cc38e,Jason Medina,"5' 9""",180 lbs.,,,,21,15,1,0.0,0.0,0.0,0.0,0.0,0.0,0.0,0.0
67533c6e7a2ac5f7e09aeed8,681399317dbf4701,Uros Medic,"6' 1""",170 lbs.,"71""",Southpaw,"Apr 25, 1993",10,2,0,5.51,0.6,3.18,0.58,0.38,0.5,0.55,0.0
67533c6e7a2ac5f7e09aeed9,b60391da771deefe,Todd Medina,"5' 10""",193 lbs.,,Southpaw,,11,9,0,0.0,0.0,0.0,0.0,0.0,0.0,0.0,0.0
67533c6e7a2ac5f7e09aeeda,e2be0c1a9b886d92,MarQuel Mederos,"5' 10""",155 lbs.,"69""",Orthodox,"Nov 30, 1996",9,1,0,4.39,0.45,3.29,0.63,0.0,0.0,0.9,0.0
67533c6e7a2ac5f7e09aeedc,2937cb502dda0808,Anistavio Medeiros,"5' 6""",145 lbs.,,Orthodox,"May 01, 1988",19,10,0,3.64,0.44,5.0,0.47,0.0,0.0,0.0,0.0
67533c6e7a2ac5f7e09aeedb,263af068bd986548,Kaline Medeiros,"5' 3""",115 lbs.,,,,8,5,0,2.06,0.7,0.29,0.83,4.41,1.0,0.0,4.4
67533c6e7a2ac5f7e09aeedf,813550bc53b15fb0,Yancy Medeiros,"5' 10""",155 lbs.,"75""",Orthodox,"Sep 07, 1987",15,8,0,4.36,0.37,5.67,0.47,0.33,0.5,0.73,0.7
67533c6e7a2ac5f7e09aeee2,cac08b8685387ca5,James McSweeney,"6' 4""",230 lbs.,"77""",Switch,"Oct 24, 1980",15,15,0,3.94,0.55,4.33,0.42,0.52,0.33,1.0,1.1
67533c6e7a2ac5f7e09aeee1,4b47e71384a9522f,Tim Means,"6' 2""",170 lbs.,"75""",Orthodox,"Feb 20, 1984",33,17,1,5.04,0.49,3.65,0.6,1.14,0.4,0.64,0.2
67533c6e7a2ac5f7e09aeedd,7b03d9df5910917d,Daniel McWilliams,"6' 1""",185 lbs.,,,,15,37,0,3.36,0.77,0.0,0.0,0.0,0.0,1.0,21.6
67533c6e7a2ac5f7e09aeee3,f215cfbd4ba3c270,Garreth McLellan,"6' 1""",185 lbs.,"72""",Southpaw,"Sep 01, 1982",13,6,0,3.56,0.54,2.94,0.45,1.15,0.22,0.34,0.9
67533c6e7a2ac5f7e09aeee4,8336d7a85ce45481,Jason McLean,"5' 5""",145 lbs.,,,,6,7,0,0.0,0.0,0.0,0.0,0.0,0.0,0.0,0.0
67533c6e7a2ac5f7e09aeee5,7be74a12d7352df2,Sara McMann,"5' 6""",135 lbs.,"66""",Orthodox,"Sep 24, 1980",13,6,0,2.26,0.46,1.92,0.47,4.38,0.65,0.5,0.5
67533c6e7a2ac5f7e09aeee9,3351aa64aa83c4d9,Cory McKenna,"5' 3""",115 lbs.,"58""",Orthodox,"Jul 11, 1999",8,4,0,2.94,0.38,3.68,0.46,2.0,0.47,0.75,0.4
67533c6e7a2ac5f7e09aeee7,7be63795363029e8,Cody McKenzie,"6' 0""",155 lbs.,"72""",Switch,"Dec 16, 1987",16,10,0,1.74,0.34,2.5,0.67,2.5,0.25,0.14,2.5
67533c6e7a2ac5f7e09aeee8,9ca265dfe8323db3,Tim McKenzie,"6' 0""",185 lbs.,"74""",Orthodox,"Jul 21, 1982",14,9,0,1.37,0.54,2.96,0.44,0.0,0.0,0.28,2.1
67533c6e7a2ac5f7e09aeeea,809bd1a871491508,Terrance McKinney,"5' 10""",155 lbs.,"73""",Switch,"Sep 15, 1994",15,7,0,4.53,0.5,2.63,0.45,3.45,0.36,0.85,1.0
67533c6e7a2ac5f7e09aeeeb,3414b50b08a10600,Antonio McKee,"5' 8""",155 lbs.,,Southpaw,"Mar 12, 1970",29,6,2,1.37,0.45,0.74,0.74,1.47,0.33,0.57,0.0
67533c6e7a2ac5f7e09aeee6,6488729da7ac1c79,Brian McLaughlin,"5' 9""",155 lbs.,,,"May 12, 1984",6,2,0,0.0,0.0,0.0,0.0,0.0,0.0,0.0,0.0
67533c6e7a2ac5f7e09aeeec,f3ec0214794a699e,AJ McKee,"5' 10""",145 lbs.,,,,8,0,0,2.75,0.32,0.92,0.8,11.01,1.0,1.0,11.0
67533c6e7a2ac5f7e09aeeed,f748267c4ab6c127,Rhys McKee,"6' 2""",170 lbs.,"78""",Orthodox,"Sep 10, 1995",13,6,1,4.8,0.45,7.85,0.42,0.0,0.0,0.41,0.0
67533c6e7a2ac5f7e09aee7f,ba280572acfba13f,Matt Mitrione,"6' 3""",265 lbs.,"82""",Switch,"Jul 15, 1978",12,5,0,3.55,0.5,2.79,0.64,0.0,0.0,0.55,0.7
67533c6e7a2ac5f7e09aeef1,856ec65948b7d234,Ryan McGivern,"6' 0""",185 lbs.,,Orthodox,"Jan 17, 1980",13,7,0,2.22,0.29,2.22,0.57,0.0,0.0,0.0,0.0
67533c6e7a2ac5f7e09aeef0,f4c49976c75c5ab2,Conor McGregor,"5' 9""",155 lbs.,"74""",Southpaw,"Jul 14, 1988",22,6,0,5.32,0.49,4.66,0.54,0.67,0.55,0.66,0.1
67533c6e7a2ac5f7e09aeef3,1f9c371c93dfd3a9,Ryan McGillivray,"5' 11""",170 lbs.,,,"Sep 27, 1986",12,0,1,1.27,0.2,2.2,0.52,0.0,0.0,0.44,0.0
67533c6e7a2ac5f7e09aeef2,c0ac37a4a1133da9,Marcus McGhee,"5' 8""",135 lbs.,"69""",Orthodox,"May 07, 1990",10,1,0,6.06,0.48,2.83,0.64,0.46,0.33,1.0,0.5
67533c6e7a2ac5f7e09aeef4,d90b630e0561818b,Gan McGee,"6' 10""",265 lbs.,,Orthodox,"Nov 20, 1976",13,5,0,2.2,0.29,2.31,0.59,0.65,0.25,0.83,0.0
67533c6e7a2ac5f7e09aeef5,523fa774700d7d3f,Court McGee,"5' 11""",170 lbs.,"75""",Orthodox,"Dec 12, 1984",23,13,0,4.6,0.37,3.59,0.61,1.87,0.25,0.69,0.5
67533c6e7a2ac5f7e09aeef7,49c29e57d4e2be6f,Justin McElfresh,"6' 6""",205 lbs.,,Orthodox,"Jan 04, 1980",6,4,0,4.59,0.26,12.79,0.41,0.0,0.0,0.0,0.0
67533c6e7a2ac5f7e09aeef6,e4e0993befecdaf8,Liam McGeary,"6' 6""",205 lbs.,,,"Oct 04, 1982",12,2,0,1.28,0.48,1.92,0.5,0.51,1.0,0.0,2.5
67533c6e7a2ac5f7e09aeef8,a3f8356ace5e3eb5,Miles McDonald,"5' 7""",115 lbs.,,,"Aug 13, 1991",2,1,0,5.1,0.45,4.0,0.43,0.0,0.0,1.0,1.0
67533c6e7a2ac5f7e09aeef9,1fd4fbdcc67de844,Drew McFedries,"6' 0""",185 lbs.,"72""",Southpaw,"Jul 27, 1978",12,7,0,5.13,0.51,4.56,0.52,1.42,1.0,0.56,0.7
67533c6e7a2ac5f7e09aeefc,d52ef694108f8235,Michael McDonald,"5' 11""",205 lbs.,,Orthodox,"Feb 06, 1965",1,1,0,0.0,0.0,0.4,0.5,0.0,0.0,0.0,0.0
67533c6e7a2ac5f7e09aef00,eff47295daf721a6,Tamdan McCrory,"6' 4""",185 lbs.,"76""",Switch,"Nov 05, 1986",14,5,0,2.07,0.49,1.6,0.46,2.28,0.5,0.33,2.5
67533c6e7a2ac5f7e09aeefe,5cafbc97dba2e797,Robert McDaniel,"6' 3""",185 lbs.,"75""",Southpaw,"May 03, 1983",28,10,0,1.64,0.44,1.98,0.56,0.93,0.5,0.5,1.4
67533c6e7a2ac5f7e09aef01,75f871836d41f90f,Justin McCully,"6' 1""",225 lbs.,"73""",Orthodox,"Feb 18, 1976",11,5,2,1.58,0.37,2.02,0.46,1.28,0.44,0.43,0.0
67533c6e7a2ac5f7e09aeeff,baed16f18348908e,Kris McCray,"6' 0""",170 lbs.,"76""",Orthodox,"Sep 24, 1981",8,5,0,2.69,0.45,2.57,0.54,2.88,0.55,0.38,0.0
67533c6e7a2ac5f7e09aeefd,d0314416a7f26527,Michael McDonald,"5' 9""",135 lbs.,"70""",Orthodox,"Jan 15, 1991",17,4,0,2.69,0.42,2.76,0.57,1.09,0.66,0.52,1.4
67533c6e7a2ac5f7e09aef03,008dc37cca279def,Sean McCorkle,"6' 7""",265 lbs.,"81""",Orthodox,"Jul 17, 1976",17,7,0,0.85,0.44,2.48,0.52,2.12,0.4,0.33,4.2
67533c6e7a2ac5f7e09aef02,11e3fd7546359fc5,Rob McCullough,"5' 9""",155 lbs.,"69""",Orthodox,"May 26, 1977",19,8,0,2.47,0.36,2.84,0.59,0.46,1.0,0.68,0.0
67533c6e7a2ac5f7e09aef05,2a9f9db24cd032ba,Danni McCormack,"5' 4""",125 lbs.,"62""",Southpaw,"Mar 15, 1990",9,2,0,6.93,0.51,4.53,0.6,6.0,0.42,0.5,2.0
67533c6e7a2ac5f7e09aef12,7d96bc577e5178b2,Gray Maynard,"5' 9""",155 lbs.,"70""",Orthodox,"May 09, 1979",13,7,1,1.92,0.32,2.64,0.66,2.91,0.47,0.81,0.7
67533c6e7a2ac5f7e09aef13,a16ce18149021139,Elaina Maxwell,"5' 8""",145 lbs.,,Orthodox,"Dec 16, 1978",7,4,0,2.07,0.6,2.4,0.53,0.0,0.0,0.5,1.0
67533c6e7a2ac5f7e09aef0b,7e7d81bf162a5ec1,Scott McAfee,"5' 8""",155 lbs.,,Orthodox,"Aug 23, 1983",14,7,0,0.0,0.0,1.33,0.5,0.0,0.0,0.0,0.0
67533c6e7a2ac5f7e09aef11,c32fdfe75cda5b22,Jeremy May,"6' 1""",185 lbs.,,,"Oct 23, 1986",13,10,0,0.0,0.0,0.0,0.0,0.0,0.0,0.0,0.0
67533c6e7a2ac5f7e09aef0a,7b3c13fe33556a21,Francesco Mazzeo,"6' 3""",205 lbs.,"75""",Orthodox,"Sep 23, 1997",4,1,0,1.83,0.44,0.75,0.65,3.23,0.5,0.0,0.0
67533c6e7a2ac5f7e09aef10,1a9480fc288e55d7,Don'Tale Mayes,"6' 6""",260 lbs.,"81""",Orthodox,"Jan 16, 1992",11,7,0,3.51,0.43,3.79,0.46,0.65,0.38,0.58,0.0
67533c6e7a2ac5f7e09aef09,51018a31ddf31eb2,Molly McCann,"5' 4""",115 lbs.,"62""",Orthodox,"May 04, 1990",14,7,0,5.39,0.49,4.72,0.62,1.84,0.36,0.39,0.5
67533c6e7a2ac5f7e09aef08,701e057d63c124d9,Ian McCall,"5' 5""",125 lbs.,"64""",Orthodox,"May 07, 1984",13,5,1,3.59,0.39,3.25,0.67,2.08,0.3,0.88,0.0
67533c6e7a2ac5f7e09aef07,443f60bec7c3c3d5,Michael McBride,"6' 1""",155 lbs.,,Orthodox,"Mar 09, 1986",8,3,0,4.08,0.48,5.85,0.4,1.85,0.42,0.3,1.2
67533c6e7a2ac5f7e09aef0f,1b41c21d947d6f2f,Brooke Mayo,"5' 7""",125 lbs.,,,,0,1,0,1.92,0.34,3.2,0.63,3.2,0.6,0.0,2.1
67533c6e7a2ac5f7e09aef14,12585614e0ed2626,Nick Maximov,"6' 0""",185 lbs.,"76""",Southpaw,"Dec 23, 1997",8,2,0,1.93,0.45,2.64,0.46,4.16,0.45,0.35,0.2
67533c6e7a2ac5f7e09aef0c,70d2329a92864fdb,Sabina Mazo,"5' 7""",125 lbs.,"70""",Orthodox,"Mar 25, 1997",9,4,0,6.1,0.43,4.35,0.57,0.65,0.8,0.59,0.2
67533c6e7a2ac5f7e09aef0e,2c6e81426dd7573c,Jack May,"6' 8""",255 lbs.,,Switch,"Apr 14, 1981",9,3,0,1.52,0.38,3.29,0.33,0.91,0.33,0.2,0.0
67533c6e7a2ac5f7e09aef0d,016a8d958883167c,Gina Mazany,"5' 6""",125 lbs.,"68""",Southpaw,"Aug 19, 1988",7,6,0,3.73,0.5,3.52,0.5,4.34,0.52,0.33,0.2
67533c6e7a2ac5f7e09aef16,ccdd90bd1fc7dab6,Vladimir Matyushenko,"6' 0""",205 lbs.,"74""",Orthodox,"Jan 04, 1971",27,8,0,1.9,0.44,1.62,0.59,3.25,0.46,0.7,0.1
67533c6e7a2ac5f7e09aef1c,990060b2a68a7b82,Naoki Matsushita,"5' 6""",155 lbs.,,Orthodox,,12,16,11,3.3,0.32,2.2,0.63,1.5,1.0,0.0,0.0
67533c6e7a2ac5f7e09aef27,5b2d7906aa894274,Mike Massenzio,"6' 2""",185 lbs.,"73""",Southpaw,"Nov 01, 1982",13,9,0,2.08,0.45,3.59,0.54,2.74,0.24,0.5,1.4
67533c6e7a2ac5f7e09aef22,cd42bbe8887bba90,Daijiro Matsui,"5' 9""",200 lbs.,,Orthodox,"Dec 05, 1972",13,29,7,0.84,0.45,1.69,0.55,1.83,0.3,0.43,0.4
67533c6e7a2ac5f7e09aef24,3a524c6700addc24,Tateki Matsuda,"5' 7""",125 lbs.,,Orthodox,"Feb 27, 1986",13,8,0,3.2,0.34,3.43,0.69,0.0,0.0,0.16,0.0
67533c6e7a2ac5f7e09aef2b,c046100aea0dba9a,Shoji Maruyama,"5' 7""",139 lbs.,,Orthodox,"Apr 24, 1983",12,9,1,1.4,0.63,0.27,0.55,0.0,0.0,0.54,0.0
67533c6e7a2ac5f7e09aef15,f29a6350c69f4a33,Miranda Maverick,"5' 3""",125 lbs.,"65""",Southpaw,"Jul 01, 1997",16,5,0,3.59,0.45,2.46,0.59,2.43,0.45,0.41,0.3
67533c6e7a2ac5f7e09aef19,36e78278a77006d4,Connor Matthews,"5' 8""",145 lbs.,"71""",Switch,"May 31, 1992",7,2,0,5.3,0.44,6.19,0.56,2.97,0.53,0.5,0.7
67533c6e7a2ac5f7e09aef25,ca743f96dd2063d5,Tiffany Masters,"5' 3""",115 lbs.,"65""",Orthodox,"Jul 31, 1994",2,1,0,3.53,0.62,2.58,0.5,3.06,0.6,0.0,0.0
67533c6e7a2ac5f7e09aef1b,18e4f61f16f458c6,AJ Matthews,"5' 11""",185 lbs.,,,,8,7,0,5.11,0.52,4.96,0.51,0.0,0.0,1.0,0.0
67533c6e7a2ac5f7e09aef20,ffd3224638c01b57,Jean Matsumoto,"5' 6""",135 lbs.,"68""",Orthodox,"Sep 09, 1999",16,0,0,5.2,0.4,5.05,0.46,1.13,0.27,0.57,0.4
67533c6e7a2ac5f7e09aef23,eec3fe66a8b11a26,Al Matavao,"5' 8""",205 lbs.,"67""",Orthodox,"Feb 23, 1994",8,3,0,7.84,0.46,6.7,0.58,0.0,0.0,0.0,0.0
67533c6e7a2ac5f7e09aef2a,6dedfe07640a9acc,Islem Masraf,"6' 0""",205 lbs.,"74""",Southpaw,"Jun 07, 1996",3,1,0,0.68,0.2,3.88,0.15,0.0,0.0,1.0,0.0
67533c6e7a2ac5f7e09aef26,883922e5cd6d8473,Jameel Massouh,"5' 10""",145 lbs.,"72""",Orthodox,"Sep 12, 1984",26,9,0,1.91,0.54,2.62,0.55,0.67,0.15,0.5,0.7
67533c6e7a2ac5f7e09aef1d,a845f0735bc67405,Jake Matthews,"5' 11""",170 lbs.,"73""",Orthodox,"Aug 19, 1994",20,7,0,3.38,0.44,2.54,0.61,1.56,0.41,0.64,0.6
67533c6e7a2ac5f7e09aef1f,2fb6f197d1fbc779,Koichiro Matsumoto,"5' 7""",145 lbs.,,,"Mar 07, 1986",15,3,1,1.9,0.26,3.5,0.31,0.0,0.0,0.0,0.0
67533c6e7a2ac5f7e09aef28,47b9e0e7703a4868,Jorge Masvidal,"5' 11""",170 lbs.,"74""",Orthodox,"Nov 12, 1984",35,17,0,4.05,0.47,3.05,0.64,1.38,0.59,0.72,0.3
67533c6e7a2ac5f7e09aef29,aa1a873d05acc7eb,Kazuma Maruyama,"5' 11""",155 lbs.,"72""",Orthodox,"Jul 19, 1992",11,7,0,3.83,0.41,2.23,0.53,4.79,0.33,1.0,0.0
67533c6e7a2ac5f7e09aef17,c933d423ebdbbbdb,John Matua,"6' 2""",400 lbs.,,Orthodox,,1,4,0,0.0,0.0,0.0,0.0,0.0,0.0,0.0,0.0
67533c6e7a2ac5f7e09aef04,da97d6c97d09c030,Charles McCarthy,"5' 10""",185 lbs.,"71""",Orthodox,"Aug 06, 1980",10,5,0,0.18,0.12,4.03,0.56,2.67,0.6,0.0,2.7
67533c6e7a2ac5f7e09aef21,56cc76c55cee8410,Toki Matsui,"5' 6""",125 lbs.,"65""",Orthodox,"Sep 08, 1999",6,1,0,0.0,0.0,0.0,0.0,0.0,0.0,0.0,0.0
67533c6e7a2ac5f7e09aef1e,5ad226da6c74a48e,Koyomi Matsushima,"5' 7""",145 lbs.,"66""",Orthodox,"Oct 08, 1992",13,6,0,2.7,0.47,2.83,0.59,9.0,0.52,0.33,0.0
67533c6e7a2ac5f7e09aef2d,a17322f99ddfd8e9,Bristol Marunde,"6' 1""",170 lbs.,"75""",Orthodox,"Apr 20, 1982",16,10,0,1.42,0.21,4.4,0.47,1.6,0.33,0.14,0.0
67533c6e7a2ac5f7e09aef2e,7413b80dbb0f8f9f,Lucas Martins,"6' 0""",145 lbs.,"72""",Southpaw,"Nov 11, 1988",19,3,0,2.87,0.35,4.14,0.6,0.0,0.0,0.76,0.5
67533c6e7a2ac5f7e09aef31,f77afa72da84c9a8,Julieta Martinez,"5' 1""",115 lbs.,"62""",Orthodox,"Sep 14, 2004",8,0,0,2.53,0.44,3.6,0.41,5.0,0.45,1.0,0.0
67533c6e7a2ac5f7e09aef30,7dcf06c1967801c1,Adriano Martins,"5' 10""",155 lbs.,"72""",Southpaw,"Dec 16, 1982",28,9,0,1.8,0.38,2.14,0.65,0.83,0.8,0.81,0.4
67533c6e7a2ac5f7e09aef39,feffee4fc6da3aa3,Alonzo Martinez,"5' 10""",155 lbs.,,,"Apr 22, 1984",42,20,1,3.07,0.27,7.33,0.52,0.0,0.0,0.0,0.0
67533c6e7a2ac5f7e09aef33,3f4c3bc822bea45d,Melissa Martinez,"5' 2""",115 lbs.,"66""",Southpaw,"Aug 18, 1997",8,1,0,3.9,0.52,4.33,0.55,0.5,0.5,0.25,0.0
67533c6e7a2ac5f7e09aef32,563d051c9e769b24,Wagner da Conceicao Martins,"6' 7""",390 lbs.,,Orthodox,"May 19, 1978",9,8,0,1.91,0.37,5.43,0.42,2.2,1.0,1.0,0.0
67533c6e7a2ac5f7e09aef2f,9a97acbfd5a08bfa,David Martinez,"5' 6""",135 lbs.,"66""",Orthodox,"Aug 03, 1998",11,1,0,5.27,0.49,3.07,0.66,0.0,0.0,1.0,0.0
67533c6e7a2ac5f7e09aef41,5331b25a60417ffb,Anthony Rocco Martin,"6' 0""",170 lbs.,"73""",Orthodox,"Dec 11, 1989",17,6,0,2.68,0.37,2.59,0.58,0.71,0.27,0.68,1.0
67533c6e7a2ac5f7e09aef3f,19b7738321cfae42,Mallory Martin,"5' 4""",115 lbs.,"63""",Orthodox,"Jan 29, 1994",7,5,0,4.42,0.48,6.64,0.55,2.28,0.43,0.25,0.3
67533c6e7a2ac5f7e09aef36,8851bb0418d27d28,Poppies Martinez,"5' 9""",145 lbs.,,,"Aug 19, 1983",29,11,0,2.88,0.5,2.16,0.51,1.54,0.33,0.5,9.2
67533c6e7a2ac5f7e09aef3d,8a9c6c4301f6d088,Danny Martinez,"5' 6""",125 lbs.,"67""",Orthodox,"Jun 14, 1985",21,8,0,2.73,0.28,3.77,0.63,3.0,0.45,0.36,0.0
67533c6e7a2ac5f7e09aef3b,577ec7e108b94be3,Rainy Martinez,"6' 0""",199 lbs.,,Orthodox,,0,2,0,0.0,0.0,0.0,0.0,0.0,0.0,0.0,0.0
67533c6e7a2ac5f7e09aef37,f8c2aba4815876b5,Andrew Martinez,"5' 9""",215 lbs.,,,,9,6,0,3.4,0.31,2.3,0.47,1.5,0.5,0.0,0.0
67533c6e7a2ac5f7e09aef3e,9acf42aebe9bb895,Michal Martinek,"6' 2""",230 lbs.,,Southpaw,"Apr 19, 1990",7,1,0,2.45,0.53,4.29,0.51,0.0,0.0,0.0,0.0
67533c6e7a2ac5f7e09aef38,c0386644627a7ee5,Mana Martinez,"5' 10""",135 lbs.,"70""",Orthodox,"Mar 25, 1996",10,4,0,4.33,0.48,4.94,0.5,0.72,0.42,0.25,0.5
67533c6e7a2ac5f7e09aef40,92c96df8bdab5fea,Dave Martin,"6' 0""",205 lbs.,,,,0,2,0,0.0,0.0,0.0,0.0,0.0,0.0,0.0,0.0
67533c6e7a2ac5f7e09aef3c,f2477cf43c4975cc,Jonathan Martinez,"5' 8""",135 lbs.,"70""",Southpaw,"Apr 20, 1994",19,6,0,4.44,0.49,4.09,0.56,0.38,0.35,0.68,0.1
67533c6e7a2ac5f7e09aef35,2c5a0b8317f8f27a,Roque Martinez,"5' 10""",250 lbs.,"72""",Orthodox,"Mar 04, 1986",15,8,2,3.28,0.53,4.9,0.56,0.38,0.5,0.53,0.4
67533c6e7a2ac5f7e09aef34,3e708ce33b6b18e6,Victor Martinez,"5' 8""",155 lbs.,"70""",Orthodox,"Jul 17, 1991",13,6,0,7.94,0.51,7.66,0.53,0.7,0.33,0.8,0.0
67533c6e7a2ac5f7e09aef3a,76729a829623e266,Henry Martinez,"5' 7""",155 lbs.,"69""",Southpaw,"Aug 07, 1983",9,4,0,2.79,0.25,4.01,0.6,0.0,0.0,0.8,0.0
67533c6e7a2ac5f7e09aef42,325550dab63fb25a,Joe Martin,"5' 9""",170 lbs.,,,,6,8,0,0.73,0.4,2.4,0.45,0.0,0.0,0.16,0.0
67533c6e7a2ac5f7e09aef43,3da19339ee7051d5,Justin Martin,"6' 0""",185 lbs.,,,,4,3,0,0.0,0.0,0.0,0.0,0.0,0.0,0.0,0.0
67533c6e7a2ac5f7e09aef45,6a92caba39b64752,Terry Martin,"5' 8""",185 lbs.,"71""",Orthodox,"Oct 10, 1980",23,11,0,2.82,0.43,3.13,0.54,3.1,0.42,0.92,0.0
67533c6e7a2ac5f7e09aef47,0a2813f89a758ff7,David Marshall,"6' 2""",170 lbs.,,,"Aug 24, 1984",8,4,0,0.0,0.0,0.0,0.0,0.0,0.0,0.0,0.0
67533c6e7a2ac5f7e09aef46,0c1773639c795466,Doug Marshall,"5' 10""",205 lbs.,,Orthodox,"Sep 09, 1975",18,8,0,6.99,0.46,4.02,0.6,0.0,0.0,0.66,2.4
67533c6e7a2ac5f7e09aef4a,b6b12014698cc345,John Marsh,"6' 0""",265 lbs.,,Orthodox,"Sep 15, 1970",8,7,0,0.83,0.42,2.23,0.4,0.43,1.0,0.54,0.4
67533c6e7a2ac5f7e09aef48,045f25b3a4c08e81,Jack Marshman,"6' 0""",185 lbs.,"73""",Orthodox,"Dec 19, 1989",23,10,0,2.74,0.25,4.19,0.56,0.0,0.0,0.2,0.0
67533c6e7a2ac5f7e09aef49,5d495dec23d7c68e,Francis Marshall,"5' 9""",145 lbs.,"72""",Orthodox,"Mar 03, 1999",8,2,0,3.69,0.34,4.16,0.53,2.68,0.41,0.5,0.5
67533c6e7a2ac5f7e09aef4b,a08d909a5be6f410,Eliot Marshall,"6' 2""",205 lbs.,"77""",Orthodox,"Jul 07, 1980",10,4,0,1.93,0.27,2.39,0.67,0.47,0.33,0.79,0.9
67533c6e7a2ac5f7e09aef51,687c15b2eddfaa63,Danilo Marques,"6' 6""",205 lbs.,"77""",Orthodox,"Dec 26, 1985",11,4,0,1.44,0.79,2.52,0.52,3.93,0.28,0.0,0.8
67533c6e7a2ac5f7e09aef50,a8e6a69796280f17,Nate Marquardt,"6' 0""",185 lbs.,"74""",Orthodox,"Apr 20, 1979",35,19,2,2.71,0.49,2.32,0.55,1.87,0.51,0.7,0.8
67533c6e7a2ac5f7e09aef4e,aa03a3ca00ac6827,Carmelo Marrero,"6' 0""",205 lbs.,"73""",Orthodox,"Jan 26, 1981",16,6,0,0.84,0.34,2.04,0.54,3.21,0.36,0.36,0.9
67533c6e7a2ac5f7e09aef53,c7be22a47a58365a,Christina Marks,"5' 7""",125 lbs.,"69""",Orthodox,"Nov 08, 1985",8,9,0,5.0,0.58,3.0,0.64,7.5,1.0,0.0,0.0
67533c6e7a2ac5f7e09aef52,d7fe8c6b7d2872e5,Brendon Marotte,"5' 9""",145 lbs.,"70""",Orthodox,"Jan 12, 1996",8,3,0,0.41,0.5,5.7,0.28,0.0,0.0,0.0,0.0
67533c6e7a2ac5f7e09aef54,23a16ebe733e3041,Rory Markham,"6' 0""",170 lbs.,"71""",Orthodox,"Mar 25, 1982",17,6,0,1.98,0.21,10.27,0.45,0.0,0.0,0.0,0.0
67533c6e7a2ac5f7e09aef4f,d0e1b42d41dab603,Julian Marquez,"6' 2""",185 lbs.,"72""",Orthodox,"May 08, 1990",9,5,0,4.85,0.45,5.06,0.5,0.0,0.0,0.53,2.6
67533c6e7a2ac5f7e09aef55,4a57ebb14315b251,Randa Markos,"5' 4""",115 lbs.,"63""",Orthodox,"Aug 10, 1985",11,12,1,2.97,0.43,3.1,0.58,1.12,0.28,0.52,0.2
67533c6e7a2ac5f7e09aef59,bd21a1e3d41c97ee,Ronny Markes,"6' 1""",185 lbs.,"75""",Orthodox,"Apr 21, 1988",17,5,0,2.17,0.53,2.43,0.45,3.13,0.4,1.0,0.5
67533c6e7a2ac5f7e09aef57,72e5e5a6edfa8223,Marcos Mariano,"6' 1""",155 lbs.,"76""",Switch,"Oct 12, 1986",6,6,0,0.25,0.27,2.11,0.43,0.0,0.0,0.28,0.0
67533c6e7a2ac5f7e09aef56,23a6e307077c6ccc,Enrique Marin,"5' 10""",170 lbs.,,,"Sep 02, 1986",10,4,0,1.43,0.33,3.0,0.5,2.5,0.38,0.6,1.0
67533c6e7a2ac5f7e09aef58,b35ba64b6a2bbcb3,Jose Maria,"5' 5""",125 lbs.,,Orthodox,"Jan 04, 1982",37,7,0,3.2,0.53,3.98,0.52,2.32,0.27,0.33,2.3
67533c6e7a2ac5f7e09aeeee,00a905a4a4a2b071,Greg McIntyre,"5' 10""",155 lbs.,,Orthodox,"Apr 21, 1980",6,4,0,0.79,0.3,1.36,0.41,5.09,0.5,0.0,0.0
67533c6e7a2ac5f7e09aef5b,ff4c3ab594c7fac3,Cristiano Marcello,"5' 9""",155 lbs.,"72""",Orthodox,"Dec 03, 1977",13,6,0,2.56,0.33,3.61,0.58,0.44,0.11,0.2,0.9
67533c6e7a2ac5f7e09aef5c,850266b3dc4e506e,Daniel Marcos,"5' 7""",135 lbs.,"69""",Orthodox,"Mar 07, 1993",16,0,0,5.94,0.52,4.0,0.63,0.25,0.5,0.87,0.0
67533c6e7a2ac5f7e09aef5e,a23e63184c65f5b8,Chris Manuel,"5' 9""",135 lbs.,,Orthodox,"Jul 21, 1987",9,7,2,2.53,0.4,2.67,0.66,1.0,0.2,1.0,0.0
67533c6e7a2ac5f7e09aef5f,a0602dd050bebefc,Jon Manley,"6' 1""",170 lbs.,,Orthodox,"Jul 07, 1986",9,4,0,1.13,0.2,4.33,0.45,1.0,0.07,0.2,0.0
67533c6e7a2ac5f7e09aef60,b6c6d1731ff00eeb,Melchor Manibusan,"5' 5""",154 lbs.,,Southpaw,"Dec 27, 1976",2,4,0,1.58,0.54,5.79,0.15,0.0,0.0,0.0,0.0
67533c6e7a2ac5f7e09aef61,e192ebb85b68fa9e,Dylan Mantello,"6' 1""",155 lbs.,"73""",Orthodox,"Nov 19, 1992",8,4,0,4.69,0.62,4.76,0.55,0.0,0.0,0.76,0.0
67533c6e7a2ac5f7e09aef62,b6203e0492a9336c,Marnic Mann,"5' 0""",115 lbs.,"64""",Southpaw,"Mar 05, 1993",6,3,0,1.47,0.41,5.08,0.31,1.9,0.33,0.25,0.4
67533c6e7a2ac5f7e09aef63,e5767ed355a937c2,Melvin Manhoef,"5' 9""",185 lbs.,,Orthodox,"May 11, 1976",30,14,1,3.52,0.48,2.64,0.51,0.33,0.25,0.78,0.0
67533c6e7a2ac5f7e09aef64,1c0ffc63d8ec8f45,Gary Mangat,"5' 7""",135 lbs.,,,,15,3,0,0.0,0.0,0.0,0.0,0.0,0.0,0.0,0.0
67533c6e7a2ac5f7e09aef67,6e9f40c706f91f32,Nate Maness,"5' 10""",125 lbs.,"72""",Orthodox,"Jun 27, 1991",16,3,0,3.14,0.5,3.88,0.42,0.68,0.75,0.8,0.7
67533c6e7a2ac5f7e09aef68,725a834930c2b5bf,Troy Mandaloniz,"5' 9""",170 lbs.,,Orthodox,"Feb 01, 1980",3,2,0,3.52,0.56,4.71,0.63,3.1,0.66,0.57,0.0
67533c6e7a2ac5f7e09aef69,dd6103dd7127db1d,Mike Malott,"6' 1""",170 lbs.,"73""",Orthodox,"Nov 07, 1991",11,2,1,3.85,0.46,3.06,0.53,2.27,0.56,0.16,0.8
67533c6e7a2ac5f7e09aef6a,d4270315cbcf2569,Jacob Malkoun,"5' 9""",185 lbs.,"73""",Orthodox,"Aug 26, 1995",8,3,0,3.86,0.56,2.48,0.52,6.62,0.42,0.2,0.4
67533c6e7a2ac5f7e09aef6d,e5ce754b01f922be,Marvin Maldonado,"5' 6""",135 lbs.,,,,2,4,0,0.87,0.56,3.47,0.43,0.0,0.0,0.2,0.0
67533c6e7a2ac5f7e09aef6b,d38e8c6ae2dfc051,Nazareno Malegarie,"5' 8""",155 lbs.,,,"May 16, 1986",28,4,0,3.87,0.34,3.27,0.69,1.0,0.33,0.0,0.0
67533c6e7a2ac5f7e09aef6c,a314687f372b2cec,Carl Malenko,"5' 11""",200 lbs.,,Orthodox,,6,4,0,0.0,0.0,0.0,0.0,0.0,0.0,0.0,0.0
67533c6e7a2ac5f7e09aef6e,b60c980f79b87ce8,Bea Malecki,"5' 9""",135 lbs.,"74""",Orthodox,"Aug 23, 1991",4,1,0,6.84,0.46,6.96,0.62,0.0,0.0,0.78,1.1
67533c6e7a2ac5f7e09aef6f,110404b505fb562c,Jeremy Malaterre,"5' 11""",155 lbs.,,,,4,2,0,0.0,0.0,0.0,0.0,0.0,0.0,0.0,0.0
67533c6e7a2ac5f7e09aef70,7f1bf0c255ec8756,Azat Maksum,"5' 7""",125 lbs.,"70""",Southpaw,"Feb 02, 1995",17,1,0,2.8,0.23,5.23,0.55,2.0,0.22,0.66,0.5
67533c6e7a2ac5f7e09aef71,1fb80f46d3c105d9,Fabio Maldonado,"6' 1""",205 lbs.,"75""",Orthodox,"Mar 17, 1980",23,11,0,5.29,0.58,4.31,0.53,0.44,0.57,0.61,0.6
67533c6e7a2ac5f7e09aef72,275aca31f61ba28c,Islam Makhachev,"5' 10""",155 lbs.,"70""",Southpaw,"Oct 27, 1991",26,1,0,2.65,0.59,1.54,0.61,3.19,0.53,0.9,1.1
67533c6e7a2ac5f7e09aef73,3d481aa374c954a1,Aliev Makhmud,"5' 6""",195 lbs.,,Southpaw,"Feb 13, 1970",0,1,0,1.12,0.3,2.24,0.36,2.1,0.5,0.0,0.0
67533c6e7a2ac5f7e09aef74,57ab4d7c0bc09a30,Zach Makovsky,"5' 4""",125 lbs.,"64""",Southpaw,"Apr 19, 1983",20,8,0,1.94,0.43,2.24,0.62,3.71,0.3,0.56,0.3
67533c6e7a2ac5f7e09aef75,938ad489fb7a1f31,Levan Makashvili,"5' 8""",145 lbs.,"68""",Orthodox,"Jan 07, 1989",15,2,1,2.87,0.54,2.07,0.61,3.67,0.42,0.85,0.0
67533c6e7a2ac5f7e09aef77,c21a036b4e012f1c,John Makdessi,"5' 8""",155 lbs.,"68""",Orthodox,"May 03, 1985",18,9,0,5.52,0.49,4.15,0.68,0.0,0.0,0.86,0.0
67533c6e7a2ac5f7e09aef78,03b1b79b34eaf217,Nayara Maia,"5' 5""",125 lbs.,"66""",Orthodox,"Jul 25, 1990",7,1,1,0.6,0.36,3.33,0.43,1.0,0.33,0.0,1.0
67533c6e7a2ac5f7e09aef79,7a9c1bb08a743d7f,Klayton Mai,"5' 9""",125 lbs.,,,"Nov 30, 1986",8,3,0,1.53,0.42,1.02,0.63,3.83,1.0,0.0,7.7
67533c6e7a2ac5f7e09aef7a,ae58685caf8e4a0d,Bill Mahood,"6' 3""",200 lbs.,,Orthodox,"Feb 01, 1967",20,7,1,1.54,0.85,3.59,0.17,0.0,0.0,0.0,3.9
67533c6e7a2ac5f7e09aef7b,8e1f36476ef02a6a,Jennifer Maia,"5' 4""",125 lbs.,"64""",Orthodox,"Oct 06, 1988",21,10,1,4.35,0.38,4.52,0.55,0.42,0.27,0.58,0.1
67533c6e7a2ac5f7e09aef7d,427b5953ac8e3a27,Demian Maia,"6' 1""",170 lbs.,"72""",Southpaw,"Nov 06, 1977",28,11,0,1.8,0.43,2.07,0.63,2.49,0.24,0.61,1.0
67533c6e7a2ac5f7e09aef86,d16373b3568678d4,Raimond Magomedaliev,"6' 1""",170 lbs.,"75""",Orthodox,"Jun 10, 1990",10,2,0,4.07,0.41,4.75,0.41,0.0,0.0,0.0,0.0
67533c6e7a2ac5f7e09aef94,cc63a5f0089d8ba9,Victor Madrigal,"5' 7""",135 lbs.,"71""",Orthodox,"Aug 16, 1990",15,5,0,2.31,0.38,9.56,0.5,0.0,0.0,0.0,0.0
67533c6e7a2ac5f7e09aef87,7ea1f74cef32f906,Rashid Magomedov,"5' 9""",155 lbs.,"70""",Orthodox,"Nov 29, 1984",20,2,0,4.4,0.49,3.05,0.54,0.67,0.57,0.89,0.2
67533c6e7a2ac5f7e09aef80,06734ca9d88dec3a,Shara Magomedov,"6' 2""",185 lbs.,"73""",Orthodox,"May 16, 1994",15,0,0,6.82,0.65,4.49,0.42,0.0,0.0,0.71,0.0
67533c6e7a2ac5f7e09aef96,e25bcbcdaf6537a1,Reza Madadi,"5' 11""",155 lbs.,"73""",Orthodox,"Jun 20, 1978",14,6,0,2.51,0.46,3.31,0.66,3.17,0.33,0.89,0.5
67533c6e7a2ac5f7e09aef93,7691a80e6ca3e55b,Jon Madsen,"6' 0""",240 lbs.,"72""",Orthodox,"Feb 12, 1980",8,2,0,2.46,0.41,1.18,0.81,1.32,0.71,0.7,0.0
67533c6e7a2ac5f7e09aef95,a8d521d913df4e31,Ryan Madigan,"6' 0""",170 lbs.,,Orthodox,,5,3,0,0.0,0.0,3.35,0.47,0.0,0.0,0.0,0.0
67533c6e7a2ac5f7e09aef8b,84b3e7d38f2d2ec5,Neil Magny,"6' 3""",170 lbs.,"80""",Orthodox,"Aug 03, 1987",29,14,0,3.43,0.46,2.48,0.51,2.12,0.38,0.53,0.2
67533c6e7a2ac5f7e09aef85,e7e970d508529bf3,Ibragim Magomedov,"6' 0""",250 lbs.,,Orthodox,,22,8,1,0.26,0.04,3.86,0.42,0.0,0.0,0.0,0.0
67533c6e7a2ac5f7e09aef8a,bd878a638e0e3be3,Angela Magana,"5' 1""",115 lbs.,"65""",Orthodox,"Aug 02, 1983",11,9,0,1.53,0.28,4.92,0.42,0.4,0.25,0.28,0.4
67533c6e7a2ac5f7e09aef8d,7a613f78dd7ee8f8,Bernardo Magalhaes,"5' 9""",155 lbs.,,Orthodox,"Apr 08, 1981",13,4,0,1.8,0.27,3.37,0.68,0.0,0.0,0.0,0.5
67533c6e7a2ac5f7e09aef90,88a9bc81271ccd89,Vinny Magalhaes,"6' 3""",205 lbs.,"75""",Orthodox,"Jul 02, 1984",14,9,0,2.14,0.24,3.97,0.68,1.55,0.44,0.66,0.8
67533c6e7a2ac5f7e09aef84,369e1ce458ef50a6,Ruslan Magomedov,"6' 3""",242 lbs.,"78""",Orthodox,"Nov 26, 1986",14,1,0,4.02,0.47,1.47,0.66,0.33,1.0,0.88,0.0
67533c6e7a2ac5f7e09aef97,e88b83dea18f5d31,Pauline Macias,"5' 4""",115 lbs.,"64""",Southpaw,"Jun 27, 1988",4,1,0,0.8,0.29,4.6,0.42,2.0,0.18,0.0,0.0
67533c6e7a2ac5f7e09aef83,87aa9fb63d6b51a1,Zabit Magomedsharipov,"6' 1""",145 lbs.,"73""",Orthodox,"Mar 01, 1991",18,1,0,4.89,0.48,3.0,0.64,5.22,0.56,0.77,0.8
67533c6e7a2ac5f7e09aef98,cd7bafbeee1f29a0,War Machine,"5' 11""",170 lbs.,,Orthodox,"Nov 30, 1981",14,5,0,2.32,0.6,3.17,0.43,1.16,0.5,0.4,0.0
67533c6e7a2ac5f7e09aef92,da0995f19b749cfa,Mark Madsen,"5' 8""",155 lbs.,"72""",Orthodox,"Sep 23, 1984",12,2,0,3.56,0.49,3.97,0.52,2.86,0.66,0.62,0.0
67533c6e7a2ac5f7e09aef8e,0c5c66ddd1886b83,Caio Magalhaes,"6' 1""",185 lbs.,"73""",Orthodox,"Dec 14, 1987",10,3,0,2.27,0.4,2.78,0.56,1.05,0.15,0.58,1.6
67533c6e7a2ac5f7e09aef82,36b8f265bcd1b7a4,Abus Magomedov,"6' 2""",185 lbs.,"78""",Orthodox,"Sep 02, 1990",27,6,1,2.65,0.44,3.35,0.55,3.12,0.64,1.0,0.3
67533c6e7a2ac5f7e09aef7f,1a7745388839e52b,John Maguire,"5' 9""",155 lbs.,"69""",Southpaw,"May 19, 1983",24,9,0,1.41,0.41,2.44,0.65,2.8,0.46,0.77,1.1
67533c6e7a2ac5f7e09aef7e,8c1ca54b5089d199,Maheshate,"6' 0""",155 lbs.,"71""",Orthodox,"Dec 01, 1999",10,4,0,3.86,0.29,5.64,0.53,0.0,0.0,0.45,0.0
67533c6e7a2ac5f7e09aef91,8bbc0cfc01bc1ba1,Leonardo Mafra,"5' 10""",155 lbs.,"70""",Orthodox,"Apr 25, 1989",13,4,0,4.55,0.48,4.38,0.43,2.12,0.83,0.69,0.4
67533c6e7a2ac5f7e09aef8f,a4bf17bd3ba3423b,Yoshiro Maeda,"5' 7""",139 lbs.,"68""",Southpaw,"Oct 31, 1981",35,16,5,2.36,0.33,2.55,0.63,2.93,0.51,0.5,0.7
67533c6e7a2ac5f7e09aef99,dedc3bb440d09554,Anthony Macias,"5' 9""",185 lbs.,,Switch,,26,18,0,0.0,0.0,0.0,0.0,0.0,0.0,0.0,0.0
67533c6e7a2ac5f7e09aef9a,442c9011034ae1fd,Ian Machado Garry,"6' 3""",170 lbs.,"74""",Orthodox,"Nov 17, 1997",15,0,0,5.5,0.55,3.17,0.52,0.77,0.55,0.69,0.3
67533c6e7a2ac5f7e09aef9c,f7a7f7118d4b01b6,Lyoto Machida,"6' 1""",185 lbs.,"74""",Southpaw,"May 30, 1978",24,8,0,2.59,0.53,1.57,0.61,1.21,0.65,0.75,0.4
67533c6e7a2ac5f7e09aef9b,68c7ad953455c73f,Don Madge,"6' 0""",155 lbs.,"72""",Southpaw,"Nov 12, 1990",9,3,1,2.08,0.52,0.74,0.67,2.22,0.25,0.8,0.7
67533c6e7a2ac5f7e09aef9d,89839250eb25c9c1,Caio Machado,"6' 4""",250 lbs.,"78""",Southpaw,"Jul 20, 1994",8,4,1,5.82,0.53,2.87,0.63,0.0,0.0,0.82,0.0
67533c6e7a2ac5f7e09aef9e,a1a91dbf41a029c4,Valesca Machado,"5' 4""",115 lbs.,"63""",Orthodox,"May 06, 1996",8,3,0,2.4,0.32,2.87,0.64,0.0,0.0,0.76,0.0
67533c6e7a2ac5f7e09aefa7,a789defa9086da46,Justin Guthrie,"6' 1""",170 lbs.,,,"Jan 19, 1981",18,9,0,0.16,0.33,3.74,0.14,2.44,0.25,0.0,4.9
67533c6e7a2ac5f7e09aefa8,cd85b48dc880fabd,Horacio Gutierrez,"5' 10""",145 lbs.,,,"Sep 15, 1990",4,3,0,0.86,0.26,2.91,0.46,0.0,0.0,0.5,0.0
67533c6e7a2ac5f7e09aefa0,8cf90e41646491fd,Ilima Macfarlane,"5' 4""",125 lbs.,,,,6,0,0,4.13,0.43,2.93,0.65,0.0,0.0,0.5,1.0
67533c6e7a2ac5f7e09aefa2,cbd5d3cdd862e90e,Rory MacDonald,"6' 0""",170 lbs.,"76""",Orthodox,"Jul 22, 1989",19,4,0,3.75,0.42,2.8,0.62,1.77,0.47,0.88,0.4
67533c6e7a2ac5f7e09aefa3,2be6596a9db33bf5,Jason MacDonald,"6' 3""",185 lbs.,"80""",Orthodox,"Jun 03, 1975",25,16,0,1.55,0.52,2.7,0.46,1.43,0.16,0.35,2.0
67533c6e7a2ac5f7e09aefa6,450bacdacd706bcd,Pawan Maan,"5' 7""",155 lbs.,"70""",Orthodox,"Apr 06, 1986",7,3,1,0.89,0.44,2.98,0.43,0.0,0.0,0.0,0.0
67533c6e7a2ac5f7e09aefa5,ed74afc8b5b47a61,William Macario,"5' 11""",170 lbs.,"75""",Orthodox,"Jul 01, 1991",9,3,0,4.92,0.54,3.96,0.65,1.85,0.45,0.78,0.0
67533c6e7a2ac5f7e09aefa1,35e1f9984ed64206,Ryan MacDonald,"5' 11""",135 lbs.,"71""",Switch,"Mar 18, 1993",10,2,0,2.28,0.29,6.49,0.45,0.0,0.0,0.0,0.0
67533c6e7a2ac5f7e09aefa4,f3388d2cf7ab3f64,Rob MacDonald,"6' 3""",205 lbs.,"78""",Orthodox,"Sep 05, 1978",5,4,0,1.8,0.5,2.04,0.46,7.19,0.8,0.8,5.4
67533c6e7a2ac5f7e09aefa9,2caf993f53541fa1,Andreas Gustafsson,"6' 1""",170 lbs.,"73""",Orthodox,"Feb 20, 1991",11,2,0,4.56,0.77,3.12,0.43,3.6,0.66,1.0,0.0
67533c6e7a2ac5f7e09aefaa,e34e3b1fffa13a6a,Gugun Gusman,"5' 7""",135 lbs.,"68""",Orthodox,"Mar 03, 1990",8,4,0,0.88,0.27,6.18,0.41,0.0,0.0,0.33,0.0
67533c6e7a2ac5f7e09aefab,3c6976f8182d9527,Alexander Gustafsson,"6' 5""",205 lbs.,"79""",Orthodox,"Jan 15, 1987",18,8,0,4.03,0.4,3.53,0.51,1.53,0.39,0.83,0.4
67533c6e7a2ac5f7e09aefad,cc300e9aa3063431,Andre Gusmao,"6' 0""",205 lbs.,,Orthodox,"May 19, 1977",6,3,0,2.79,0.43,3.28,0.6,0.0,0.0,0.6,0.0
67533c6e7a2ac5f7e09aefac,ef5dcb10d2bd4b0f,Bogdan Guskov,"6' 3""",205 lbs.,"76""",Orthodox,"Sep 12, 1992",16,3,0,3.13,0.48,3.7,0.47,0.0,0.0,0.66,0.0
67533c6e7a2ac5f7e09aefaf,cc98d857b148e33a,Leonardo Guimaraes,"6' 0""",185 lbs.,,Orthodox,"Apr 15, 1982",11,5,0,2.35,0.56,2.99,0.44,0.0,0.0,0.52,1.0
67533c6e7a2ac5f7e09aefae,29162be25ebef5f0,Luis Gurule,"5' 5""",125 lbs.,"64""",Orthodox,"Nov 16, 1993",10,0,0,7.0,0.5,4.27,0.58,0.0,0.0,0.5,0.0
67533c6e7a2ac5f7e09aefb1,3956bdc8ab2e54b3,John Gunther,"5' 9""",155 lbs.,"72""",Orthodox,"Nov 24, 1985",5,1,0,1.65,0.37,3.72,0.46,7.08,0.42,0.0,0.0
67533c6e7a2ac5f7e09aefb0,a0c139b34f11421a,John Gunderson,"5' 9""",155 lbs.,"69""",Orthodox,"Jan 05, 1979",35,16,2,1.04,0.27,1.71,0.58,1.67,0.33,0.11,2.0
67533c6e7a2ac5f7e09aefb2,8377c5572cb356f3,Fabio Gurgel,"6' 0""",205 lbs.,,Orthodox,,3,2,0,0.0,0.0,0.0,0.0,0.0,0.0,0.0,0.0
67533c6e7a2ac5f7e09aefb3,04d5718ed2661e8c,Jorge Gurgel,"5' 7""",155 lbs.,"69""",Orthodox,"Jan 25, 1977",14,10,0,3.37,0.32,3.62,0.62,0.81,0.23,0.6,0.5
67533c6e7a2ac5f7e09aefb4,0c9c0a43d3f3f49d,Marcelo Guimaraes,"6' 0""",185 lbs.,"73""",Orthodox,"Jun 25, 1983",9,2,1,4.67,0.51,4.41,0.62,1.99,0.13,0.0,0.0
67533c6e7a2ac5f7e09aefb5,da0f33e4255f99eb,Chris Guillen,"6' 0""",240 lbs.,,Orthodox,"Dec 09, 1972",13,16,0,0.82,0.27,1.91,0.36,0.0,0.0,0.0,0.0
67533c6e7a2ac5f7e09aefb6,ce25b4ed82b1811b,Jason Guida,"5' 10""",214 lbs.,,,"Aug 04, 1977",19,28,0,1.87,0.4,3.33,0.52,1.0,0.14,0.5,1.0
67533c6e7a2ac5f7e09aefb7,8300a47f6fd6fe4f,Rainn Guerrero,"5' 6""",125 lbs.,"65""",Orthodox,"May 13, 1992",5,2,0,0.65,0.33,0.87,0.5,3.27,1.0,0.0,0.0
67533c6e7a2ac5f7e09aefb8,9f1641c08cf8fbe2,Shannon Gugerty,"5' 10""",155 lbs.,"71""",Orthodox,"Dec 30, 1981",15,7,0,1.25,0.39,1.88,0.58,2.13,0.27,0.5,3.4
67533c6e7a2ac5f7e09aefbd,56fcb2c4d99f9d1b,Mike Grundy,"5' 7""",145 lbs.,"72""",Orthodox,"Jan 03, 1987",12,4,0,2.09,0.45,4.45,0.56,4.06,0.28,0.5,0.4
67533c6e7a2ac5f7e09aefb9,ccd1299e0345e0ce,Melvin Guillard,"5' 9""",155 lbs.,"71""",Orthodox,"Mar 30, 1983",32,18,2,2.96,0.4,1.85,0.66,1.3,0.63,0.61,0.2
67533c6e7a2ac5f7e09aefbb,1abfb658cd4f8533,Nandor Guelmino,"6' 3""",230 lbs.,,,"Dec 20, 1975",11,5,1,3.62,0.56,3.16,0.33,0.0,0.0,0.42,0.0
67533c6e7a2ac5f7e09aefbc,c47df9303d318c67,Clay Guida,"5' 7""",155 lbs.,"70""",Orthodox,"Dec 08, 1981",38,21,0,2.64,0.33,3.01,0.61,3.13,0.36,0.67,0.6
67533c6e7a2ac5f7e09aefc1,36a432f22144843e,Neil Grove,"6' 6""",265 lbs.,,Orthodox,"Jan 18, 1971",12,8,1,0.0,0.0,0.0,0.0,0.0,0.0,1.0,14.3
67533c6e7a2ac5f7e09aefc2,234f3767ff0e5701,Kendall Grove,"6' 6""",185 lbs.,"79""",Orthodox,"Nov 12, 1982",23,17,0,2.31,0.41,2.4,0.54,0.49,0.45,0.56,1.7
67533c6e7a2ac5f7e09aefc3,6741218640534d8b,Garrett Gross,"5' 9""",155 lbs.,,Orthodox,"Aug 08, 1988",11,7,0,2.39,0.45,1.67,0.46,0.0,0.0,0.52,0.0
67533c6e7a2ac5f7e09aefba,2963369e327e1979,Fabricio Guerreiro,"5' 10""",145 lbs.,,,"Jul 24, 1990",21,5,0,1.87,0.31,2.2,0.67,2.0,0.5,0.0,0.0
67533c6e7a2ac5f7e09aefbe,feaf00f3373435d6,Chris Gruetzemacher,"5' 8""",155 lbs.,"68""",Orthodox,"Jun 16, 1986",15,5,0,6.18,0.57,4.96,0.52,0.21,0.5,0.65,0.0
67533c6e7a2ac5f7e09aefbf,dd12382f28296f7b,Wang Guan,"5' 9""",145 lbs.,"71""",Orthodox,"Mar 14, 1986",20,1,1,4.73,0.43,3.27,0.6,0.0,0.0,0.0,0.0
67533c6e7a2ac5f7e09aefc0,1e7483dbff40b84b,Vik Grujic,"5' 11""",170 lbs.,"73""",Orthodox,"Feb 06, 1977",6,6,0,2.24,0.48,3.39,0.41,1.18,0.33,0.26,0.4
67533c6e7a2ac5f7e09aefc4,950d0ef5c17157c5,Maxim Grishin,"6' 3""",205 lbs.,"78""",Orthodox,"May 02, 1984",32,10,2,3.26,0.52,2.27,0.58,0.21,0.16,0.66,0.0
67533c6e7a2ac5f7e09aefca,ebef46976554f975,Jordan Griffin,"5' 10""",145 lbs.,"73""",Southpaw,"Feb 28, 1990",18,9,0,2.52,0.46,3.02,0.5,1.45,0.35,0.42,1.9
67533c6e7a2ac5f7e09aefc6,dde70a112e053a6c,Rodrigo Gripp de Sousa,"5' 11""",205 lbs.,,Orthodox,,7,9,0,0.48,0.23,4.81,0.52,0.0,0.0,0.0,9.6
67533c6e7a2ac5f7e09aefc8,fdf18227faa596dd,Chad Griggs,"6' 1""",205 lbs.,"73""",Orthodox,"May 15, 1978",11,3,0,2.67,0.5,2.22,0.46,1.51,0.66,0.41,0.0
67533c6e7a2ac5f7e09aefc5,60ba33c3f555a7a3,Josh Grispi,"5' 11""",145 lbs.,"74""",Orthodox,"Oct 14, 1988",14,5,0,1.44,0.41,3.71,0.5,1.97,0.36,0.16,2.2
67533c6e7a2ac5f7e09aefc9,68b8ebdfce9dbb61,Charalampos Grigoriou,"5' 7""",135 lbs.,"67""",Orthodox,"Mar 31, 1992",8,5,0,2.62,0.48,3.97,0.46,2.62,0.8,0.9,0.0
67533c6e7a2ac5f7e09aefc7,7fb4234670271505,Chuck Grigsby,"6' 6""",205 lbs.,,Orthodox,,23,10,0,0.71,0.16,3.29,0.46,0.0,0.0,0.66,0.0
67533c6e7a2ac5f7e09aefcd,b0d6a1d8ac3d563d,Max Griffin,"5' 11""",170 lbs.,"76""",Orthodox,"Nov 29, 1985",20,10,0,3.92,0.49,3.81,0.57,1.45,0.41,0.68,0.3
67533c6e7a2ac5f7e09aefce,634bb0de2eb043b4,Cristiane Justino,"5' 8""",145 lbs.,"68""",Orthodox,"Jul 09, 1985",21,2,0,7.28,0.52,2.25,0.64,0.66,0.55,0.94,0.4
67533c6e7a2ac5f7e09aefcb,fcffee71cff5530e,Forrest Griffin,"6' 3""",205 lbs.,"77""",Orthodox,"Mar 16, 1979",19,7,0,4.38,0.36,2.81,0.61,1.05,0.48,0.57,0.7
67533c6e7a2ac5f7e09aefcc,20205040232ed0f3,Tyson Griffin,"5' 6""",145 lbs.,"68""",Orthodox,"Apr 20, 1984",16,8,0,3.71,0.41,2.3,0.65,1.87,0.46,0.59,0.9
67533c6e7a2ac5f7e09aefcf,ac70a4f1db1b8c40,Scott Junk,"6' 1""",265 lbs.,,Orthodox,"Dec 17, 1978",8,3,1,5.13,0.6,1.81,0.45,0.0,0.0,0.0,0.0
67533c6e7a2ac5f7e09aefd0,08e908ed6d18d6a0,Myles Jury,"5' 10""",145 lbs.,"73""",Orthodox,"Oct 31, 1988",17,4,0,2.94,0.42,2.16,0.66,2.16,0.55,0.5,0.3
67533c6e7a2ac5f7e09aefd1,74f9448b97bf8bec,Da Woon Jung,"6' 4""",205 lbs.,"78""",Orthodox,"Dec 07, 1993",15,6,1,3.24,0.4,4.23,0.49,1.59,0.47,0.75,0.2
67533c6e7a2ac5f7e09aef5d,1e1dbd1cc5a7469e,Jimi Manuwa,"6' 1""",205 lbs.,"79""",Orthodox,"Feb 18, 1980",17,6,0,3.43,0.54,3.97,0.49,0.53,0.18,0.7,0.4
67533c6e7a2ac5f7e09aefd4,4c288a2b250bb576,Luke Jumeau,"5' 11""",170 lbs.,"72""",Orthodox,"Feb 12, 1988",13,5,0,2.93,0.43,3.17,0.58,0.25,1.0,0.86,0.0
67533c6e7a2ac5f7e09aefd6,f1ab6f37492c630a,Carli Judice,"5' 7""",125 lbs.,"68""",Southpaw,"Mar 02, 1999",3,2,0,11.23,0.54,10.1,0.52,1.0,0.25,0.7,0.0
67533c6e7a2ac5f7e09aefd7,c451d67c09c55418,Chan Sung Jung,"5' 7""",145 lbs.,"72""",Orthodox,"Mar 17, 1987",17,8,0,3.93,0.41,4.52,0.52,0.7,0.44,0.72,0.6
67533c6e7a2ac5f7e09aefd3,b35d1650c78c2948,Bu-Kyung Jung,"5' 7""",154 lbs.,,Orthodox,"May 26, 1978",0,4,0,0.63,0.36,1.85,0.56,1.1,0.75,0.0,1.5
67533c6e7a2ac5f7e09aefd5,6ece1d2ab1bed31d,Steve Judson,"5' 11""",230 lbs.,,Orthodox,,0,2,0,0.0,0.0,0.0,0.0,0.0,0.0,0.0,0.0
67533c6e7a2ac5f7e09aefd8,410898e8dd6ca9b6,Ernie Juarez,"5' 8""",145 lbs.,"70""",,"Jan 12, 1998",8,1,0,4.21,0.51,6.23,0.55,0.0,0.0,0.25,0.0
67533c6e7a2ac5f7e09aef5a,e0c6edcb5b5d0b90,Chepe Mariscal,"5' 7""",145 lbs.,"69""",Orthodox,"Oct 27, 1992",17,6,0,4.75,0.57,3.24,0.5,3.09,0.39,0.72,0.3
67533c6e7a2ac5f7e09aefdd,35080a7f406f9ab3,Mike Joy,"5' 6""",155 lbs.,,Southpaw,"Jul 18, 1985",11,8,0,0.57,0.33,1.71,0.47,0.78,0.33,0.0,2.3
67533c6e7a2ac5f7e09aefdb,791367e8c35cfb6a,Dustin Joynson,"6' 6""",244 lbs.,"78""",Orthodox,"Oct 14, 1985",5,0,0,3.28,0.53,5.63,0.47,0.0,0.0,0.0,0.0
67533c6e7a2ac5f7e09aefde,dda15dbfafb792df,Kevin Jousset,"6' 2""",170 lbs.,"75""",Orthodox,"May 02, 1993",10,3,0,7.73,0.56,6.92,0.48,1.05,0.4,1.0,0.5
67533c6e7a2ac5f7e09aefdf,f1d64ae34e088832,Charles Jourdain,"5' 9""",135 lbs.,"69""",Switch,"Nov 27, 1995",16,8,1,5.43,0.48,4.27,0.56,0.34,0.21,0.47,0.6
67533c6e7a2ac5f7e09aefda,a72a2a769fa5a2be,Anshul Jubli,"6' 0""",155 lbs.,"69""",Switch,"Jan 13, 1995",7,1,0,6.48,0.46,5.61,0.51,0.82,0.18,0.63,0.4
67533c6e7a2ac5f7e09aefd9,cd039ff136d89ded,Jesse Juarez,"6' 1""",170 lbs.,,Orthodox,"May 08, 1981",23,12,0,1.71,0.48,2.87,0.52,2.69,0.33,0.5,0.0
67533c6e7a2ac5f7e09aefe0,cf65d56b0755ed3b,Alan Jouban,"6' 0""",170 lbs.,"73""",Southpaw,"Nov 25, 1981",17,7,0,5.67,0.5,3.77,0.6,0.51,0.44,0.58,0.3
67533c6e7a2ac5f7e09aefe1,388abbf8832b5adf,Jeff Joslin,"6' 0""",170 lbs.,,Orthodox,"Apr 30, 1975",5,3,0,2.17,0.39,1.57,0.65,0.5,0.33,0.64,0.5
67533c6e7a2ac5f7e09aefe2,4e06913c91da5200,Krzysztof Jotko,"6' 1""",185 lbs.,"77""",Southpaw,"Aug 19, 1989",24,6,0,2.98,0.42,2.23,0.57,1.33,0.39,0.82,0.1
67533c6e7a2ac5f7e09aefe3,34ca93f1791a5c50,Dwight Joseph,"5' 6""",135 lbs.,,Switch,"Aug 16, 1989",5,0,0,2.6,0.52,2.87,0.55,1.0,0.2,0.2,1.0
67533c6e7a2ac5f7e09aefe5,0b64d0fed453ef7f,Scott Jorgensen,"5' 5""",135 lbs.,"66""",Orthodox,"Sep 17, 1982",15,12,0,3.37,0.4,3.41,0.65,2.61,0.45,0.59,0.7
67533c6e7a2ac5f7e09aefe6,19db7ac26308178f,Ivan Jorge,"5' 9""",155 lbs.,"73""",Orthodox,"Nov 07, 1980",27,7,0,3.41,0.49,2.91,0.59,1.56,0.16,0.75,0.6
67533c6e7a2ac5f7e09aefe7,712c4db78b9373d1,Joe Jordan,"5' 6""",155 lbs.,,Orthodox,"Jul 27, 1978",49,14,2,1.85,0.25,4.27,0.59,0.0,0.0,0.66,0.0
67533c6e7a2ac5f7e09aefe8,02e52b3a595f0786,Kevin Jordan,"6' 3""",245 lbs.,,Orthodox,"Dec 31, 1970",11,9,0,2.0,0.4,1.91,0.55,0.0,0.0,0.77,0.6
67533c6e7a2ac5f7e09aefec,bfc2fc38a0e20211,Matt Grice,"5' 8""",145 lbs.,"70""",Orthodox,"Jul 29, 1981",15,5,0,4.09,0.53,2.69,0.56,2.19,0.37,0.82,0.5
67533c6e7a2ac5f7e09aefff,fb37795db81f93f3,Bogdan Grad,"5' 8""",145 lbs.,"70""",Orthodox,"Sep 28, 1995",14,2,0,6.35,0.47,10.25,0.49,2.75,0.42,0.0,0.0
67533c6e7a2ac5f7e09af003,079488710f012779,Cesar Gracie,"5' 10""",181 lbs.,,Orthodox,,0,1,0,0.0,0.0,17.14,0.5,0.0,0.0,0.0,0.0
67533c6e7a2ac5f7e09aefef,5eb50529a8418b77,Gabe Green,"5' 10""",155 lbs.,"73""",Switch,"May 02, 1993",11,5,0,6.28,0.45,6.95,0.47,0.83,0.5,0.53,0.3
67533c6e7a2ac5f7e09aeff9,113df4fde64735c6,Davey Grant,"5' 8""",135 lbs.,"69""",Orthodox,"Dec 18, 1985",15,7,0,4.77,0.42,3.82,0.55,1.26,0.41,0.61,0.2
67533c6e7a2ac5f7e09aeff4,642862d6d63605cd,Shelton Graves,"6' 2""",255 lbs.,"76""",Southpaw,"Oct 23, 1985",7,3,0,2.19,0.69,0.81,0.33,4.86,0.57,0.0,0.0
67533c6e7a2ac5f7e09af001,a6bbd3df469c6bea,Roger Gracie,"6' 4""",185 lbs.,"79""",Orthodox,"Sep 26, 1981",8,2,0,1.78,0.35,1.79,0.61,1.87,0.53,0.6,1.9
67533c6e7a2ac5f7e09af004,722b870449243083,Igor Gracie,"5' 11""",170 lbs.,,,"Feb 04, 1980",5,4,0,1.86,0.6,0.99,0.5,3.72,0.5,0.0,3.7
67533c6e7a2ac5f7e09af000,12d855d12a624da2,Neiman Gracie,"6' 0""",170 lbs.,,,,6,0,0,0.77,1.0,0.38,0.75,5.77,1.0,0.0,5.8
67533c6e7a2ac5f7e09aefee,068f8a189a47fea6,Maurice Greene,"6' 7""",258 lbs.,"80""",Orthodox,"Jul 05, 1986",9,7,0,3.28,0.45,3.61,0.45,0.0,0.0,0.27,0.4
67533c6e7a2ac5f7e09aefe9,ca2efc9d7d523c43,Shawn Jordan,"6' 0""",260 lbs.,"75""",Southpaw,"Oct 21, 1984",19,8,0,2.87,0.5,3.3,0.47,1.97,0.38,0.76,0.1
67533c6e7a2ac5f7e09aeff7,8be158ca1e5ea6a0,Dwight Grant,"6' 1""",185 lbs.,"76""",Switch,"Sep 14, 1984",11,6,0,3.29,0.36,2.66,0.6,0.61,1.0,0.66,0.0
67533c6e7a2ac5f7e09aeffe,3e514f437c51ce0a,Steven Graham,"6' 1""",290 lbs.,,Orthodox,,2,1,0,0.0,0.0,0.0,0.0,0.0,0.0,0.0,0.0
67533c6e7a2ac5f7e09aefea,08b01ed84044c6bc,Jacobi Jones,"5' 9""",155 lbs.,"72""",Orthodox,"May 24, 1996",6,2,0,5.87,0.46,7.6,0.48,0.0,0.0,0.33,0.0
67533c6e7a2ac5f7e09aeff2,bb0d290026d7681d,Kevin Gray,"5' 4""",125 lbs.,"67""",Orthodox,"May 03, 1985",9,4,0,3.45,0.62,4.48,0.66,0.0,0.0,0.0,0.0
67533c6e7a2ac5f7e09aefeb,1a98c9dbb7fc3959,Jocelyn Jones-Lybarger,"5' 7""",115 lbs.,"64""",Orthodox,"Oct 04, 1985",6,4,0,2.96,0.31,4.83,0.56,0.34,0.25,0.81,0.0
67533c6e7a2ac5f7e09aeff3,2db65fc038c0018e,James Gray,"5' 9""",135 lbs.,,Orthodox,"Oct 25, 1987",4,1,0,2.61,0.5,18.26,0.44,0.0,0.0,0.0,0.0
67533c6e7a2ac5f7e09aeffc,242d36d241b43c12,Kron Gracie,"5' 9""",145 lbs.,"70""",Southpaw,"Jul 11, 1988",5,2,0,3.74,0.44,6.82,0.53,0.47,0.25,0.0,0.5
67533c6e7a2ac5f7e09aeffa,a26198ba5093147e,TJ Grant,"5' 10""",155 lbs.,"72""",Orthodox,"Feb 26, 1984",21,5,0,3.95,0.54,3.21,0.56,1.63,0.43,0.36,0.6
67533c6e7a2ac5f7e09aeff8,e8b731feff72294b,Alexa Grasso,"5' 5""",125 lbs.,"66""",Orthodox,"Aug 09, 1993",16,4,1,4.19,0.41,3.69,0.58,0.44,0.4,0.54,0.7
67533c6e7a2ac5f7e09aeff0,6d12031661db8ac8,Sam Greco,"6' 2""",205 lbs.,,Orthodox,"May 03, 1967",3,1,1,2.4,0.75,1.33,0.53,0.0,0.0,0.25,1.0
67533c6e7a2ac5f7e09aeff5,3f1d23b01c552a13,Michael Graves,"5' 10""",170 lbs.,"71""",Orthodox,"Jan 08, 1991",6,0,1,1.25,0.54,1.47,0.58,4.8,0.52,0.66,0.4
67533c6e7a2ac5f7e09aeff6,601964f9654f911a,Tony Gravely,"5' 5""",135 lbs.,"69""",Orthodox,"Sep 28, 1991",23,9,0,3.82,0.48,4.47,0.44,5.4,0.41,0.52,0.3
67533c6e7a2ac5f7e09af002,e4a9dbade7c7e1a7,Rolles Gracie,"6' 4""",242 lbs.,,Orthodox,"Jul 14, 1978",8,4,0,2.3,0.32,3.38,0.55,2.3,0.1,0.0,0.0
67533c6e7a2ac5f7e09aeffb,7559395ad833c074,Miranda Granger,"5' 7""",115 lbs.,"68""",Orthodox,"Apr 13, 1992",7,3,0,2.79,0.47,2.57,0.57,0.0,0.0,0.33,0.0
67533c6e7a2ac5f7e09aefed,f046d724d2a84ac5,Desmond Green,"5' 10""",155 lbs.,"73""",Southpaw,"Oct 11, 1989",23,8,0,3.7,0.46,2.51,0.69,1.62,0.5,0.75,0.0
67533c6e7a2ac5f7e09aeffd,6e4acc2c115215b5,Scott Graham,"6' 4""",185 lbs.,,Orthodox,,3,1,0,0.91,0.42,2.27,0.28,0.0,0.0,0.0,0.0
67533c6e7a2ac5f7e09aeff1,887961364be5ceb3,King Green,"5' 10""",155 lbs.,"71""",Orthodox,"Sep 09, 1986",32,16,1,6.43,0.53,3.73,0.62,1.23,0.39,0.74,0.3
67533c6e7a2ac5f7e09af005,84283233ec42be5f,Ralek Gracie,"6' 2""",210 lbs.,,Orthodox,"Oct 04, 1985",3,1,0,1.61,0.46,1.05,0.55,2.5,0.75,0.0,1.7
67533c6e7a2ac5f7e09af006,b807814d977682eb,Royler Gracie,"5' 8""",150 lbs.,,Southpaw,"Dec 06, 1965",5,5,1,0.0,0.0,0.0,0.0,0.0,0.0,0.0,0.0
67533c6e7a2ac5f7e09af007,36877f0e62b25b96,Rodrigo Gracie,"6' 0""",183 lbs.,,Orthodox,"Apr 11, 1975",6,2,1,1.34,0.51,0.86,0.46,1.49,0.5,0.75,0.4
67533c6e7a2ac5f7e09af00b,194fc025f9355db6,Rickson Gracie,"5' 10""",185 lbs.,,Switch,"Nov 20, 1958",11,0,0,0.0,0.0,0.0,0.0,0.0,0.0,0.0,0.0
67533c6e7a2ac5f7e09af00a,f6ad6a1e4d600e0d,Mason Jones,"5' 10""",155 lbs.,"74""",Orthodox,"Apr 26, 1995",11,2,0,5.61,0.44,4.94,0.46,3.16,0.45,0.8,0.0
67533c6e7a2ac5f7e09af00f,1dda22d0ac3d1271,Jamelle Jones,"6' 0""",205 lbs.,"75""",Orthodox,"Jan 31, 1988",7,5,0,1.78,0.8,3.11,0.65,0.0,0.0,0.0,0.0
67533c6e7a2ac5f7e09af00c,f1fd494586ab8d5f,Antonio Jones,"5' 11""",185 lbs.,,Orthodox,"Apr 12, 1985",6,1,0,7.5,0.55,30.0,0.42,0.0,0.0,0.0,0.0
67533c6e7a2ac5f7e09af00d,8a9f54b9056b07f5,Roshaun Jones,"5' 8""",135 lbs.,,,,2,6,0,0.0,0.0,0.0,0.0,0.0,0.0,0.0,0.0
67533c6e7a2ac5f7e09af008,0c3838c8f7c620c2,Ryan Gracie,"5' 9""",200 lbs.,,Orthodox,"Aug 14, 1974",5,2,0,0.82,0.61,0.5,0.4,2.83,0.75,0.25,0.9
67533c6e7a2ac5f7e09af010,509319d35664369e,Chris Jones,"5' 9""",149 lbs.,,,"Nov 16, 1981",10,5,0,0.0,0.0,0.0,0.0,0.0,0.0,0.0,0.0
67533c6e7a2ac5f7e09af00e,ec23c1be628d8057,Trevin Jones,"5' 7""",135 lbs.,"70""",Southpaw,"Aug 04, 1990",13,10,0,2.13,0.37,4.29,0.39,0.62,0.15,0.6,0.2
67533c6e7a2ac5f7e09af019,f117c3e8c1aa7b9e,Carlton Jones,"6' 1""",225 lbs.,,Orthodox,,1,4,0,2.32,0.41,3.58,0.56,4.02,0.5,0.57,2.7
67533c6e7a2ac5f7e09af015,7b223a22a6c26868,Tito Jones,"5' 8""",145 lbs.,,Southpaw,"Jul 31, 1981",11,8,0,0.0,0.0,0.0,0.0,0.0,0.0,0.0,0.0
67533c6e7a2ac5f7e09af018,8fa2b06572365321,Marcus Jones,"6' 6""",265 lbs.,,Orthodox,"Aug 15, 1973",4,2,0,1.94,0.52,2.71,0.58,8.71,0.75,0.0,2.9
67533c6e7a2ac5f7e09af01e,1c3f5e85b59ec710,Brian Johnston,"6' 3""",230 lbs.,,Orthodox,,5,5,0,0.0,0.0,0.0,0.0,0.0,0.0,0.0,0.0
67533c6e7a2ac5f7e09af014,9b75954db8db2a08,Justin Jones,"5' 11""",185 lbs.,,Orthodox,"Sep 06, 1987",9,2,0,1.7,0.36,3.17,0.45,1.0,0.15,0.46,0.5
67533c6e7a2ac5f7e09af01a,f54fb3b9c4228142,Nathan Jones,"6' 11""",345 lbs.,,Orthodox,"Aug 21, 1970",0,1,0,0.0,0.0,0.0,0.0,0.0,0.0,0.0,0.0
67533c6e7a2ac5f7e09af017,07f72a2a7591b409,Jon Jones,"6' 4""",248 lbs.,"84""",Orthodox,"Jul 19, 1987",28,1,0,4.38,0.58,2.24,0.64,1.89,0.45,0.95,0.5
67533c6e7a2ac5f7e09af016,bc0f994de0521926,Jesse Jones,"5' 9""",170 lbs.,,,,2,1,0,0.0,0.0,0.0,0.0,0.0,0.0,0.0,0.0
67533c6e7a2ac5f7e09af01b,eeabcd4dc6619129,Daniel Jolly,"6' 1""",205 lbs.,"75""",Orthodox,"Sep 03, 1984",5,3,0,1.32,0.46,3.39,0.44,2.83,0.33,0.5,0.0
67533c6e7a2ac5f7e09af01c,f341f9551ba744e2,Paul Jones,"5' 9""",199 lbs.,,Orthodox,"Jun 16, 1963",11,1,1,0.0,0.0,0.0,0.0,0.0,0.0,0.0,0.0
67533c6e7a2ac5f7e09af01d,84f727cf0166d6f2,Jose Johnson,"6' 0""",125 lbs.,"71""",Orthodox,"May 20, 1995",16,9,0,2.22,0.57,1.64,0.52,0.71,0.6,0.38,0.7
67533c6e7a2ac5f7e09af01f,6ce9a012e4c6020c,Chad Johnson,"6' 2""",230 lbs.,"80""",Orthodox,"Jul 22, 1986",6,2,0,5.92,0.68,7.8,0.4,0.0,0.0,0.0,0.0
67533c6e7a2ac5f7e09af020,eebc23626e38f5dc,Liana Jojua,"5' 4""",125 lbs.,"62""",Orthodox,"Mar 22, 1995",8,5,0,2.42,0.3,5.32,0.54,1.71,0.66,0.5,1.3
67533c6e7a2ac5f7e09af021,552b09cbf13b6328,Taylor Johnson,"6' 0""",185 lbs.,"74""",Switch,"Nov 09, 1990",5,1,0,5.09,0.6,1.13,0.33,8.49,1.0,1.0,0.0
67533c6e7a2ac5f7e09af022,814e5233e2acf2ee,Charles Johnson,"5' 9""",125 lbs.,"70""",Switch,"Jan 10, 1991",17,6,0,4.77,0.5,3.62,0.57,0.56,0.23,0.67,0.4
67533c6e7a2ac5f7e09af023,a45bab49951a45cd,Tony Johnson,"6' 1""",265 lbs.,,,,11,3,0,2.0,0.53,4.73,0.31,2.0,0.22,0.0,0.0
67533c6e7a2ac5f7e09af026,36207c58e854cae5,Dashon Johnson,"5' 7""",145 lbs.,,Orthodox,"Jan 25, 1988",9,2,0,1.01,0.69,3.83,0.35,0.85,0.33,0.63,0.8
67533c6e7a2ac5f7e09af024,99bcdf5eac39898f,Jordan Johnson,"6' 2""",205 lbs.,"79""",Orthodox,"Nov 18, 1988",10,0,0,3.45,0.47,2.64,0.53,3.25,0.42,1.0,1.2
67533c6e7a2ac5f7e09af025,cc900af167fbedfd,Timothy Johnson,"6' 3""",265 lbs.,"77""",Southpaw,"Mar 13, 1985",12,4,0,3.43,0.45,3.08,0.44,1.09,0.24,0.69,0.0
67533c6e7a2ac5f7e09af027,a9c45a8b21eabadc,Ralph Gracie,"5' 9""",183 lbs.,,Orthodox,,6,1,0,0.86,0.37,1.72,0.31,0.0,0.0,0.25,4.0
67533c6e7a2ac5f7e09af028,aae0897825336b1a,Renzo Gracie,"5' 10""",185 lbs.,,Orthodox,"Mar 11, 1967",13,7,1,1.71,0.41,1.67,0.55,1.13,0.2,0.4,0.8
67533c6e7a2ac5f7e09af029,52d92050a046bc17,Crosley Gracie,"5' 9""",190 lbs.,,Orthodox,"Jul 18, 1979",2,2,0,1.69,0.37,1.54,0.6,3.46,0.85,0.5,0.6
67533c6e7a2ac5f7e09af02a,82d6a9ae41aac3f7,Daniel Gracie,"6' 2""",225 lbs.,,Orthodox,,5,4,1,1.9,0.38,1.33,0.59,0.36,1.0,0.8,2.1
67533c6e7a2ac5f7e09af02d,429e7d3725852ce9,Royce Gracie,"6' 1""",175 lbs.,,Southpaw,"Dec 12, 1966",15,2,3,0.88,0.41,1.13,0.37,0.0,0.0,0.66,0.8
67533c6e7a2ac5f7e09af031,51e86de150ee8be6,Thibault Gouti,"5' 10""",155 lbs.,"72""",Orthodox,"Feb 27, 1987",12,5,0,3.68,0.34,5.64,0.5,1.23,0.8,0.83,0.3
67533c6e7a2ac5f7e09af030,c44acf87e376c62b,Todd Gouwenberg,"6' 1""",205 lbs.,,Orthodox,"Sep 25, 1974",9,5,0,0.52,0.23,2.93,0.42,1.57,0.33,0.5,0.0
67533c6e7a2ac5f7e09af02f,3f11b5d4bd76a6d9,Damian Grabowski,"6' 1""",241 lbs.,"75""",Orthodox,"May 12, 1980",20,5,0,4.0,0.36,7.65,0.51,0.0,0.0,0.0,0.0
67533c6e7a2ac5f7e09af033,af5b208e97f5d382,Wilson Gouveia,"6' 1""",185 lbs.,"76""",Orthodox,"Oct 03, 1978",14,8,0,3.02,0.39,4.06,0.56,0.9,0.66,0.57,2.2
67533c6e7a2ac5f7e09af032,fb1538b46877a695,Jonathan Goulet,"6' 0""",170 lbs.,"73""",Orthodox,"Jul 13, 1979",23,12,0,1.61,0.41,2.01,0.46,4.17,0.7,0.45,0.6
67533c6e7a2ac5f7e09af034,40f3cb27fc7305a1,Themba Gorimbo,"6' 1""",170 lbs.,"77""",Orthodox,"Jan 23, 1991",14,4,0,3.11,0.61,1.07,0.56,4.89,0.65,0.82,0.6
67533c6e7a2ac5f7e09af035,052ceb8976695342,Chase Gormley,"6' 3""",265 lbs.,,Orthodox,,14,6,0,3.6,0.42,6.03,0.44,3.12,0.42,0.0,1.0
67533c6e7a2ac5f7e09af03a,dee294e9717012c2,Malcolm Gordon,"5' 7""",125 lbs.,"71""",Switch,"May 19, 1990",14,8,0,2.5,0.45,2.0,0.43,1.72,0.35,0.26,1.0
67533c6e7a2ac5f7e09af037,803bebcfb6d6f506,Alex Gorgees,"6' 2""",155 lbs.,"74""",Switch,"Aug 11, 1995",6,1,0,0.67,0.32,2.27,0.38,0.0,0.0,0.54,0.0
67533c6e7a2ac5f7e09af039,68c4ca70067bf282,Tebaris Gordon,"6' 1""",265 lbs.,,Orthodox,"Jul 19, 1988",3,1,0,3.53,0.16,49.41,0.22,0.0,0.0,0.0,0.0
67533c6e7a2ac5f7e09af038,147e70aa6cc48cfc,Tresean Gore,"6' 0""",185 lbs.,"75""",Switch,"Jun 21, 1994",6,2,0,3.0,0.54,5.88,0.47,3.46,0.75,0.83,1.7
67533c6e7a2ac5f7e09af036,c10eb2f12c489f6d,Tim Gorman,"5' 5""",135 lbs.,,Southpaw,"Apr 29, 1983",9,4,0,2.73,0.31,5.57,0.46,1.0,0.09,0.33,0.0
67533c6e7a2ac5f7e09aefd2,13104eaed3ae96c3,Young Sam Jung,"5' 8""",139 lbs.,,Orthodox,"Oct 27, 1985",4,8,0,0.53,0.09,2.79,0.63,0.0,0.0,0.0,2.0
67533c6e7a2ac5f7e09af03c,7026eca45f65377b,Jared Gordon,"5' 9""",155 lbs.,"68""",Orthodox,"Sep 06, 1988",20,7,0,5.75,0.55,3.97,0.56,1.78,0.31,0.62,0.0
67533c6e7a2ac5f7e09af03e,279093302a6f44b3,Gerard Gordeau,"6' 5""",216 lbs.,,Orthodox,"Mar 30, 1959",2,2,0,0.0,0.0,0.0,0.0,0.0,0.0,0.0,0.0
67533c6e7a2ac5f7e09af03f,c730a0be691dc081,Jared Gooden,"6' 0""",170 lbs.,"77""",Orthodox,"Dec 05, 1993",23,10,0,4.4,0.48,6.74,0.45,0.91,0.45,0.65,0.4
67533c6e7a2ac5f7e09af042,4e0692ad070976e4,Lyman Good,"6' 0""",170 lbs.,"74""",Orthodox,"May 26, 1985",21,6,0,5.34,0.48,4.01,0.63,0.27,1.0,0.75,0.0
67533c6e7a2ac5f7e09af043,4f1a48f4e6ffb007,Jennifer Gonzalez,"5' 2""",125 lbs.,,,"Mar 22, 1986",13,5,0,0.0,0.0,0.0,0.0,0.0,0.0,0.0,0.0
67533c6e7a2ac5f7e09af044,de47c33e48b0ce38,Mikey Gonzalez,"5' 11""",155 lbs.,"74""",Orthodox,"Aug 13, 1985",7,2,0,0.91,0.16,14.55,0.11,0.0,0.0,0.0,0.0
67533c6e7a2ac5f7e09af045,a2ccf35a88346a91,Erick Gonzalez,"5' 11""",155 lbs.,"75""",Orthodox,"Jan 20, 1992",14,8,0,2.4,0.36,8.08,0.4,6.0,0.55,0.5,0.0
67533c6e7a2ac5f7e09af046,ff175a137b395e2b,Jorge Gonzalez,"6' 2""",205 lbs.,"76""",Orthodox,"Feb 29, 1984",16,4,0,0.0,0.0,0.0,0.0,0.0,0.0,0.0,0.0
67533c6e7a2ac5f7e09af04a,8a304bfd6bf04a57,Demetrious Johnson,"5' 3""",125 lbs.,"66""",Orthodox,"Aug 13, 1986",27,3,1,3.43,0.54,1.66,0.67,3.35,0.56,0.65,0.5
67533c6e7a2ac5f7e09af047,1ebdcb7488d0ebee,Pearl Gonzalez,"5' 4""",115 lbs.,,Orthodox,"Aug 12, 1986",6,3,0,2.23,0.37,4.07,0.57,1.04,0.11,0.0,0.5
67533c6e7a2ac5f7e09af049,633a45d131192ffe,Kajan Johnson,"5' 11""",155 lbs.,"75""",Orthodox,"Apr 21, 1984",23,13,1,2.47,0.42,1.59,0.64,1.54,0.37,0.62,0.2
67533c6e7a2ac5f7e09af04e,fa2fca260beeb9c0,Ricky Johnson,"5' 8""",145 lbs.,,Orthodox,,10,6,0,1.83,0.25,6.3,0.36,0.0,0.0,0.0,0.0
67533c6e7a2ac5f7e09af04d,e6c5908910cc26e4,Lavar Johnson,"6' 4""",240 lbs.,"82""",Orthodox,"Jun 11, 1977",18,10,0,5.39,0.55,2.54,0.55,0.61,0.66,0.54,0.6
67533c6e7a2ac5f7e09af04c,511e82663651438d,Michael Johnson,"5' 10""",155 lbs.,"73""",Southpaw,"Jun 04, 1986",23,19,0,4.27,0.39,3.83,0.57,0.62,0.41,0.81,0.0
67533c6e7a2ac5f7e09af050,ec52462a1b41f714,Brett Johns,"5' 7""",135 lbs.,"71""",Orthodox,"Feb 21, 1992",17,2,0,2.86,0.49,3.84,0.53,4.92,0.49,0.58,1.0
67533c6e7a2ac5f7e09af04b,3641a0d117e9bc6c,Tony Johnson,"6' 2""",205 lbs.,"76""",Orthodox,"May 02, 1983",7,2,0,4.0,0.92,3.67,0.22,0.0,0.0,0.9,0.0
67533c6e7a2ac5f7e09af052,46e0d677f91bacc0,Miles Johns,"5' 7""",145 lbs.,"66""",Orthodox,"Mar 30, 1994",15,2,0,3.28,0.47,2.54,0.69,1.02,0.2,0.85,0.0
67533c6e7a2ac5f7e09af051,322a56923b396b4d,DaMarques Johnson,"6' 1""",170 lbs.,"75""",Orthodox,"Jun 28, 1982",15,15,0,2.11,0.37,3.75,0.51,1.18,0.55,0.19,0.7
67533c6e7a2ac5f7e09af057,6e0e977beb909837,Sung Bin Jo,"6' 0""",145 lbs.,"72""",Orthodox,"Jul 17, 1992",9,1,0,1.4,0.33,2.67,0.51,1.0,0.33,0.83,1.0
67533c6e7a2ac5f7e09af055,365fee2da473b177,Anthony Johnson,"6' 2""",205 lbs.,"78""",Orthodox,"Mar 06, 1984",22,6,0,3.25,0.47,1.83,0.6,2.43,0.57,0.77,0.6
67533c6e7a2ac5f7e09af05d,8677e67a75d65b8e,Baergeng Jieleyisi,"5' 9""",135 lbs.,"70""",Orthodox,"Nov 24, 1995",18,6,0,1.75,0.38,2.3,0.48,1.65,0.75,0.73,0.3
67533c6e7a2ac5f7e09af064,e45cfa47f504033a,Jason Gonzalez,"6' 2""",155 lbs.,"74""",Southpaw,"Feb 28, 1990",11,5,0,3.06,0.39,3.13,0.58,0.0,0.0,0.3,1.0
67533c6e7a2ac5f7e09af063,aec273fcb765330d,Kyle Jensen,"5' 9""",170 lbs.,,Orthodox,"Jul 20, 1979",4,11,2,0.0,0.0,0.92,0.6,6.92,1.0,0.0,6.9
67533c6e7a2ac5f7e09af061,aae99701b21554e4,Ryan Jensen,"6' 1""",185 lbs.,"76""",Orthodox,"Sep 20, 1977",21,8,0,2.84,0.39,2.99,0.59,1.55,0.5,0.31,1.9
67533c6e7a2ac5f7e09af05e,b9e871af730f826c,Ronald Jhun,"5' 11""",170 lbs.,,Orthodox,"Sep 21, 1970",24,26,2,1.45,0.57,3.01,0.5,1.81,1.0,1.0,0.0
67533c6e7a2ac5f7e09af060,24174a3f44ce8e03,Chan-Mi Jeon,"5' 5""",115 lbs.,,Orthodox,"Aug 28, 1997",5,2,0,6.23,0.31,7.77,0.55,0.0,0.0,0.0,0.0
67533c6e7a2ac5f7e09af070,b4880ef2f838d4e1,Silvana Gomez Juarez,"5' 3""",115 lbs.,"65""",Orthodox,"Dec 06, 1984",11,5,0,4.26,0.32,4.04,0.61,0.0,0.0,0.3,0.0
67533c6e7a2ac5f7e09af06c,270b89c00ef0c55c,Gabriel Gonzaga,"6' 2""",242 lbs.,"76""",Orthodox,"May 18, 1979",17,11,0,2.12,0.45,2.94,0.57,2.8,0.39,0.66,1.1
67533c6e7a2ac5f7e09af06a,e1d40e8782d80bc2,William Gomis,"6' 0""",145 lbs.,"73""",Southpaw,"Jun 13, 1997",14,2,0,2.69,0.5,1.6,0.71,0.78,0.37,0.7,0.5
67533c6e7a2ac5f7e09af06b,b2acebbef8da14ea,Akihiro Gono,"5' 7""",170 lbs.,"68""",Switch,"Oct 07, 1974",35,21,8,2.18,0.48,2.67,0.63,1.01,0.84,0.46,0.5
67533c6e7a2ac5f7e09af05a,a5c53b3ddb31cc7d,Art Jimmerson,"6' 1""",196 lbs.,,Orthodox,"Aug 04, 1963",0,1,0,0.0,0.0,0.0,0.0,0.0,0.0,0.0,0.0
67533c6e7a2ac5f7e09af067,69c071bc2621e8b0,Fabian Gonzalez,"5' 10""",135 lbs.,,,,2,1,0,3.9,0.48,4.39,0.51,0.0,0.0,0.66,0.0
67533c6e7a2ac5f7e09af071,513e84bfe65ff509,Luis Gomez,"5' 7""",145 lbs.,"68""",Orthodox,"Jan 28, 1995",4,1,0,1.57,0.33,4.03,0.55,4.48,0.5,0.33,0.0
67533c6e7a2ac5f7e09af068,be5aab761c40ef35,Fernando Gonzalez,"5' 9""",170 lbs.,"68""",Southpaw,"Sep 15, 1983",26,14,0,4.47,0.47,4.03,0.65,0.86,0.33,0.43,1.4
67533c6e7a2ac5f7e09af072,1e35aa8955794580,Ulysses Gomez,"5' 6""",125 lbs.,,Orthodox,"May 25, 1983",9,5,0,2.72,0.25,3.57,0.68,0.0,0.0,0.0,0.0
67533c6e7a2ac5f7e09af06f,3a28e1e641366308,Joey Gomez,"5' 10""",155 lbs.,"71""",Orthodox,"Aug 29, 1989",7,1,0,3.73,0.49,3.33,0.5,2.0,0.28,0.0,0.0
67533c6e7a2ac5f7e09af05c,bc3ec52ef70fc155,Ryan Jimmo,"6' 1""",205 lbs.,"73""",Orthodox,"Nov 27, 1981",19,5,0,3.12,0.66,2.77,0.46,0.45,0.28,0.87,0.0
67533c6e7a2ac5f7e09af056,2a4200ead401a9ce,Carls John De Tomas,"5' 5""",125 lbs.,"71""",Southpaw,"Aug 28, 1996",6,2,0,1.74,0.37,3.93,0.44,1.37,0.33,0.66,0.0
67533c6e7a2ac5f7e09af059,4eccb78d628b2238,Jinensibieke Asikeerbai,"5' 6""",155 lbs.,"69""",Orthodox,"Jul 10, 1988",36,11,0,2.0,0.5,10.0,0.0,0.0,0.0,0.0,0.0
67533c6e7a2ac5f7e09af054,a8fa0c4e95512806,Phil Johns,"5' 2""",170 lbs.,,Southpaw,"Oct 22, 1968",30,14,1,1.2,0.66,1.8,0.5,0.0,0.0,0.5,0.0
67533c6e7a2ac5f7e09af069,94535f76f43b466a,Justin Gonzales,"5' 9""",145 lbs.,"72""",Orthodox,"Apr 28, 1991",6,0,0,6.67,0.8,0.87,0.43,14.0,0.73,1.0,0.0
67533c6e7a2ac5f7e09af065,2ff2e6e5abea3e53,Lewis Gonzalez,"5' 10""",170 lbs.,,Orthodox,"Sep 19, 1987",11,3,0,1.4,0.37,1.87,0.41,2.0,0.33,0.62,0.0
67533c6e7a2ac5f7e09af066,28d8638ea0a71908,Nick Gonzalez,"5' 6""",155 lbs.,,Orthodox,"Mar 03, 1981",17,12,0,0.59,0.2,2.35,0.33,0.0,0.0,0.5,0.0
67533c6e7a2ac5f7e09af06d,e90f4291f93708e6,Edson Gomez,"5' 8""",170 lbs.,"69""",Switch,"Feb 23, 1991",6,2,0,2.66,0.32,8.78,0.45,0.0,0.0,0.0,0.0
67533c6e7a2ac5f7e09af06e,3be081c29bf734d9,Takanori Gomi,"5' 7""",155 lbs.,"70""",Southpaw,"Sep 22, 1978",35,14,0,3.81,0.41,3.52,0.6,1.23,0.65,0.63,0.8
67533c6e7a2ac5f7e09af058,c14a683dac2ebc4c,Jiniushiyue,"5' 6""",125 lbs.,"68""",Southpaw,"Dec 09, 2000",13,4,0,3.0,0.41,2.71,0.5,0.79,0.28,0.75,0.0
67533c6e7a2ac5f7e09af062,ad047e3073a775f3,Steve Jennum,"5' 10""",215 lbs.,,Orthodox,,2,3,0,0.0,0.0,0.0,0.0,0.0,0.0,0.0,0.0
67533c6e7a2ac5f7e09af05f,6b5b9be990774f0e,Maciej Jewtuszko,"6' 0""",155 lbs.,,Southpaw,"Jan 31, 1981",12,3,0,2.29,0.45,1.39,0.66,0.0,0.0,0.42,0.9
67533c6e7a2ac5f7e09af073,0778f94eb5d588a5,Joey Gomez,"5' 10""",135 lbs.,"73""",Orthodox,"Jul 21, 1986",6,2,0,2.44,0.28,4.46,0.55,0.62,1.0,0.5,0.0
67533c6e7a2ac5f7e09af076,a0a680fe2f6cc8e6,Frank Gomez,"5' 10""",135 lbs.,"67""",Orthodox,"Mar 31, 1986",10,6,0,1.52,0.48,0.79,0.66,1.14,0.6,0.7,0.8
67533c6e7a2ac5f7e09af077,af1e5c64b8663aa0,Sergio Gomez,"5' 6""",155 lbs.,,Orthodox,"Apr 29, 1982",10,3,0,1.5,0.42,1.16,0.56,2.57,0.66,0.31,0.0
67533c6e7a2ac5f7e09af079,ac29d508d78384c9,Marcelo Golm,"6' 3""",249 lbs.,"75""",Orthodox,"Sep 15, 1992",6,3,0,4.27,0.58,4.3,0.45,0.45,0.5,0.87,0.5
67533c6e7a2ac5f7e09af078,cffb87059e645bd1,Denise Gomes,"5' 2""",115 lbs.,"63""",Orthodox,"Dec 30, 1999",10,3,0,4.55,0.5,3.11,0.51,0.72,0.25,0.67,0.9
67533c6e7a2ac5f7e09af080,8e5d953bdb9ae5e7,Loopy Godinez,"5' 2""",115 lbs.,"61""",Orthodox,"Sep 06, 1993",12,5,0,4.16,0.48,3.69,0.63,2.95,0.47,0.81,1.0
67533c6e7a2ac5f7e09af07a,26e3f3928b1891d9,Hannah Goldy,"5' 4""",115 lbs.,"61""",Orthodox,"May 18, 1992",6,4,0,5.19,0.47,4.67,0.5,0.66,0.12,0.54,0.2
67533c6e7a2ac5f7e09af082,ad56b3f00ca38dfd,Mark Godbeer,"6' 4""",240 lbs.,"77""",Orthodox,"Nov 22, 1983",13,4,0,3.97,0.53,3.3,0.54,0.0,0.0,0.28,0.0
67533c6e7a2ac5f7e09af081,bd85ca0bb4f26cfc,Clint Godfrey,"5' 6""",135 lbs.,,Southpaw,"Oct 21, 1982",13,3,0,0.57,0.31,0.96,0.65,0.85,0.25,0.5,0.0
67533c6e7a2ac5f7e09af07c,5d1636b6c1688502,Amiran Gogoladze,"6' 1""",170 lbs.,"74""",Switch,"Dec 09, 1997",14,3,0,1.64,0.66,0.82,0.0,0.0,0.0,0.0,0.0
67533c6e7a2ac5f7e09af07f,fa07345cc9db5cc9,Billy Ray Goff,"5' 10""",170 lbs.,"72""",Switch,"Jun 18, 1998",9,3,0,8.56,0.46,5.71,0.59,2.01,0.17,1.0,0.0
67533c6e7a2ac5f7e09af085,6a8928652fc01bee,Brandon Jenkins,"6' 0""",155 lbs.,"71""",Switch,"Sep 30, 1991",15,9,0,2.93,0.41,8.05,0.33,0.0,0.0,0.27,0.0
67533c6e7a2ac5f7e09af07d,e62b36885ecdac27,Allan Goes,"6' 0""",205 lbs.,,Orthodox,"Apr 20, 1971",10,5,2,0.64,0.52,1.35,0.41,1.75,0.4,0.0,2.6
67533c6e7a2ac5f7e09af086,dae85a6a83f53215,Adrienna Jenkins,"5' 8""",145 lbs.,,,"Jul 22, 1981",19,6,0,0.0,0.0,0.0,0.0,0.0,0.0,0.0,0.0
67533c6e7a2ac5f7e09af084,a9da3158dd2c2b5a,Jack Jenkins,"5' 7""",145 lbs.,"68""",Switch,"Nov 03, 1993",13,3,0,4.83,0.6,2.92,0.61,2.12,0.69,0.76,0.0
67533c6e7a2ac5f7e09af083,814ff3018127e8fc,Ricky Glenn,"6' 0""",170 lbs.,"70""",Southpaw,"Apr 12, 1989",22,9,2,3.79,0.42,4.3,0.51,0.72,0.13,0.69,0.4
67533c6e7a2ac5f7e09af07e,5ca158b1cc9cb242,Jason Godsey,"6' 2""",230 lbs.,,Orthodox,,16,16,0,0.0,0.0,0.0,0.0,0.0,0.0,0.0,0.0
67533c6e7a2ac5f7e09af08f,b71ce838b01f2cad,Rony Jason,"5' 7""",145 lbs.,"73""",Orthodox,"Mar 21, 1984",14,7,0,2.04,0.44,3.14,0.53,0.59,0.3,0.36,0.8
67533c6e7a2ac5f7e09af087,5e841bb3752b6e86,Bubba Jenkins,"5' 7""",145 lbs.,,,"Feb 05, 1988",11,4,0,2.41,0.37,1.58,0.67,7.23,0.68,1.0,0.0
67533c6e7a2ac5f7e09af07b,e86af30738a5452a,Jonny Goh,"5' 11""",155 lbs.,,,,3,4,0,0.0,0.0,0.0,0.0,0.0,0.0,0.0,0.0
67533c6e7a2ac5f7e09af08c,a9e260472d321361,Jasmine Jasudavicius,"5' 7""",125 lbs.,"68""",Orthodox,"Mar 01, 1989",12,3,0,3.7,0.44,3.81,0.51,2.5,0.43,0.75,0.6
67533c6e7a2ac5f7e09af08a,304a21d0595e1a08,Justin Jaynes,"5' 7""",145 lbs.,"68""",Orthodox,"Aug 10, 1989",16,8,0,3.34,0.44,5.33,0.62,0.75,0.4,0.2,1.1
67533c6e7a2ac5f7e09af08b,3d6749c4267da18f,Joanna Jedrzejczyk,"5' 6""",115 lbs.,"65""",Orthodox,"Aug 18, 1987",16,5,0,6.28,0.48,3.25,0.62,0.27,0.62,0.8,0.1
67533c6e7a2ac5f7e09af088,02fc8f50f56eb307,Trent Jenkins,"6' 2""",185 lbs.,,,,0,4,0,0.0,0.0,0.0,0.0,0.0,0.0,0.0,0.0
67533c6e7a2ac5f7e09af08d,0e8744ded08ee5fb,Louis Jauregui,"5' 7""",170 lbs.,,,,4,2,0,0.0,0.0,0.0,0.0,0.0,0.0,0.0,0.0
67533c6e7a2ac5f7e09af089,ccdcb20370be62a3,Aaron Jeffery,"6' 2""",185 lbs.,"73""",Orthodox,"Nov 14, 1992",10,3,0,3.1,0.45,4.46,0.34,0.0,0.0,0.5,0.0
67533c6e7a2ac5f7e09af090,40cb680ae1cd331f,Yazmin Jauregui,"5' 3""",115 lbs.,"64""",Orthodox,"Feb 28, 1999",11,2,0,6.64,0.39,5.25,0.54,0.0,0.0,1.0,0.0
67533c6e7a2ac5f7e09af091,64959f90b6dd9759,Brock Jardine,"5' 11""",170 lbs.,,Orthodox,"Jul 10, 1985",12,6,0,1.06,0.3,3.34,0.56,0.0,0.0,0.14,0.8
67533c6e7a2ac5f7e09af092,99d5cf1eda8b25c1,Gigo Jara,"5' 9""",145 lbs.,,,,6,9,0,2.26,0.57,2.71,0.51,0.0,0.0,0.66,0.0
67533c6e7a2ac5f7e09af093,b9d0fd83bb8a147a,Keith Jardine,"6' 2""",185 lbs.,"76""",Orthodox,"Oct 31, 1975",17,11,2,3.25,0.36,2.98,0.59,1.18,0.45,0.62,0.7
67533c6e7a2ac5f7e09af094,805ad1801eb26abb,Jaime Jara,"6' 1""",205 lbs.,,Southpaw,"Aug 02, 1969",38,18,0,2.2,0.6,1.47,0.56,0.0,0.0,0.25,0.0
67533c6e7a2ac5f7e09af096,b59037262c8fe060,Ryan Janes,"6' 3""",185 lbs.,"76""",Orthodox,"Aug 22, 1981",10,3,0,7.69,0.48,5.53,0.59,0.35,1.0,0.58,0.0
67533c6e7a2ac5f7e09af095,335ad945324c3a2e,Dave Jansen,"5' 9""",155 lbs.,"73""",Orthodox,"Aug 21, 1979",20,4,0,2.94,0.33,3.67,0.58,2.79,0.28,0.38,0.9
67533c6e7a2ac5f7e09af097,a34fecf2f4e5a317,Nate James,"6' 0""",185 lbs.,,,"May 29, 1978",14,8,1,1.33,0.42,2.67,0.28,0.0,0.0,0.44,0.0
67533c6e7a2ac5f7e09af098,7dda2cf308f24a02,Virna Jandiroba,"5' 3""",115 lbs.,"64""",Orthodox,"May 30, 1988",21,3,0,2.12,0.38,2.73,0.57,2.29,0.34,0.73,1.7
67533c6e7a2ac5f7e09af09b,e4277e87a789d687,Dustin Jacoby,"6' 3""",205 lbs.,"76""",Orthodox,"Apr 04, 1988",19,9,1,5.5,0.47,4.14,0.57,0.36,0.25,0.6,0.0
67533c6e7a2ac5f7e09af099,1ea8df62b3f8fea6,Justin James,"5' 10""",155 lbs.,,Orthodox,"Nov 08, 1976",13,7,0,1.34,0.36,2.68,0.5,0.0,0.0,0.5,1.6
67533c6e7a2ac5f7e09af09a,8f7380fb0916dc77,Josh Janousek,"5' 11""",185 lbs.,,Orthodox,"Sep 25, 1980",8,1,0,0.0,0.0,0.0,0.0,0.0,0.0,0.0,0.0
67533c6e7a2ac5f7e09af0a7,4b4f6abdce986be6,Israel Giron,"5' 8""",155 lbs.,,,"Jan 16, 1974",19,5,0,0.0,0.0,0.0,0.0,0.0,0.0,0.0,0.0
67533c6e7a2ac5f7e09af0a3,ad32471f01e7b1a5,Jeremy Jackson,"5' 10""",170 lbs.,,Orthodox,"Sep 19, 1982",9,5,0,0.71,0.27,2.03,0.25,1.52,0.4,0.58,0.0
67533c6e7a2ac5f7e09af0ab,a58114c6dd0add64,Demetrius Gioulacos,"5' 11""",185 lbs.,,,,0,1,0,0.0,0.0,0.0,0.0,0.0,0.0,0.0,0.0
67533c6e7a2ac5f7e09af0a2,29af297d9f1de0f8,Damon Jackson,"5' 11""",155 lbs.,"71""",Switch,"Aug 08, 1988",23,8,1,2.96,0.42,3.47,0.49,2.3,0.32,0.37,1.2
67533c6e7a2ac5f7e09af09e,ca8da445dfa82d56,Jason Jackson,"6' 1""",170 lbs.,"78""",Orthodox,"Oct 30, 1990",7,2,0,2.24,0.48,1.31,0.56,0.0,0.0,0.0,0.0
67533c6e7a2ac5f7e09af09c,46f557bd44da630e,Richard Jacobi,"6' 4""",260 lbs.,"75""",Orthodox,"Sep 28, 1993",6,1,1,0.88,0.44,3.94,0.51,3.28,1.0,1.0,0.0
67533c6e7a2ac5f7e09af0a0,cc1a8b4b38b92c6d,Montel Jackson,"5' 10""",135 lbs.,"75""",Southpaw,"Apr 24, 1992",14,2,0,3.39,0.53,1.42,0.63,3.41,0.71,0.69,0.3
67533c6e7a2ac5f7e09af0a6,fda067e842b07466,Jason Glaza,"6' 0""",230 lbs.,,,,3,2,0,4.34,0.54,0.43,0.4,4.34,1.0,0.0,4.3
67533c6e7a2ac5f7e09af0ac,bad8ed7d714f1493,Eperaim Ginting,"5' 4""",135 lbs.,"64""",Orthodox,"Nov 30, 1995",6,1,0,0.0,0.0,0.0,1.0,15.52,1.0,0.0,0.0
67533c6e7a2ac5f7e09af0a1,56c5132870a526d5,Kenyon Jackson,"6' 0""",185 lbs.,,,,4,3,0,0.0,0.0,0.0,0.0,0.0,0.0,0.0,0.0
67533c6e7a2ac5f7e09af09f,0641c21bec209472,Mike Jackson,"6' 2""",170 lbs.,"74""",Orthodox,"Mar 22, 1985",1,2,0,4.49,0.57,3.73,0.62,0.71,0.33,0.88,0.0
67533c6e7a2ac5f7e09af0a9,c1ea31a904fe08a9,Billy Giovanella,"5' 8""",125 lbs.,,,"Aug 20, 1985",9,5,0,1.27,0.4,2.02,0.52,0.87,0.12,1.0,1.7
67533c6e7a2ac5f7e09af0a5,81f1810f72df8f25,Brandon Girtz,"5' 7""",155 lbs.,,,"Mar 06, 1985",14,7,0,2.5,0.6,1.92,0.47,5.76,1.0,1.0,0.0
67533c6e7a2ac5f7e09af0aa,ffc088e64fab57e9,Quinton Jackson,"6' 1""",205 lbs.,"73""",Orthodox,"Jun 20, 1978",37,12,0,3.25,0.54,2.51,0.55,1.52,0.56,0.73,0.1
67533c6e7a2ac5f7e09af0ae,762c69860eef65d8,Alex Gilpin,"5' 7""",145 lbs.,,Orthodox,"Mar 26, 1992",11,1,0,6.8,0.54,12.29,0.42,2.17,0.25,0.0,2.2
67533c6e7a2ac5f7e09af0af,ce175eaafe867d1f,Micheal Gillmore,"5' 11""",170 lbs.,"72""",Orthodox,"Mar 28, 1987",6,5,0,2.04,0.57,3.02,0.43,0.0,0.0,0.5,0.0
67533c6e7a2ac5f7e09af0ad,c96518b7f6881004,Bob Gilstrap,"6' 3""",200 lbs.,,Orthodox,,5,7,0,0.0,0.0,0.0,0.0,0.0,0.0,0.0,0.0
67533c6e7a2ac5f7e09af03b,8cad40a75e5c97f5,Eddie Gordon,"6' 0""",185 lbs.,"76""",Orthodox,"Jul 22, 1983",8,4,0,2.03,0.32,2.57,0.6,1.93,0.83,0.63,0.0
67533c6e7a2ac5f7e09af0b3,91720876db0ee468,Jason Gilliam,"6' 0""",170 lbs.,,Orthodox,,14,9,0,0.79,0.33,3.14,0.42,0.0,0.0,0.0,0.0
67533c6e7a2ac5f7e09af0b4,42c96a9c4802e2e1,Kultar Gill,"6' 0""",154 lbs.,,Orthodox,"Mar 24, 1979",12,8,0,1.14,0.5,0.4,0.41,1.71,0.66,0.38,0.0
67533c6e7a2ac5f7e09af040,fbbde91f7bc2d3c5,Gary Goodridge,"6' 3""",249 lbs.,,Orthodox,"Jan 17, 1966",23,22,1,1.84,0.56,2.14,0.48,0.4,1.0,0.53,0.8
67533c6e7a2ac5f7e09af0b7,83825fad27ab3581,Joseph Gigliotti,"5' 11""",185 lbs.,,Orthodox,"Aug 13, 1993",7,2,0,1.04,0.39,2.92,0.45,1.56,1.0,0.5,0.8
67533c6e7a2ac5f7e09af0b8,e7f51d9f9e9259e7,Thomas Gifford,"6' 1""",155 lbs.,"75""",Orthodox,"Jul 26, 1992",14,9,0,3.97,0.37,6.45,0.37,0.5,0.33,0.33,0.0
67533c6e7a2ac5f7e09af0b6,b27a1fcb56a3035a,Trevin Giles,"6' 0""",170 lbs.,"74""",Orthodox,"Aug 06, 1992",16,7,0,3.17,0.54,2.39,0.58,1.07,0.5,0.72,0.3
67533c6e7a2ac5f7e09af0ba,09439946214993bc,Chase Gibson,"5' 10""",155 lbs.,"72""",Orthodox,"Feb 07, 1990",9,5,0,3.13,0.54,6.4,0.52,0.0,0.0,0.0,0.0
67533c6e7a2ac5f7e09af0b9,db8b800176d26f6e,Kenny Giddens,"5' 11""",155 lbs.,,,,12,7,0,0.0,0.0,0.0,0.0,0.0,0.0,0.0,0.0
67533c6e7a2ac5f7e09af0bb,69db199087a1a792,Lee Gibson,"5' 7""",155 lbs.,,,,12,4,0,0.0,0.0,0.0,0.0,0.0,0.0,0.0,0.0
67533c6e7a2ac5f7e09af0bc,700a674c042b7a96,Cody Gibson,"5' 10""",135 lbs.,"71""",Orthodox,"Sep 11, 1987",22,10,0,3.47,0.44,3.36,0.57,2.18,0.4,0.68,0.7
67533c6e7a2ac5f7e09af0bd,f74e037b97917027,James Giboo,"5' 11""",170 lbs.,,Orthodox,"Jan 06, 1978",13,5,0,1.2,0.27,7.08,0.39,0.0,0.0,0.0,0.0
67533c6e7a2ac5f7e09af0be,96a221341035b701,Nick Gibbons,"5' 10""",155 lbs.,,,,2,1,0,0.0,0.0,0.0,0.0,0.0,0.0,0.0,0.0
67533c6e7a2ac5f7e09af0bf,63eedfcc73071d41,Lance Gibson,"5' 9""",185 lbs.,,Orthodox,"Nov 20, 1970",4,5,0,1.21,0.75,6.44,0.2,0.0,0.0,0.0,0.0
67533c6e7a2ac5f7e09af0c0,946db8a378903cc3,Joe Giannetti,"6' 0""",155 lbs.,"74""",Southpaw,"Jul 05, 1995",6,1,0,1.93,0.38,2.8,0.4,1.0,0.16,0.0,0.0
67533c6f7a2ac5f7e09af0c6,13b2f59210dda9cc,Kevin Jackson,"5' 10""",199 lbs.,,Switch,,4,2,0,0.0,0.0,0.0,0.0,0.0,0.0,0.0,0.0
67533c6e7a2ac5f7e09af0c1,eb70e786bbdf1d16,Yanis Ghemmouri,"5' 9""",135 lbs.,"69""",Orthodox,"Jan 24, 1995",12,3,0,2.29,0.38,5.14,0.35,0.0,0.0,0.0,0.0
67533c6f7a2ac5f7e09af0d0,2f815ed5f8278ba6,Ateba Gautier,"6' 4""",185 lbs.,"81""",Switch,"Apr 10, 2002",6,1,0,5.33,0.71,1.22,0.56,0.0,0.0,0.9,0.0
67533c6f7a2ac5f7e09af0da,4f7e290e71d60f87,Rulon Gardner,"6' 3""",265 lbs.,,Orthodox,"Aug 16, 1971",1,0,0,2.05,0.25,1.45,0.6,0.75,1.0,1.0,0.0
67533c6f7a2ac5f7e09af0de,8a04d94dfcfab159,Nick Garcia,"5' 4""",125 lbs.,,,,8,3,0,0.67,0.25,3.03,0.5,0.0,0.0,0.83,5.1
67533c6f7a2ac5f7e09af0d4,a4a80dd7336ffd59,Melissa Gatto,"5' 5""",135 lbs.,"69""",Orthodox,"May 02, 1996",9,2,2,3.78,0.49,2.84,0.54,1.47,0.28,0.63,0.5
67533c6f7a2ac5f7e09af0cd,618643d0d5c0631d,Manuel Gaxhja,"5' 8""",155 lbs.,,Switch,"Jul 23, 1997",7,0,0,0.0,0.0,0.0,0.0,0.0,0.0,0.0,0.0
67533c6f7a2ac5f7e09af0e1,a2b12c3f3d60ff69,Alex Garcia,"5' 9""",170 lbs.,"72""",Orthodox,"Jul 14, 1987",15,6,0,1.81,0.31,3.03,0.59,3.72,0.52,0.66,0.1
67533c6f7a2ac5f7e09af0d2,b72a60a0cadff408,Louis Gaudinot,"5' 3""",125 lbs.,"63""",Orthodox,"Aug 28, 1984",8,4,0,2.34,0.37,6.42,0.48,0.57,0.4,0.31,1.1
67533c6f7a2ac5f7e09af0dc,e132d47bd9efbbe0,Rafa Garcia,"5' 7""",155 lbs.,"70""",Orthodox,"Aug 05, 1994",16,4,0,3.97,0.42,4.36,0.61,3.38,0.44,0.75,0.3
67533c6e7a2ac5f7e09af0c3,a24e080000fa7a35,Darrel Gholar,"5' 8""",194 lbs.,,Orthodox,,5,6,0,0.0,0.0,0.0,0.0,0.0,0.0,0.0,0.0
67533c6f7a2ac5f7e09af0e0,e5dc36e0aba7e9da,Alejandro Garcia,"5' 7""",145 lbs.,,,,14,10,0,1.22,0.62,1.14,0.65,8.55,0.87,0.66,0.0
67533c6f7a2ac5f7e09af0d3,6ded9184b2284645,Willie Gates,"5' 8""",125 lbs.,"72""",Orthodox,"Jan 21, 1987",12,7,0,1.8,0.38,4.28,0.38,0.0,0.0,0.67,0.4
67533c6f7a2ac5f7e09af0d8,8c0580d4fff106c1,Kelvin Gastelum,"5' 9""",170 lbs.,"71""",Southpaw,"Oct 24, 1991",19,9,0,3.74,0.42,3.48,0.57,1.1,0.34,0.59,0.1
67533c6f7a2ac5f7e09af0ca,42883268854b78be,Derek Getzel,"6' 0""",155 lbs.,,,,8,5,0,0.0,0.0,0.0,0.0,0.0,0.0,0.0,0.0
67533c6f7a2ac5f7e09af0d7,8e5bfd4e82352340,Pablo Garza,"6' 1""",145 lbs.,"73""",Orthodox,"Sep 16, 1983",12,4,0,3.37,0.44,2.7,0.5,0.94,0.25,0.15,1.3
67533c6f7a2ac5f7e09af0cc,14e797332ea32cdb,Chad George,"5' 6""",135 lbs.,"68""",Southpaw,"Apr 30, 1982",16,8,0,1.26,0.5,1.11,0.65,3.08,0.46,0.0,1.3
67533c6e7a2ac5f7e09af0c2,de45aaae23dfa392,Christos Giagos,"5' 10""",155 lbs.,"71""",Orthodox,"Jan 23, 1990",20,12,0,3.03,0.41,3.21,0.5,2.84,0.36,0.52,0.4
67533c6f7a2ac5f7e09af0c7,2db0c114414d4f06,Karine Gevorgyan,"5' 4""",125 lbs.,"63""",,"Mar 09, 1989",3,3,0,1.2,0.2,1.8,0.76,0.0,0.0,0.0,0.0
67533c6f7a2ac5f7e09af0df,97cf1a2c7c5e7889,Steve Garcia,"6' 0""",145 lbs.,"75""",Southpaw,"May 22, 1992",17,5,0,5.04,0.56,2.34,0.46,1.17,0.4,0.88,0.6
67533c6f7a2ac5f7e09af0c9,15edcf67ccf5be84,Brian Geraghty,"5' 7""",155 lbs.,,Orthodox,"Nov 04, 1980",26,18,1,0.47,0.25,9.77,0.36,0.0,0.0,0.5,0.0
67533c6f7a2ac5f7e09af0dd,ac5a7400da3a9a41,Elias Garcia,"5' 5""",125 lbs.,"67""",Southpaw,"Sep 13, 1992",6,2,0,1.59,0.27,5.05,0.5,0.68,0.14,0.33,1.4
67533c6f7a2ac5f7e09af0cf,6747ccd6d1acd266,Shamil Gaziev,"6' 4""",265 lbs.,"78""",Orthodox,"Feb 10, 1990",13,1,0,2.43,0.49,3.72,0.44,1.03,0.3,1.0,0.3
67533c6f7a2ac5f7e09af0d9,70167689d6a01793,David Gardner,"5' 11""",155 lbs.,,Orthodox,"May 17, 1977",18,21,0,0.17,1.0,0.34,0.0,0.0,0.0,0.66,0.0
67533c6f7a2ac5f7e09af0db,9e92e1ca498d7244,Fernie Garcia,"5' 7""",135 lbs.,"67""",Orthodox,"Apr 12, 1992",10,5,0,2.04,0.34,3.79,0.48,0.28,0.5,0.5,0.6
67533c6f7a2ac5f7e09af0d6,a1b0715c4fd2dbd3,Azamat Gashimov,"5' 6""",125 lbs.,,Orthodox,"Apr 07, 1990",8,3,0,1.24,0.21,4.75,0.53,1.69,0.25,0.0,0.0
67533c6f7a2ac5f7e09af0c8,b4eeac608fc82f88,Yves Jabouin,"5' 7""",135 lbs.,"68""",Orthodox,"May 30, 1979",20,11,0,3.06,0.41,2.93,0.62,1.94,0.6,0.82,0.1
67533c6f7a2ac5f7e09af0d1,d758f272d94f5866,Sean Gauci,"5' 5""",125 lbs.,"64""",Switch,"Oct 07, 1996",10,1,0,5.07,0.59,5.8,0.68,4.0,0.44,1.0,0.0
67533c6e7a2ac5f7e09af0c5,ce783bf73b5131f9,Eugene Jackson,"5' 8""",185 lbs.,,Orthodox,"Sep 23, 1966",15,9,1,2.19,0.33,3.44,0.32,1.91,0.71,0.16,2.3
67533c6f7a2ac5f7e09af0d5,e4770d5ed44a3970,Brian Gassaway,"6' 1""",170 lbs.,,Orthodox,"Aug 07, 1972",29,20,2,0.34,0.26,3.65,0.44,0.0,0.0,0.42,0.0
67533c6e7a2ac5f7e09af0c4,cb6783c39c01d896,Tiki Ghosn,"5' 10""",170 lbs.,,Orthodox,"Feb 09, 1977",10,7,1,2.78,0.46,2.94,0.58,0.41,0.5,0.61,0.0
67533c6f7a2ac5f7e09af0cb,2f1700b3a4a09bc7,Paul Georgieff,"6' 2""",170 lbs.,,Orthodox,"Sep 22, 1982",6,2,0,2.55,0.4,2.34,0.35,0.0,0.0,0.0,0.0
67533c6f7a2ac5f7e09af0ce,effd0b70e6749ab2,Charlene Gellner,"5' 2""",125 lbs.,,,,0,4,0,2.01,0.42,3.24,0.43,0.0,0.0,0.0,1.7
67533c6f7a2ac5f7e09af0e2,8d49545dadf9b919,Edgar Garcia,"5' 10""",170 lbs.,"71""",Orthodox,"Feb 22, 1984",14,5,0,3.16,0.29,4.23,0.6,2.21,0.57,0.5,0.6
67533c6f7a2ac5f7e09af0e4,917e53fa0adea0d3,Leonard Garcia,"5' 10""",145 lbs.,"68""",Orthodox,"Jul 14, 1979",18,13,1,2.77,0.24,4.79,0.52,0.3,0.26,0.42,0.5
67533c6f7a2ac5f7e09af0e7,787bb1f087ccff8a,Ciryl Gane,"6' 4""",245 lbs.,"81""",Orthodox,"Apr 12, 1990",12,2,0,5.49,0.6,2.19,0.63,0.58,0.21,0.5,0.5
67533c6f7a2ac5f7e09af0f2,cc81c92fe2254935,Tom Gallicchio,"5' 10""",170 lbs.,,Southpaw,"Sep 23, 1986",19,10,0,3.53,0.26,7.07,0.43,1.0,0.11,0.0,0.0
67533c6f7a2ac5f7e09af0e3,d8c7c61b176e3994,Cody Garbrandt,"5' 8""",135 lbs.,"65""",Orthodox,"Jul 07, 1991",14,6,0,2.98,0.4,3.76,0.6,1.03,0.34,0.8,0.0
67533c6f7a2ac5f7e09af0e8,41904fc4d3f5bffc,Ariel Gandulla,"5' 11""",205 lbs.,,Orthodox,"May 07, 1968",7,9,0,1.95,0.23,2.07,0.72,1.88,0.66,0.0,0.0
67533c6f7a2ac5f7e09af0ed,10559c53de0b950e,Joey Gambino,"5' 7""",145 lbs.,,Orthodox,"Oct 26, 1988",9,2,0,2.47,0.35,2.53,0.51,0.0,0.0,0.42,0.8
67533c6f7a2ac5f7e09af0e5,6d7886b094b471ac,Sean Gannon,"6' 3""",265 lbs.,,Southpaw,,2,1,0,0.0,0.0,6.38,0.28,0.0,0.0,0.5,0.0
67533c6f7a2ac5f7e09af0f5,0876d21328cf4a45,Dave Galera,"5' 11""",135 lbs.,,Orthodox,"Jan 12, 1978",5,1,0,1.67,0.69,0.53,0.33,0.0,0.0,0.14,2.0
67533c6f7a2ac5f7e09af0f0,45fe6765c56d8018,Andre Galvao,"5' 7""",168 lbs.,,Orthodox,"Sep 29, 1982",5,2,0,2.34,0.52,1.56,0.58,2.02,0.27,0.0,2.8
67533c6f7a2ac5f7e09af0f8,9e50097a89442158,Mickey Gall,"6' 2""",170 lbs.,"74""",Switch,"Jan 22, 1992",7,7,0,3.5,0.49,4.72,0.49,1.15,0.32,0.37,1.6
67533c6f7a2ac5f7e09af0fb,a54660deb6a8489c,Muin Gafurov,"5' 7""",135 lbs.,"68""",Southpaw,"May 17, 1996",19,6,0,3.03,0.47,2.25,0.5,1.95,0.27,0.68,0.0
67533c6f7a2ac5f7e09af0e9,7bde387d50829adf,Eduardo Garagorri,"5' 9""",145 lbs.,"70""",Orthodox,"May 28, 1989",13,2,0,3.42,0.51,2.36,0.58,0.48,1.0,0.61,0.0
67533c6f7a2ac5f7e09af0ef,cc6f9d1e89f3449a,Manvel Gamburyan,"5' 5""",135 lbs.,"67""",Orthodox,"May 08, 1981",15,10,0,2.13,0.41,2.83,0.55,3.26,0.34,0.69,0.7
67533c6f7a2ac5f7e09af0fd,6e344b71421103da,Magomed Gadzhiyasulov,"6' 2""",205 lbs.,"75""",Orthodox,"Nov 04, 1993",9,0,0,3.3,0.5,1.37,0.67,5.5,0.91,0.57,0.0
67533c6f7a2ac5f7e09af0ea,0d980975001ae3d8,Shamil Gamzatov,"6' 2""",205 lbs.,"76""",Orthodox,"Aug 09, 1990",14,1,0,5.35,0.48,3.46,0.51,0.0,0.0,0.5,0.0
67533c6f7a2ac5f7e09af0eb,72db2a14ffa73ece,Mateusz Gamrot,"5' 10""",155 lbs.,"70""",Southpaw,"Dec 11, 1990",24,3,0,3.23,0.5,3.22,0.58,5.25,0.35,0.9,0.1
67533c6f7a2ac5f7e09af0f1,7e654edcddd71550,Turrell Galloway,"5' 3""",145 lbs.,,,,8,6,0,0.0,0.0,0.0,0.0,0.0,0.0,0.0,0.0
67533c6f7a2ac5f7e09af0ec,e15d0a2519d6a0b5,Marcos Galvao,"5' 7""",135 lbs.,,Orthodox,"Jun 23, 1981",18,8,1,1.97,0.32,3.86,0.61,2.27,0.28,0.88,1.1
67533c6f7a2ac5f7e09af0f6,8a1b4330c7957961,Zelg Galesic,"6' 2""",185 lbs.,,Orthodox,"Feb 16, 1979",11,9,0,4.86,0.62,0.61,0.66,1.3,1.0,0.2,1.3
67533c6f7a2ac5f7e09af0f9,8e6cfbd455f0f9c2,Brandon Gaines,"6' 3""",185 lbs.,,,,5,21,0,0.0,0.0,0.0,0.0,0.0,0.0,0.0,0.0
67533c6f7a2ac5f7e09af0f4,96706c75a2b14164,Daniel Gallemore,"6' 5""",265 lbs.,,,,7,3,0,3.1,0.41,6.0,0.52,0.0,0.0,0.0,0.0
67533c6f7a2ac5f7e09af0fc,837d30395faca41e,Sheila Gaff,"5' 5""",135 lbs.,,Orthodox,"Dec 29, 1989",9,7,0,1.6,0.5,2.89,0.28,0.0,0.0,0.2,0.0
67533c6f7a2ac5f7e09af0f7,06dc1a58663579d2,Travis Galbraith,"6' 0""",170 lbs.,,Orthodox,"May 18, 1981",18,7,0,2.21,0.4,3.45,0.48,1.33,0.25,0.0,1.3
67533c6f7a2ac5f7e09af0fa,b8592b4a383696cd,Mitch Gagnon,"5' 5""",135 lbs.,"65""",Southpaw,"Oct 10, 1984",12,5,0,2.76,0.46,2.21,0.61,1.16,0.25,0.65,1.9
67533c6f7a2ac5f7e09af100,ec34349e7dffcde7,Claudia Gadelha,"5' 4""",115 lbs.,"63""",Orthodox,"Dec 07, 1988",18,5,0,3.31,0.41,4.57,0.57,3.03,0.42,0.58,0.7
67533c6f7a2ac5f7e09af0fe,a7a79b8efbceaaac,Alavutdin Gadjiev,"6' 2""",185 lbs.,,Orthodox,"Jun 23, 1982",18,13,1,0.99,0.27,0.99,0.57,0.0,0.0,0.5,0.0
67533c6f7a2ac5f7e09af0ff,9e8f6c728eb01124,Justin Gaethje,"5' 11""",155 lbs.,"70""",Orthodox,"Nov 14, 1988",25,5,0,6.78,0.59,7.46,0.52,0.11,0.25,0.75,0.0
67533c6f7a2ac5f7e09af103,fe98f86284a6eeb3,Gustavo Gabriel,"5' 6""",125 lbs.,,Orthodox,"Apr 01, 1994",13,1,0,4.06,0.65,4.26,0.46,0.0,0.0,0.5,0.0
67533c6f7a2ac5f7e09af102,c3e2eca94b2320bc,Katsuaki Furuki,"6' 0""",168 lbs.,,,"Nov 10, 1980",1,1,0,0.27,0.1,2.67,0.39,0.0,0.0,0.0,3.0
67533c6f7a2ac5f7e09af114,ee704df0afd74558,Artem Frolov,"5' 10""",185 lbs.,,,"Sep 07, 1991",11,0,0,0.0,0.0,0.0,0.0,0.0,0.0,0.0,0.0
67533c6f7a2ac5f7e09af105,911fb265462f0d94,Travis Fulton,"6' 0""",240 lbs.,,Orthodox,"May 29, 1977",253,53,10,0.0,0.0,0.0,0.0,0.0,0.0,0.0,0.0
67533c6f7a2ac5f7e09af11b,9aa56f004b2bca07,Donavon Frelow,"5' 7""",135 lbs.,,Orthodox,"Jan 20, 1985",6,3,0,2.4,0.27,3.2,0.52,1.0,1.0,0.26,0.0
67533c6f7a2ac5f7e09af11c,90e6dde9113830bd,Patricky Freire,"5' 7""",155 lbs.,"71""",,"Jun 01, 1986",17,8,0,3.06,0.44,3.34,0.69,1.26,0.33,1.0,0.0
67533c6f7a2ac5f7e09af10c,d71d968dc6ecfdaf,Katsuhisa Fujii,"6' 0""",205 lbs.,,Orthodox,"Aug 15, 1972",9,18,1,4.0,0.5,4.43,0.64,2.14,0.25,0.5,2.1
67533c6f7a2ac5f7e09af10d,c3c38c86f5ab9b5c,Jesse Fujarczyk,"6' 4""",225 lbs.,,Southpaw,"Jan 28, 1983",2,2,0,1.03,0.33,4.91,0.38,0.0,0.0,0.25,0.0
67533c6f7a2ac5f7e09af106,aa3153a9941b4d44,Masakatsu Funaki,"6' 0""",185 lbs.,,Southpaw,"Mar 13, 1969",39,13,2,1.82,0.68,2.92,0.35,0.0,0.0,0.0,5.5
67533c6f7a2ac5f7e09af113,7cec3c4a5e7b6d68,Daniel Frunza,"6' 1""",170 lbs.,"73""",Orthodox,"Apr 13, 1994",9,2,0,4.94,0.44,5.53,0.51,0.0,0.0,0.6,0.0
67533c6f7a2ac5f7e09af104,e9e1acc96536bb4f,Ricardo Funch,"5' 10""",170 lbs.,"74""",Southpaw,"Aug 14, 1980",9,6,0,2.61,0.65,3.57,0.4,1.24,0.18,0.6,0.0
67533c6f7a2ac5f7e09af116,ca43de99b07b6b40,Josh Fremd,"6' 4""",185 lbs.,"76""",Orthodox,"Jan 15, 1994",11,6,0,2.52,0.44,2.23,0.47,0.66,0.25,0.3,1.1
67533c6f7a2ac5f7e09af11f,5870bd1eadf4f322,Jason Freeman,"6' 2""",225 lbs.,,,"Sep 02, 1976",6,4,0,0.0,0.0,0.0,0.0,0.0,0.0,0.0,0.0
67533c6f7a2ac5f7e09af11d,a47e9ec288c91067,Jeremy  Freitag,"6' 1""",205 lbs.,,,,6,10,0,0.0,0.0,8.37,0.19,0.0,0.0,0.33,1.9
67533c6f7a2ac5f7e09af11e,98a58c26c5b1ed17,Patricio Freire,"5' 5""",145 lbs.,"65""",,"Jul 07, 1987",26,4,0,2.84,0.41,4.43,0.6,0.6,0.18,0.94,0.6
67533c6f7a2ac5f7e09af119,dccb63727f2f5f74,Matt Frevola,"5' 9""",155 lbs.,"71""",Orthodox,"Jun 11, 1990",11,5,1,3.37,0.4,3.69,0.57,2.39,0.39,0.36,1.0
67533c6f7a2ac5f7e09af115,73321668ff977f1b,Clay French,"5' 7""",161 lbs.,,Southpaw,"Oct 07, 1980",19,7,0,1.52,0.5,1.27,0.16,0.0,0.0,1.0,0.0
67533c6f7a2ac5f7e09af111,253de74457bd6374,Tony Fryklund,"6' 0""",185 lbs.,,Orthodox,"Mar 26, 1971",14,9,1,3.49,0.39,6.5,0.43,0.0,0.0,0.66,0.5
67533c6f7a2ac5f7e09af117,756f45905fb20cb5,Mike French,"5' 10""",145 lbs.,,,"May 29, 1975",9,10,0,0.23,0.23,2.17,0.42,0.0,0.0,0.22,1.0
67533c6f7a2ac5f7e09af110,271fe91f4ba9d2c5,Don Frye,"6' 1""",219 lbs.,,Orthodox,"Nov 23, 1965",20,9,1,2.87,0.64,3.57,0.37,0.91,0.57,0.45,0.7
67533c6f7a2ac5f7e09af10f,fb6c531726447ff3,Megumi Fujii,"5' 3""",113 lbs.,,,"Apr 26, 1974",26,3,0,2.4,0.42,0.0,1.0,0.0,0.0,0.0,12.0
67533c6f7a2ac5f7e09af109,b1605ea39fba6af6,Kazuyuki Fujita,"6' 0""",235 lbs.,,Orthodox,"Oct 16, 1970",15,12,0,1.05,0.49,1.99,0.52,2.78,0.36,0.85,0.6
67533c6f7a2ac5f7e09af118,d05cb1e8d1b885d8,Jinh Yu Frey,"5' 3""",115 lbs.,"65""",Southpaw,"May 20, 1985",11,10,0,2.97,0.43,4.23,0.52,1.02,0.36,0.9,0.3
67533c6f7a2ac5f7e09af112,1641ef250e9de19b,Sarah Frota,"5' 6""",125 lbs.,"69""",Southpaw,"Apr 14, 1987",9,2,0,4.52,0.52,2.57,0.55,0.0,0.0,0.53,0.0
67533c6f7a2ac5f7e09af10a,7c35f869033901ae,Riki Fukuda,"6' 0""",185 lbs.,"73""",Southpaw,"Jan 06, 1981",24,9,0,4.24,0.43,3.71,0.64,2.17,0.43,0.7,0.0
67533c6f7a2ac5f7e09af108,4638cc6479cc0afe,Masio Fullen,"5' 10""",145 lbs.,"70""",Orthodox,"Oct 06, 1986",11,7,0,2.46,0.32,3.5,0.54,0.47,0.33,0.69,0.0
67533c6f7a2ac5f7e09af10b,ccd58ff71e260ed5,Keisuke Fujiwara,"5' 6""",139 lbs.,,Switch,,17,12,5,0.73,0.44,1.2,0.47,0.0,0.0,0.23,2.5
67533c6f7a2ac5f7e09af10e,a01a62132460a98d,Adam Fugitt,"6' 1""",170 lbs.,"77""",Southpaw,"Jan 12, 1989",10,4,0,4.72,0.45,4.48,0.51,2.04,0.29,0.5,0.0
67533c6e7a2ac5f7e09af0b1,84ff027394f7e470,Gregor Gillespie,"5' 7""",155 lbs.,"71""",Orthodox,"Nov 13, 1986",14,1,0,3.74,0.52,2.3,0.57,6.86,0.48,1.0,0.8
67533c6f7a2ac5f7e09af121,b4bc2e3353a770b5,Ian Freeman,"5' 11""",225 lbs.,,Orthodox,"Nov 10, 1966",20,7,1,2.54,0.48,3.11,0.44,1.44,0.4,0.8,0.7
67533c6f7a2ac5f7e09af122,78863e4a28204a6b,Justin Frazier,"6' 0""",265 lbs.,"75""",Southpaw,"Jun 15, 1989",10,3,0,1.11,0.66,6.11,0.04,0.0,0.0,0.0,0.0
67533c6f7a2ac5f7e09af124,90957a918e26bf9c,Xavier Franklin,"5' 6""",135 lbs.,"66""",Southpaw,"Oct 15, 1996",5,1,0,3.07,0.33,5.27,0.5,0.0,0.0,1.0,0.0
67533c6f7a2ac5f7e09af123,d3711d3784b76255,Zane Frazier,"6' 5""",250 lbs.,,Orthodox,,4,11,0,0.0,0.0,0.0,0.0,0.0,0.0,0.0,0.0
67533c6f7a2ac5f7e09af127,040d3b4c735541aa,Zoila Frausto,"5' 4""",135 lbs.,,Orthodox,,13,5,0,0.77,0.31,1.64,0.53,0.0,0.0,0.57,0.0
67533c6f7a2ac5f7e09af126,3beeeafcbc8b4cbc,Gary Frazier,"6' 0""",245 lbs.,,Orthodox,,3,3,0,1.5,0.39,2.77,0.46,0.0,0.0,1.0,0.0
67533c6f7a2ac5f7e09af128,d897897060f10a3a,Rich Franklin,"6' 1""",185 lbs.,"76""",Southpaw,"Oct 05, 1974",29,7,0,4.1,0.44,2.07,0.62,1.31,0.66,0.63,0.7
67533c6e7a2ac5f7e09af0b5,6bb1d2b714d4b3bc,Joey Gilbert,"5' 11""",155 lbs.,,Orthodox,"Jun 05, 1976",2,3,0,0.61,0.42,4.44,0.31,0.0,0.0,0.0,0.0
67533c6f7a2ac5f7e09af12d,e0ec3c3b6b611f7e,Hermes Franca,"5' 6""",155 lbs.,"71""",Orthodox,"Aug 26, 1974",24,17,0,1.78,0.39,2.85,0.55,1.53,0.36,0.37,2.4
67533c6f7a2ac5f7e09af129,b9532d815060de7f,John Franchi,"5' 6""",145 lbs.,"67""",Orthodox,"Jul 16, 1982",6,2,0,1.83,0.48,2.59,0.48,2.68,0.8,0.4,0.3
67533c6f7a2ac5f7e09af12e,d761b3766e38c5db,Marcel Fortuna,"6' 1""",205 lbs.,"74""",Orthodox,"Oct 22, 1985",9,3,0,3.83,0.46,4.52,0.64,0.45,0.08,0.75,0.5
67533c6f7a2ac5f7e09af12a,ecfdbf38681a59ba,Francisco France,"6' 0""",205 lbs.,,,"Jan 21, 1983",13,5,1,0.54,0.33,3.51,0.27,0.0,0.0,0.0,6.1
67533c6f7a2ac5f7e09af132,b53c46f613f6f248,Brianna Fortino,"5' 0""",115 lbs.,"62""",Southpaw,"Aug 04, 1993",9,3,0,3.53,0.41,3.23,0.57,2.5,0.45,0.66,0.0
67533c6f7a2ac5f7e09af12c,f65a0eb902f9476b,Brandon Foxworth,"5' 11""",145 lbs.,,Orthodox,"Apr 28, 1979",18,4,0,1.33,0.32,4.59,0.5,0.0,0.0,0.0,0.0
67533c6f7a2ac5f7e09af12f,d745d4146be48679,Mason Fowler,"5' 11""",170 lbs.,,,,2,0,0,0.0,0.0,0.0,0.0,0.0,0.0,0.0,0.0
67533c6f7a2ac5f7e09af12b,00a3ff40c4b2cf21,Glaico Franca Moreira,"6' 0""",155 lbs.,"77""",Orthodox,"Feb 28, 1991",15,5,0,2.35,0.42,3.46,0.47,2.68,0.42,0.76,0.3
67533c6f7a2ac5f7e09af125,fee02819a271c050,Stephanie Frausto,"5' 2""",115 lbs.,"61""",Orthodox,"Sep 20, 1990",8,7,0,1.43,0.21,3.57,0.6,0.0,0.0,0.0,0.0
67533c6f7a2ac5f7e09af134,90390dd1b0791e7f,Raheam Forest,"5' 11""",170 lbs.,"73""",Switch,"Jul 11, 1997",7,2,0,5.32,0.38,12.15,0.42,0.0,0.0,0.0,0.0
67533c6f7a2ac5f7e09af145,cb139171ed1b69fe,Kenny Florian,"5' 10""",145 lbs.,"74""",Southpaw,"May 26, 1976",14,6,0,2.41,0.4,1.85,0.63,2.22,0.33,0.6,1.3
67533c6f7a2ac5f7e09af137,b102c26727306ab6,Jussier Formiga,"5' 5""",125 lbs.,"67""",Orthodox,"Apr 14, 1985",23,8,0,1.42,0.39,2.34,0.64,1.82,0.35,0.87,0.6
67533c6f7a2ac5f7e09af143,4bb0f74d5e26f89a,Ty Flores,"6' 3""",205 lbs.,"73""",Switch,"Dec 22, 1993",7,3,0,2.0,0.37,7.8,0.25,1.0,0.09,0.0,0.0
67533c6f7a2ac5f7e09af144,b5f44dcb863f595b,Luke Flores,"6' 0""",155 lbs.,"73""",Southpaw,"Mar 17, 1988",9,2,0,1.56,0.44,1.88,0.6,0.0,0.0,0.4,1.2
67533c6f7a2ac5f7e09af142,d23d5960ac5e117c,Alejandro Flores,"5' 10""",145 lbs.,"73""",Orthodox,"Aug 06, 1991",17,3,0,3.66,0.4,2.02,0.54,0.0,0.0,0.0,0.0
67533c6f7a2ac5f7e09af14e,f34312c2ccfa0e00,Spencer Fisher,"5' 7""",155 lbs.,"68""",Southpaw,"May 09, 1976",24,9,0,3.17,0.43,3.03,0.64,0.67,0.3,0.6,0.8
67533c6f7a2ac5f7e09af13a,0adf1aacda5e26ac,AJ Fonseca,"5' 4""",145 lbs.,,,,5,4,0,0.0,0.0,0.0,0.0,0.0,0.0,0.0,0.0
67533c6f7a2ac5f7e09af13b,5de61b03868035ff,Matt Foki,"5' 7""",220 lbs.,,Orthodox,,5,4,0,0.0,0.0,3.37,0.56,0.0,0.0,0.0,0.0
67533c6f7a2ac5f7e09af141,65db4065e2bc107d,Darrius Flowers,"5' 9""",155 lbs.,"71""",Orthodox,"Aug 25, 1994",12,8,1,3.07,0.49,5.49,0.44,0.98,0.28,0.63,0.0
67533c6f7a2ac5f7e09af136,a71ce6ff0b4a9dbb,Sterling Ford,"5' 10""",155 lbs.,,,"Mar 12, 1986",15,7,0,0.0,0.0,0.0,0.0,0.0,0.0,0.0,0.0
67533c6f7a2ac5f7e09af14b,c814b4c899793af6,Rafael Fiziev,"5' 8""",155 lbs.,"71""",Switch,"Mar 05, 1993",12,3,0,4.9,0.51,4.97,0.49,0.29,0.4,0.89,0.0
67533c6f7a2ac5f7e09af147,725b1abc9a39d873,AJ Fletcher,"5' 10""",170 lbs.,"67""",Switch,"Feb 18, 1997",10,3,0,3.36,0.49,4.61,0.46,1.54,0.35,0.33,0.9
67533c6f7a2ac5f7e09af14a,5517bd590dbbe1f8,Bryanna Fissori,"5' 4""",145 lbs.,,,,2,4,0,1.4,0.46,1.2,0.57,2.0,0.25,0.5,0.0
67533c6f7a2ac5f7e09af14c,b8dc5fbf8338adc5,Isi Fitikefu,"5' 10""",205 lbs.,,,,6,0,0,0.0,0.0,0.0,0.0,0.0,0.0,0.0,0.0
67533c6f7a2ac5f7e09af151,34ff304266360297,Manon Fiorot,"5' 7""",125 lbs.,"65""",Orthodox,"Feb 17, 1990",12,1,0,6.26,0.41,3.77,0.68,1.17,0.42,0.93,0.0
67533c6f7a2ac5f7e09af150,16d09e800ad7ec79,Luiz Firmino,"5' 6""",154 lbs.,,Orthodox,"Mar 18, 1982",19,8,0,1.23,0.5,1.22,0.51,3.86,0.45,0.2,0.9
67533c6f7a2ac5f7e09af135,5340123d826ceadb,Codale Ford,"5' 9""",170 lbs.,,,"May 13, 1979",11,9,0,0.0,0.0,0.0,0.0,0.0,0.0,0.0,0.0
67533c6f7a2ac5f7e09af131,3dc3022232b79c7a,Brian Foster,"5' 9""",170 lbs.,"71""",Orthodox,"Apr 03, 1984",27,10,0,3.3,0.39,1.63,0.65,3.67,0.6,0.37,1.8
67533c6f7a2ac5f7e09af14f,bebb4ae55ac2bf6f,Chris Fishgold,"5' 8""",145 lbs.,"68""",Orthodox,"Jun 06, 1992",18,4,1,2.01,0.32,2.7,0.46,2.59,0.46,0.44,1.3
67533c6f7a2ac5f7e09af13f,05339613bf8e9808,Rob Font,"5' 8""",135 lbs.,"71""",Orthodox,"Jun 25, 1987",21,8,0,5.44,0.45,3.58,0.57,0.84,0.34,0.44,0.3
67533c6f7a2ac5f7e09af148,a2d342ffc83913ed,Nathan Fletcher,"5' 7""",145 lbs.,"70""",Orthodox,"Jan 03, 1998",9,1,0,2.25,0.7,0.96,0.4,9.63,0.66,0.0,2.4
67533c6f7a2ac5f7e09af149,7d09200f6a77b20e,Colin Fletcher,"6' 2""",155 lbs.,,Orthodox,"Jan 08, 1983",14,8,0,3.1,0.34,2.97,0.62,0.0,0.0,0.27,0.0
67533c6f7a2ac5f7e09af138,947eccadb72f4f6f,Jesse Forbes,"6' 2""",185 lbs.,"75""",Southpaw,"Oct 24, 1984",15,5,0,2.11,0.24,4.06,0.53,1.79,0.75,0.66,1.2
67533c6f7a2ac5f7e09af146,09e62c450e754913,Jimmy Flick,"5' 7""",125 lbs.,"68""",Orthodox,"Sep 07, 1990",17,8,0,1.94,0.5,5.43,0.43,1.55,0.21,0.0,4.3
67533c6f7a2ac5f7e09af133,44bc27bfa76dcd9e,Renee Forte,"5' 7""",155 lbs.,"71""",Orthodox,"Mar 27, 1987",8,4,0,2.08,0.32,2.12,0.63,2.32,0.58,0.66,0.0
67533c6f7a2ac5f7e09af152,fbb60f24af5d5a02,Torrez Finney,"5' 8""",185 lbs.,"75""",Orthodox,"Oct 24, 1998",10,0,0,2.6,0.7,1.86,0.5,10.04,0.69,0.0,1.7
67533c6f7a2ac5f7e09af14d,6f018c039b4d5d80,Jon Fitch,"6' 0""",170 lbs.,"74""",Orthodox,"Feb 24, 1978",30,7,1,2.61,0.5,1.65,0.54,3.6,0.51,0.56,0.8
67533c6f7a2ac5f7e09af139,7a82635ffa9b59fe,Claudionor Fontinelle,"5' 5""",185 lbs.,,Orthodox,,10,15,1,2.62,0.42,10.25,0.28,0.0,0.0,0.0,0.0
67533c6f7a2ac5f7e09af13c,01d2ed8c502e3828,Caros Fodor,"5' 9""",155 lbs.,"74""",Orthodox,"Jan 07, 1984",11,6,0,2.76,0.54,2.83,0.54,2.1,0.25,0.5,0.0
67533c6f7a2ac5f7e09af13d,fa534853eb195270,Mal Foki,"5' 7""",220 lbs.,,Orthodox,,5,5,0,2.86,0.14,14.29,0.54,0.0,0.0,0.0,0.0
67533c6f7a2ac5f7e09af153,0496cdac0bc9edd8,Jesse Finney,"6' 0""",170 lbs.,,,"Jul 11, 1974",5,1,0,0.0,0.0,0.0,0.0,0.0,0.0,0.0,0.0
67533c6f7a2ac5f7e09af154,036e96c1c12b8a59,Nick Fiore,"5' 10""",155 lbs.,"72""",Orthodox,"Dec 10, 1997",6,2,0,2.83,0.46,7.93,0.42,2.5,0.45,0.71,0.0
67533c6f7a2ac5f7e09af155,3317823959d32a05,Jan Finney,"5' 8""",135 lbs.,,Orthodox,,11,12,0,2.16,0.28,8.75,0.42,0.77,0.11,0.25,0.0
67533c6f7a2ac5f7e09af157,9583662df31d943f,Luigi Fioravanti,"5' 8""",170 lbs.,"70""",Orthodox,"Jan 22, 1981",26,15,0,2.23,0.42,2.21,0.69,3.76,0.63,0.67,0.9
67533c6f7a2ac5f7e09af15a,65adf3856c4d9256,Jafel Filho,"5' 7""",125 lbs.,"68""",Orthodox,"May 05, 1993",16,3,0,2.36,0.41,2.0,0.47,1.77,0.33,0.55,2.6
67533c6f7a2ac5f7e09af159,2abdead94ce73552,Paulo Filho,"5' 8""",185 lbs.,,Southpaw,"May 24, 1978",23,6,3,1.86,0.48,1.67,0.66,2.4,0.32,0.42,1.6
67533c6f7a2ac5f7e09af15d,c32fb8c0f6471a4d,Mirko Filipovic,"6' 2""",230 lbs.,"73""",Southpaw,"Sep 10, 1974",35,11,2,2.11,0.5,1.89,0.63,0.19,0.4,0.78,0.3
67533c6f7a2ac5f7e09af15c,daff32bc96d1eabf,Anthony Figueroa,"5' 4""",135 lbs.,,Orthodox,,11,8,1,2.37,0.48,3.77,0.49,0.0,0.0,0.58,0.0
67533c6f7a2ac5f7e09af15b,bbfca6d5c27d9cd8,Edwin Figueroa,"5' 7""",135 lbs.,"69""",Orthodox,"Jul 31, 1984",9,5,0,2.57,0.39,3.06,0.51,0.2,1.0,0.37,0.6
67533c6f7a2ac5f7e09af158,8fd808923cffff82,Andre Fili,"5' 11""",145 lbs.,"74""",Orthodox,"Jun 25, 1990",24,11,0,3.88,0.37,4.11,0.51,2.15,0.43,0.7,0.2
67533c6f7a2ac5f7e09af15e,cdadae5363b66eef,Francisco Figueiredo,"5' 6""",125 lbs.,"68""",Southpaw,"Oct 23, 1989",13,5,1,2.04,0.61,2.59,0.61,2.51,0.75,0.76,0.4
67533c6f7a2ac5f7e09af156,997b4f52f76a0b53,Brady Fink,"6' 0""",183 lbs.,,Orthodox,,2,3,0,1.69,0.41,1.69,0.61,3.63,0.25,0.0,3.6
67533c6f7a2ac5f7e09af160,aa72b0f831d0bfe5,Deiveson Figueiredo,"5' 5""",135 lbs.,"68""",Orthodox,"Dec 18, 1987",24,4,1,2.91,0.54,3.55,0.49,1.62,0.34,0.6,1.4
67533c6f7a2ac5f7e09af161,6e380a4d73ab4f0e,Ron Fields,"6' 2""",200 lbs.,,Orthodox,"Nov 18, 1974",28,32,1,0.33,0.33,2.64,0.11,0.0,0.0,0.0,0.0
67533c6f7a2ac5f7e09af15f,b4c57a8c2b773e82,Michal Figlak,"5' 10""",155 lbs.,"70""",Orthodox,"Aug 15, 1996",8,2,0,4.0,0.39,4.93,0.52,0.5,0.12,0.57,0.0
67533c6f7a2ac5f7e09af167,1e719d4b676dc19a,Brunno Ferreira,"5' 10""",185 lbs.,"72""",Orthodox,"Nov 04, 1992",12,2,0,3.76,0.5,3.12,0.52,0.5,0.16,0.53,0.5
67533c6f7a2ac5f7e09af170,a6eb54ae17a551be,Gabriella Fernandes,"5' 6""",125 lbs.,"66""",Southpaw,"Aug 13, 1993",10,3,0,3.46,0.46,5.5,0.49,0.56,0.18,0.6,0.3
67533c6f7a2ac5f7e09af165,8c21eb9fd7c4c203,Timo Feucht,"6' 3""",205 lbs.,"79""",Orthodox,"Jan 18, 1996",8,1,0,0.0,0.0,0.0,0.0,0.0,0.0,0.0,0.0
67533c6f7a2ac5f7e09af169,3df223aeaacecf3f,Lucas Fernando,"6' 3""",185 lbs.,"80""",,"Jan 10, 1997",9,2,0,1.87,0.51,4.73,0.38,3.0,0.3,0.0,1.0
67533c6f7a2ac5f7e09af168,977081bc01197656,Scott Ferrozzo,"5' 11""",323 lbs.,,Orthodox,"Apr 26, 1965",4,2,0,0.0,0.0,0.0,0.0,0.0,0.0,0.0,0.0
67533c6f7a2ac5f7e09af162,d814f5192e58fb2f,Drew Fickett,"5' 10""",155 lbs.,"70""",Orthodox,"Dec 14, 1979",42,21,0,2.33,0.41,2.29,0.57,1.3,0.35,0.3,2.2
67533c6f7a2ac5f7e09af171,cbc071cb20ea59c7,Bibiano Fernandes,"5' 7""",139 lbs.,,Orthodox,"Mar 30, 1980",20,3,0,2.91,0.4,2.02,0.72,3.97,0.53,0.77,0.6
67533c6f7a2ac5f7e09af16e,ec13c393d029297d,Kaue Fernandes,"5' 9""",155 lbs.,"73""",Orthodox,"Mar 17, 1995",9,2,0,3.04,0.57,0.86,0.66,0.76,1.0,0.62,0.0
67533c6f7a2ac5f7e09af173,979f7edbb6980b0d,CJ Fernandes,"6' 2""",170 lbs.,,,"Nov 13, 1977",14,8,3,0.0,0.0,0.0,0.0,0.0,0.0,0.0,0.0
67533c6f7a2ac5f7e09af16b,28ba5f27e473420c,Alexandre Ferreira,"5' 7""",205 lbs.,,Orthodox,"Apr 25, 1979",18,6,0,2.57,0.6,8.14,0.42,0.0,0.0,0.0,0.0
67533c6f7a2ac5f7e09af166,1c2a8915f8431507,Erisson Ferreira,"5' 6""",125 lbs.,"70""",Orthodox,"May 03, 1991",12,2,0,1.75,0.32,2.75,0.56,1.11,1.0,0.66,1.7
67533c6f7a2ac5f7e09af164,33efaf2d0941cfcf,Andre Fialho,"6' 0""",170 lbs.,"74""",Orthodox,"Apr 07, 1994",16,8,0,3.3,0.41,6.26,0.45,0.25,1.0,0.66,0.0
67533c6f7a2ac5f7e09af172,27541033b97c076d,Kevin Ferguson,"6' 2""",235 lbs.,"77""",Orthodox,"Feb 08, 1974",5,2,0,2.3,0.5,3.41,0.38,3.1,0.72,0.36,1.2
67533c6f7a2ac5f7e09af16d,f53d4f21d1b5f2dc,Diego Ferreira,"5' 9""",155 lbs.,"74""",Orthodox,"Jan 18, 1985",19,5,0,5.04,0.39,3.43,0.56,0.96,0.3,0.6,0.6
67533c6f7a2ac5f7e09af16c,dbc17725b887860a,Cezar Ferreira,"6' 1""",185 lbs.,"78""",Southpaw,"Feb 15, 1985",13,8,0,1.9,0.42,2.44,0.53,2.69,0.53,0.84,0.5
67533c6f7a2ac5f7e09af163,0ec821423baa26bd,Scott Fiedler,"6' 4""",235 lbs.,,Orthodox,,0,1,0,0.0,0.0,0.0,0.0,0.0,0.0,0.0,0.0
67533c6f7a2ac5f7e09af16f,22a92d7f62195791,Tony Ferguson,"5' 11""",170 lbs.,"76""",Orthodox,"Feb 12, 1984",26,11,0,4.91,0.45,4.37,0.55,0.39,0.35,0.66,0.9
67533c6f7a2ac5f7e09af174,15f4550e017f6c7d,Rhadi Ferguson,"5' 7""",205 lbs.,,,,3,0,0,0.0,0.0,0.0,0.0,0.0,0.0,0.0,0.0
67533c6f7a2ac5f7e09af175,b0f316c60f8d3b47,Josh Ferguson,"5' 5""",125 lbs.,,Orthodox,"May 13, 1988",10,5,0,2.13,0.43,4.18,0.32,0.59,0.11,0.54,0.0
67533c6f7a2ac5f7e09af177,a2ea77e974c5889f,Carlos Felipe,"6' 0""",245 lbs.,"75""",Orthodox,"Jan 12, 1995",11,2,0,4.88,0.45,5.6,0.5,0.0,0.0,0.72,0.0
67533c6f7a2ac5f7e09af176,c940b42df95bbd28,Feng Xiaocan,"5' 7""",115 lbs.,"66""",Southpaw,"Dec 27, 2001",10,3,0,5.43,0.5,1.76,0.73,1.08,1.0,0.66,0.0
67533c6f7a2ac5f7e09af17a,5af26b3201690d29,Rodney Faverus,"6' 0""",215 lbs.,,Southpaw,,25,20,3,2.3,0.53,1.6,0.54,4.5,1.0,0.25,0.0
67533c6f7a2ac5f7e09af17c,f89e6e66b9b112de,Rico Farrington,"6' 4""",170 lbs.,"79""",Southpaw,"Jun 19, 1989",7,3,0,6.33,0.41,7.2,0.51,0.0,0.0,0.2,0.0
67533c6f7a2ac5f7e09af17b,e5010b1b94ca5755,Paul Felder,"5' 11""",155 lbs.,"70""",Orthodox,"Apr 25, 1984",17,6,0,3.7,0.44,3.44,0.48,0.29,0.28,0.64,0.2
67533c6f7a2ac5f7e09af17e,431262bbc69215dc,Jair Farias,"6' 1""",145 lbs.,"76""",Orthodox,"Mar 16, 1993",10,1,0,3.8,0.39,5.33,0.51,0.0,0.0,0.41,0.0
67533c6f7a2ac5f7e09af17d,9c42a0de8e012870,Kelly Faszholz,"5' 8""",135 lbs.,,Orthodox,"Apr 09, 1985",4,2,0,4.01,0.48,3.61,0.52,0.0,0.0,0.44,0.0
67533c6f7a2ac5f7e09af17f,49c7236c737d7e59,Chance Farrar,"5' 9""",145 lbs.,,Southpaw,"Sep 11, 1975",8,3,0,0.81,0.22,2.21,0.67,3.02,1.0,0.0,0.0
67533c6f7a2ac5f7e09af181,91d73ee59347ac16,Brodie Farber,"6' 1""",170 lbs.,,Orthodox,"Jul 05, 1980",16,7,0,1.69,0.45,2.17,0.53,0.9,0.5,0.2,0.9
67533c6f7a2ac5f7e09af180,27b164b0d1833df0,Kalindra Faria,"5' 7""",125 lbs.,,Switch,"Jul 23, 1986",18,8,1,2.23,0.56,1.44,0.45,1.31,0.66,0.2,0.7
67533c6f7a2ac5f7e09af188,453ee00c3e1ae9dd,Ron Faircloth,"5' 9""",205 lbs.,,Orthodox,"Aug 16, 1979",33,20,0,0.39,0.4,8.9,0.42,0.0,0.0,0.0,0.0
67533c6f7a2ac5f7e09af185,d58478ded5534695,Maiquel Falcao,"5' 11""",185 lbs.,,Orthodox,"Mar 08, 1981",37,10,0,1.67,0.55,0.53,0.86,1.0,1.0,0.71,3.0
67533c6f7a2ac5f7e09af184,8f765fd5775a8873,Rinat Fakhretdinov,"6' 0""",170 lbs.,"74""",Orthodox,"Sep 28, 1991",23,1,1,4.78,0.52,3.58,0.53,3.95,0.34,0.91,0.2
67533c6f7a2ac5f7e09af186,862b0b3375aa4b6e,Zarah Fairn,"5' 8""",135 lbs.,"72""",Orthodox,"Dec 10, 1983",6,6,0,4.55,0.31,7.4,0.45,0.0,0.0,0.6,0.0
67533c6f7a2ac5f7e09af189,e17ac6410c8377f4,Bartosz Fabinski,"6' 0""",170 lbs.,"75""",Orthodox,"Apr 26, 1986",15,5,0,2.23,0.68,1.46,0.51,7.1,0.7,0.8,0.0
67533c6f7a2ac5f7e09af182,04e9955f33e0c267,Joao Paulo Faria,"5' 9""",155 lbs.,,,,1,1,0,6.69,0.64,2.09,0.85,1.25,0.5,0.0,1.2
67533c6f7a2ac5f7e09af183,f7be1db194e03d7e,Pedro Falcao,"5' 6""",135 lbs.,"66""",Orthodox,"Jul 30, 1992",16,4,0,2.9,0.48,2.63,0.48,2.07,0.22,0.83,0.0
67533c6f7a2ac5f7e09af187,adea9f0090aa8e14,Jason Fairn,"6' 1""",230 lbs.,,,,4,5,0,0.0,0.0,0.0,0.0,0.0,0.0,0.0,0.0
67533c6f7a2ac5f7e09af18a,40389d39a92f5bfa,Wagnney Fabiano,"5' 6""",145 lbs.,"69""",Southpaw,"Jul 14, 1975",16,4,0,1.19,0.38,0.66,0.7,3.44,0.64,1.0,0.4
67533c6f7a2ac5f7e09af192,4887e5bc4dbb73ff,Alexandru Lungu,"6' 0""",385 lbs.,,Orthodox,"Sep 03, 1974",14,4,0,3.61,0.66,7.22,0.4,0.0,0.0,0.0,0.0
67533c6f7a2ac5f7e09af194,ce632027bf2a871b,Dalcha Lungiambula,"5' 8""",185 lbs.,"76""",Orthodox,"Jul 31, 1987",11,6,0,3.07,0.45,3.93,0.52,2.14,0.45,0.77,0.0
67533c6f7a2ac5f7e09af193,6d4b63c767106d3a,Vicente Luque,"5' 11""",170 lbs.,"75""",Orthodox,"Nov 27, 1991",22,10,1,5.07,0.52,5.21,0.52,1.0,0.53,0.62,0.6
67533c6f7a2ac5f7e09af18e,12630a4aa0894da8,Joilton Lutterbach,"6' 1""",185 lbs.,"75""",Orthodox,"Nov 05, 1992",38,9,0,0.0,0.0,0.0,0.0,0.0,0.0,0.0,0.0
67533c6f7a2ac5f7e09af18b,8c020156779f7888,Melinda Fabian,"5' 6""",125 lbs.,"66""",Orthodox,"Jun 25, 1987",4,4,2,4.03,0.41,4.0,0.62,0.0,0.0,1.0,0.0
67533c6f7a2ac5f7e09af190,622f015c81a9b13a,Travis Lutter,"5' 11""",185 lbs.,"75""",Orthodox,"May 12, 1973",10,6,0,0.41,0.32,2.42,0.42,1.95,0.24,0.3,0.7
67533c6f7a2ac5f7e09af18f,505934897b8b4824,Thaddeus Luster,"6' 3""",210 lbs.,,,,0,1,0,0.0,0.0,0.0,0.0,0.0,0.0,0.0,0.0
67533c6f7a2ac5f7e09af18d,7832f2f62f04178f,Tucker Lutz,"5' 8""",145 lbs.,"72""",Orthodox,"Jul 12, 1994",12,4,0,3.74,0.46,3.25,0.44,1.99,0.44,0.69,0.2
67533c6f7a2ac5f7e09af191,78114b7199cef90c,Urijah Faber,"5' 6""",135 lbs.,"67""",Orthodox,"May 14, 1979",35,11,0,2.65,0.4,2.59,0.64,1.54,0.3,0.58,0.8
67533c6f7a2ac5f7e09af195,5b1effb0db45273a,Paula Luna,"5' 2""",125 lbs.,"62""",Orthodox,"Jul 05, 1999",5,3,0,0.65,0.5,6.2,0.17,0.0,0.0,0.0,0.0
67533c6f7a2ac5f7e09af130,ec33146e43e58933,Xavier Foupa-Pokam,"6' 1""",185 lbs.,,Open Stance,"Jul 03, 1982",32,22,0,1.47,0.43,2.5,0.49,0.0,0.0,0.16,0.0
67533c6f7a2ac5f7e09af199,1b35af4d1529adf6,Stephanie Luciano,"5' 6""",115 lbs.,"65""",Orthodox,"Dec 16, 1999",6,1,1,5.3,0.48,2.53,0.68,0.5,1.0,0.85,0.0
67533c6f7a2ac5f7e09af120,f1f37d667bcd0d27,Willamy Freire,"5' 8""",155 lbs.,,Orthodox,"Jul 28, 1987",26,6,0,1.53,0.37,0.93,0.62,0.5,1.0,0.73,0.0
67533c6f7a2ac5f7e09af1a2,eea0274e153256a0,Ian Loveland,"5' 8""",145 lbs.,,Orthodox,"Sep 07, 1983",18,10,0,2.71,0.4,2.36,0.64,1.0,0.37,0.69,0.3
67533c6f7a2ac5f7e09af197,e26882820f9e8df5,Mike Lullo,"5' 8""",145 lbs.,,Orthodox,"Jul 24, 1979",8,3,0,2.48,0.36,4.84,0.4,1.18,0.11,0.0,0.6
67533c6f7a2ac5f7e09af19a,9bdebbf2735d14c2,Cleber Luciano,"5' 6""",155 lbs.,,,,14,6,0,0.0,0.0,0.0,0.0,0.0,0.0,0.0,0.0
67533c6f7a2ac5f7e09af198,84ac950d4c1722dd,Duane Ludwig,"5' 10""",170 lbs.,"70""",Orthodox,"Aug 04, 1978",21,14,0,4.62,0.44,3.05,0.57,0.43,0.25,0.59,0.1
67533c6f7a2ac5f7e09af19e,a2d23e684b3db732,Lu Kai,"5' 9""",145 lbs.,"69""",Orthodox,"Mar 01, 1994",8,5,0,3.76,0.43,5.51,0.55,2.62,0.5,1.0,2.6
67533c6f7a2ac5f7e09af1a1,ad044be25c94dcfd,Jakob Lovstad,"6' 3""",205 lbs.,,Orthodox,,11,4,0,0.0,0.0,9.43,0.35,0.0,0.0,0.0,0.0
67533c6f7a2ac5f7e09af1a0,86248c84834238e7,Joe Lowry,"5' 11""",155 lbs.,"73""",Orthodox,"Dec 12, 1989",9,2,0,3.97,0.34,4.25,0.63,0.0,0.0,0.0,0.0
67533c6f7a2ac5f7e09af19b,668222c99c5c311d,Matt Lucas,"6' 1""",205 lbs.,,,,15,3,0,1.27,0.48,3.93,0.4,1.0,0.1,0.0,0.0
67533c6f7a2ac5f7e09af1b6,989be26791d0aad4,Thomas Longacre,"5' 9""",145 lbs.,,Orthodox,,6,1,0,0.0,0.0,0.0,0.0,0.0,0.0,0.0,0.0
67533c6f7a2ac5f7e09af1aa,2fc7e9701642ca38,Matthew Lopez,"5' 7""",135 lbs.,"69""",Southpaw,"Jan 21, 1987",10,4,0,3.13,0.5,3.73,0.55,3.32,0.6,0.71,1.3
67533c6f7a2ac5f7e09af1be,d5bab53a1a603aac,Ryan Loder,"6' 2""",185 lbs.,"76""",Southpaw,"Jun 05, 1991",8,1,0,6.16,0.8,0.15,0.5,2.2,0.33,1.0,2.2
67533c6f7a2ac5f7e09af1bf,9caa254991a5a698,Dylan Lockard,"5' 9""",145 lbs.,"72""",Orthodox,"May 19, 1992",6,2,0,1.31,0.53,3.31,0.52,2.31,0.4,0.28,1.2
67533c6f7a2ac5f7e09af1c0,31652c9267606d54,John Lober,"5' 11""",199 lbs.,,Orthodox,"Feb 26, 1968",5,9,4,0.0,0.0,0.0,0.0,0.0,0.0,0.0,0.0
67533c6f7a2ac5f7e09af1c3,6448e57a9533b7e4,Abner Lloveras,"5' 11""",155 lbs.,,,"Sep 04, 1982",20,9,1,6.27,0.49,6.87,0.43,2.0,0.2,0.0,0.0
67533c6f7a2ac5f7e09af1c4,008c6e1a25751575,Wesley Little,"6' 4""",205 lbs.,,,,4,8,0,0.0,0.0,0.0,0.0,0.0,0.0,0.0,0.0
67533c6f7a2ac5f7e09af1ae,9681e0ce67dc978b,Federico Lopez,"5' 4""",139 lbs.,,Orthodox,,10,6,0,1.78,0.23,5.35,0.3,0.0,0.0,0.0,0.0
67533c6f7a2ac5f7e09af1bd,db1f2ed63b54b9a7,Hector Lombard,"5' 9""",185 lbs.,"71""",Southpaw,"Feb 02, 1978",34,10,1,3.02,0.46,3.35,0.53,1.69,0.48,0.77,0.5
67533c6f7a2ac5f7e09af1ab,773f7feacf96153e,Benito Lopez,"5' 10""",135 lbs.,"73""",Switch,"Apr 06, 1994",10,2,0,4.39,0.45,5.18,0.56,0.0,0.0,0.73,0.3
67533c6f7a2ac5f7e09af1b5,1497e735d9f2560a,Ange Loosa,"5' 10""",170 lbs.,"74""",Orthodox,"Mar 18, 1993",10,4,0,5.6,0.44,6.68,0.53,2.41,0.38,0.83,0.2
67533c6f7a2ac5f7e09af1b1,0abcf6bc47191219,Bruno Lopes,"6' 2""",205 lbs.,"74""",Orthodox,"Apr 24, 1993",13,1,0,3.69,0.41,4.07,0.63,0.0,0.0,1.0,0.0
67533c6f7a2ac5f7e09af1b8,4e30e4250cb08b61,Loma Lookboonmee,"5' 1""",115 lbs.,"61""",Orthodox,"Jan 18, 1996",9,3,0,4.1,0.57,2.48,0.53,1.9,0.5,0.72,0.1
67533c6f7a2ac5f7e09af1c1,02f2a9702ba3d167,Artem Lobov,"5' 9""",145 lbs.,"65""",Southpaw,"Aug 11, 1986",13,15,1,3.52,0.41,4.82,0.5,0.39,0.25,0.52,0.0
67533c6f7a2ac5f7e09af1af,2aa481e98185e261,Arthur Lopes,"6' 2""",234 lbs.,"77""",Southpaw,"Feb 17, 1993",6,2,0,9.74,0.41,14.87,0.45,0.0,0.0,0.0,0.0
67533c6f7a2ac5f7e09af1ba,4ab36d70d1b28b58,Christian Lohsen,"6' 2""",155 lbs.,"77""",Southpaw,"Jan 24, 1995",4,2,0,5.27,0.49,6.93,0.44,0.0,0.0,0.0,2.0
67533c6f7a2ac5f7e09af1c2,7abce81b72fbbd9b,Brian Lo-A-Njoe,"5' 7""",155 lbs.,,Orthodox,,6,10,3,3.87,0.42,0.0,0.0,0.0,0.0,0.66,0.0
67533c6f7a2ac5f7e09af1ac,ee624ee2a18f2a43,Jorge Lopez,"5' 10""",170 lbs.,,Orthodox,"Nov 21, 1988",11,5,0,2.47,0.59,2.57,0.5,3.5,0.41,0.81,0.0
67533c6f7a2ac5f7e09af1bb,22e47b53e4ceb27c,David Loiseau,"6' 0""",185 lbs.,"76""",Orthodox,"Dec 17, 1979",23,11,0,1.59,0.44,3.64,0.43,0.43,0.42,0.36,0.1
67533c6f7a2ac5f7e09af1ad,0db9d2486d564a3c,Ivan Lopez,"5' 6""",135 lbs.,,Southpaw,,14,3,1,0.9,0.26,2.24,0.65,0.0,0.0,0.3,0.0
67533c6f7a2ac5f7e09af1a7,cbf94e4c4af4ff6d,Nate Loughran,"6' 2""",185 lbs.,,Orthodox,"Jul 28, 1980",11,2,0,1.81,0.4,4.11,0.59,0.0,0.0,0.0,2.1
67533c6f7a2ac5f7e09af1b3,f166e93d04a8c274,Diego Lopes,"5' 11""",145 lbs.,"72""",Orthodox,"Dec 30, 1994",26,6,0,4.2,0.53,4.11,0.5,0.5,0.4,0.52,2.8
67533c6f7a2ac5f7e09af1b9,6d6b9a6cb063b60d,Michael Lombardo,"6' 0""",170 lbs.,"72""",Orthodox,"Apr 03, 1990",11,2,0,1.47,0.62,2.63,0.31,2.5,0.21,0.6,0.0
67533c6f7a2ac5f7e09af1a8,93b62c5f2ba18e51,Gustavo Lopez,"5' 5""",135 lbs.,"67""",Orthodox,"Jun 27, 1989",12,6,1,2.48,0.4,3.87,0.57,1.74,0.41,0.31,0.7
67533c6f7a2ac5f7e09af1b2,1f70dd67ad507990,Lucas Lopes,"6' 2""",185 lbs.,,,"Oct 05, 1979",29,19,0,0.0,0.0,0.0,0.0,0.0,0.0,0.0,0.0
67533c6f7a2ac5f7e09af1a5,42ac4020cba261ad,Caolan Loughran,"5' 6""",135 lbs.,"68""",Orthodox,"May 18, 1996",9,2,0,5.64,0.43,5.62,0.54,2.0,0.26,1.0,0.0
67533c6f7a2ac5f7e09af1a3,28f62d866c59c709,Waylon Lowe,"5' 7""",145 lbs.,,Southpaw,"Oct 31, 1980",16,7,0,1.88,0.55,2.4,0.53,4.47,0.55,0.83,0.3
67533c6f7a2ac5f7e09af1a9,5148a665aa527865,Christopher Lopez,"5' 10""",170 lbs.,,,"Jan 30, 1986",9,1,0,0.0,0.0,0.0,0.0,0.0,0.0,0.0,0.0
67533c6f7a2ac5f7e09af1b4,8270c00fae24c922,Dileno Lopes,"5' 5""",135 lbs.,,,"Sep 26, 1984",19,3,0,2.37,0.36,3.33,0.53,2.5,0.31,1.0,1.5
67533c6f7a2ac5f7e09af1b0,6085ceb59087514b,Steve Lopez,"5' 11""",155 lbs.,,Orthodox,"Jul 30, 1984",13,6,1,1.39,0.24,2.69,0.62,0.0,0.0,0.37,0.0
67533c6f7a2ac5f7e09af1a6,b788862dd1c11eac,Brendan Loughnane,"5' 10""",145 lbs.,"70""",Switch,"Dec 05, 1989",17,3,0,6.23,0.63,6.7,0.53,1.5,0.3,0.92,0.0
67533c6f7a2ac5f7e09af1bc,d3d1ff3f3dfa0931,Sean Loeffler,"6' 3""",185 lbs.,,Orthodox,"May 23, 1982",31,5,0,0.0,0.0,0.0,0.0,0.0,0.0,0.0,0.0
67533c6f7a2ac5f7e09af1c8,53c943c873cffe90,Philipe Lins,"6' 2""",205 lbs.,"78""",Orthodox,"Aug 17, 1985",18,5,0,3.8,0.49,3.59,0.46,1.65,0.33,1.0,0.0
67533c6f7a2ac5f7e09af1c5,68c6cd5287b473a7,Dean Lister,"6' 1""",185 lbs.,"75""",Orthodox,"Feb 13, 1976",13,7,0,1.26,0.35,1.89,0.61,1.58,0.15,0.5,1.1
67533c6f7a2ac5f7e09af1c7,2c5f5749569eef66,Tainara Lisboa,"5' 7""",135 lbs.,"67""",Orthodox,"Mar 02, 1991",7,2,0,2.05,0.5,1.4,0.54,2.05,0.4,0.7,0.5
67533c6f7a2ac5f7e09af1c6,93b2b7caa457cbea,James Llontop,"6' 0""",155 lbs.,"73""",Orthodox,"Aug 02, 1999",14,5,0,5.57,0.41,4.12,0.57,0.0,0.0,0.54,0.0
67533c6f7a2ac5f7e09af1ce,0e041d43a47d2e4b,Matt Lindland,"6' 0""",185 lbs.,"74""",Southpaw,"May 17, 1970",22,9,0,2.62,0.5,1.56,0.52,3.01,0.48,0.6,1.3
67533c6f7a2ac5f7e09af1d1,b1f21ce050035d58,Andre Lima,"5' 7""",125 lbs.,"67""",Orthodox,"Feb 04, 1999",10,0,0,3.03,0.55,2.48,0.57,1.13,0.66,0.73,1.1
67533c6f7a2ac5f7e09af1d2,6135fd9665fbb74e,Mabelly Lima,"5' 2""",135 lbs.,,Orthodox,"Jan 25, 1994",7,1,0,3.07,0.63,5.67,0.44,0.0,0.0,1.0,0.0
67533c6f7a2ac5f7e09af1c9,305d73ede05e31ad,Austin Lingo,"5' 10""",145 lbs.,"70""",Orthodox,"Jul 10, 1994",9,3,0,3.86,0.37,4.86,0.57,0.43,0.66,0.75,0.0
67533c6f7a2ac5f7e09af1ca,a780d16cf7eed44d,Lucio Linhares,"6' 2""",185 lbs.,,Orthodox,"Dec 08, 1973",19,8,0,0.99,0.22,3.47,0.34,1.86,0.5,0.5,1.9
67533c6f7a2ac5f7e09af1d4,264111bf62662fbf,Douglas Lima,"6' 1""",170 lbs.,,,"Jan 05, 1988",29,6,0,1.92,0.36,2.84,0.6,0.6,1.0,0.46,0.0
67533c6f7a2ac5f7e09af1d3,75a6a390fd5dca46,Juliana Lima,"5' 5""",115 lbs.,"65""",Orthodox,"Mar 15, 1982",9,5,0,1.94,0.44,2.11,0.55,1.72,0.31,0.7,0.0
67533c6f7a2ac5f7e09af1cf,9256f591b30c073e,Felipe Lima,"5' 6""",145 lbs.,"68""",Orthodox,"May 07, 1998",13,1,0,3.29,0.52,2.67,0.64,1.33,0.5,0.8,1.3
67533c6f7a2ac5f7e09af1cd,a4ef92274a45143d,Emiliano Linares,"5' 8""",145 lbs.,"72""",Orthodox,"Apr 21, 1997",8,2,0,1.17,0.28,3.59,0.26,0.0,0.0,0.33,0.0
67533c6f7a2ac5f7e09af1cc,33e00249ef08d3a4,Jake Lindsey,"5' 11""",155 lbs.,,Switch,"Jun 21, 1986",12,7,0,3.44,0.52,4.01,0.46,0.65,0.33,0.5,0.0
67533c6f7a2ac5f7e09af1d6,e9213f53ddeca978,Dhiego Lima,"6' 2""",170 lbs.,"75""",Orthodox,"Jan 31, 1989",17,9,0,3.12,0.39,3.88,0.58,1.26,0.34,0.73,0.6
67533c6f7a2ac5f7e09af1d7,203c957eac95dd87,Hyun Gyu Lim,"6' 3""",170 lbs.,"77""",Orthodox,"Jan 16, 1985",13,7,1,4.45,0.41,5.07,0.51,0.23,1.0,0.73,0.2
67533c6f7a2ac5f7e09af1d5,bbb15f301e4a490a,Jae Suk Lim,"5' 9""",170 lbs.,,Orthodox,"Nov 09, 1979",17,6,0,2.43,0.5,4.05,0.37,12.16,1.0,1.0,0.0
67533c6f7a2ac5f7e09af1e6,f60dbe6e05489c4f,Malik Lewis,"6' 0""",155 lbs.,"75""",Orthodox,"Mar 04, 1996",6,2,0,4.16,0.45,5.66,0.4,3.98,0.4,0.5,0.0
67533c6f7a2ac5f7e09af1e1,6623cb1c27025634,Brandon Lewis,"5' 4""",135 lbs.,"70""",Orthodox,"Aug 02, 1997",6,2,0,2.17,0.29,3.63,0.53,1.0,0.15,0.2,0.0
67533c6f7a2ac5f7e09af1e2,e64b96c07d7ce999,Li Jingliang,"6' 0""",170 lbs.,"71""",Orthodox,"Mar 20, 1988",19,9,0,4.46,0.42,3.95,0.56,1.19,0.41,0.6,0.0
67533c6f7a2ac5f7e09af1e4,899923ff6ab13917,Bevon Lewis,"6' 3""",185 lbs.,"79""",Orthodox,"May 05, 1991",7,3,0,3.73,0.43,2.67,0.54,0.0,0.0,0.66,0.0
67533c6f7a2ac5f7e09af1e3,a307a10414d0ad00,Chi Lewis-Parry,"6' 9""",243 lbs.,,,"Aug 10, 1983",7,0,1,0.0,0.0,0.0,0.0,0.0,0.0,0.0,0.0
67533c6f7a2ac5f7e09af1df,a8aba6fd8a463043,Jess Liaudin,"5' 9""",170 lbs.,"72""",Orthodox,,20,11,0,2.46,0.51,2.76,0.41,3.28,0.53,0.3,1.6
67533c6f7a2ac5f7e09af1e7,d3df1add9d9a7efb,Derrick Lewis,"6' 3""",260 lbs.,"79""",Orthodox,"Feb 07, 1985",28,12,0,2.48,0.5,2.48,0.4,0.57,0.26,0.52,0.0
67533c6f7a2ac5f7e09af1de,4c7afd56ef1947ac,Li Yunfeng,"5' 8""",135 lbs.,"68""",Orthodox,"Mar 08, 1999",9,5,0,0.53,0.29,2.55,0.35,0.0,0.0,0.5,0.0
67533c6f7a2ac5f7e09af1dc,ec0dcceace7d25a3,Liang Na,"5' 5""",125 lbs.,"67""",Orthodox,"Jul 27, 1996",19,8,0,1.99,0.42,3.95,0.36,3.6,0.58,0.25,0.5
67533c6f7a2ac5f7e09af1da,0e31bfd26cc8c503,Chris Liguori,"5' 9""",185 lbs.,,Orthodox,,15,10,0,0.29,0.33,1.44,0.0,0.0,0.0,0.5,0.0
67533c6f7a2ac5f7e09af1e5,a390eb8a9b2df298,Chuck Liddell,"6' 2""",205 lbs.,"76""",Orthodox,"Dec 17, 1969",21,8,0,2.97,0.35,2.71,0.56,0.44,0.75,0.81,0.0
67533c6f7a2ac5f7e09af1d8,a1bf037613180253,Donnie Liles,"5' 9""",170 lbs.,,Orthodox,,17,7,0,2.25,0.41,1.75,0.65,2.5,0.28,0.0,1.2
67533c6f7a2ac5f7e09af1dd,5d7c18191b8aa432,Zach Light,"5' 8""",170 lbs.,,Orthodox,"Feb 06, 1974",9,11,0,0.81,0.33,1.9,0.48,1.36,1.0,0.0,0.0
67533c6f7a2ac5f7e09af1db,11b5a809c3120e27,Rodrigo Lidio,"5' 11""",155 lbs.,"73""",Orthodox,"Jul 07, 1989",12,3,0,0.97,0.5,0.0,1.0,0.0,0.0,0.5,0.0
67533c6f7a2ac5f7e09af1d9,998c8890a8dde1eb,Scott Lighty,"6' 2""",205 lbs.,,,"Oct 15, 1978",6,2,0,2.91,0.21,4.24,0.49,0.0,0.0,0.0,0.0
67533c6f7a2ac5f7e09af1e8,4a01dc8376736ef5,John Lewis,"6' 0""",155 lbs.,,Southpaw,,3,4,3,0.0,0.0,4.0,0.66,0.0,0.0,0.0,0.0
67533c6f7a2ac5f7e09af1eb,49590e0508b2c19f,David Levicki,"6' 5""",275 lbs.,,,,1,3,0,0.0,0.0,0.0,0.0,0.0,0.0,0.0,0.0
67533c6f7a2ac5f7e09af1e9,a29db9cd4f9ccea5,Natan Levy,"5' 9""",155 lbs.,"71""",Southpaw,"Sep 30, 1991",8,2,0,3.7,0.52,3.19,0.58,5.03,0.58,0.41,0.5
67533c6f7a2ac5f7e09af1ec,182f2b78582de3d8,Marcus LeVesseur,"5' 9""",155 lbs.,"70""",Southpaw,"Jul 17, 1982",22,7,0,2.55,0.64,3.7,0.37,3.89,0.36,0.83,0.6
67533c6f7a2ac5f7e09af1ed,8c3f3c43c8ceb778,Justin Levens,"5' 11""",185 lbs.,,Orthodox,"Apr 18, 1980",10,7,0,1.24,0.47,3.15,0.37,1.69,0.5,0.33,5.1
67533c6f7a2ac5f7e09af1ee,8cb78f3a6c2a08f7,Leah Letson,"5' 7""",145 lbs.,"71""",Southpaw,"Aug 21, 1992",5,3,0,3.06,0.41,3.84,0.52,0.51,0.5,0.76,0.0
67533c6f7a2ac5f7e09af1ef,46a2f24feb258ae0,Valerie Letourneau,"5' 7""",115 lbs.,"68""",Orthodox,"Apr 29, 1983",8,6,0,4.51,0.37,5.4,0.58,0.77,0.45,0.66,0.3
67533c6f7a2ac5f7e09af1f0,edd8d5d8089a35f8,Frank Lester,"5' 11""",170 lbs.,,Orthodox,"Jun 10, 1984",11,6,0,2.18,0.36,3.82,0.53,0.0,0.0,0.0,0.0
67533c6f7a2ac5f7e09af1f3,08ae5cd9aef7ddd3,Kimo Leopoldo,"6' 3""",235 lbs.,,Orthodox,"Jan 05, 1968",10,7,1,0.76,0.83,2.12,0.3,4.55,1.0,0.0,2.3
67533c6f7a2ac5f7e09af1f2,513c6f1715e547a8,Brock Lesnar,"6' 3""",265 lbs.,"81""",Orthodox,"Jul 12, 1977",5,3,0,3.53,0.72,2.11,0.5,3.9,0.55,0.6,0.5
67533c6f7a2ac5f7e09af1f7,86b9b51a81e9c339,Anthony Leone,"5' 6""",135 lbs.,,Orthodox,"May 27, 1987",15,8,0,1.94,0.53,2.52,0.56,1.72,0.18,0.0,0.0
67533c6f7a2ac5f7e09af1f6,9dedfdd91070ddd8,Victoria Leonardo,"5' 5""",125 lbs.,"64""",Orthodox,"Feb 16, 1990",9,7,0,3.22,0.38,4.81,0.47,1.57,0.27,0.71,0.0
67533c6f7a2ac5f7e09af1f5,657d0ed181f04215,Chad Leonhardt,"6' 0""",170 lbs.,,,"Feb 19, 1980",9,4,0,0.0,0.0,0.0,0.0,0.0,0.0,0.0,0.0
67533c6f7a2ac5f7e09af1f8,6e02c318762f52f1,Alberta Cerra Leon,"5' 8""",238 lbs.,,,,0,1,0,0.0,0.0,0.0,0.0,0.0,0.0,0.0,0.0
67533c6f7a2ac5f7e09af1f9,6fb1ba67bef41b37,Nik Lentz,"5' 8""",145 lbs.,"68""",Orthodox,"Aug 13, 1984",30,12,2,3.44,0.47,3.25,0.5,3.3,0.32,0.43,1.2
67533c6f7a2ac5f7e09af1fa,e60201cfab7d656d,Jean Francois Lenogue,"6' 0""",185 lbs.,,Orthodox,"Nov 29, 1972",16,17,3,1.13,0.34,0.27,0.6,0.0,0.0,0.33,0.0
67533c6f7a2ac5f7e09af201,90550a08f0b02b6f,Claudia Leite,"5' 3""",135 lbs.,"64""",Orthodox,"Nov 04, 1996",8,3,0,1.27,0.47,1.73,0.57,1.0,0.25,0.0,1.0
67533c6f7a2ac5f7e09af202,98cbbc06074c68a4,Cheyden Leialoha,"5' 8""",135 lbs.,"73""",Orthodox,"Mar 15, 1994",6,0,0,1.87,0.28,3.2,0.53,2.0,0.33,0.71,0.0
67533c6f7a2ac5f7e09af209,d008d785f6347dc2,JeongYeong Lee,"5' 10""",145 lbs.,"73""",Orthodox,"Nov 13, 1995",11,2,0,2.84,0.52,2.81,0.5,0.93,0.66,0.76,0.5
67533c6f7a2ac5f7e09af206,5817df778cc27274,Ricky Legere Jr.,"5' 8""",170 lbs.,,,,14,4,0,1.07,0.41,1.53,0.6,5.0,0.41,0.0,0.0
67533c6f7a2ac5f7e09af1fb,3ae10ac4df3df05c,Jesse Lennox,"5' 9""",170 lbs.,"72""",Orthodox,"Mar 10, 1982",14,4,0,2.69,0.32,3.2,0.64,1.22,0.66,0.63,0.3
67533c6f7a2ac5f7e09af203,cfb65863d5099327,Thales Leites,"6' 1""",185 lbs.,"78""",Orthodox,"Sep 06, 1981",28,9,0,2.13,0.4,2.99,0.52,2.1,0.27,0.3,1.1
67533c6f7a2ac5f7e09af204,4f670b7972fa0a2e,Sherron Leggett,"5' 8""",155 lbs.,,Southpaw,"Oct 27, 1978",21,6,0,2.86,0.51,2.08,0.47,5.19,0.8,0.33,0.0
67533c6f7a2ac5f7e09af200,d56bb6dff2ae77eb,Stefan Leko,"6' 2""",215 lbs.,,Orthodox,"Jun 03, 1974",0,3,0,2.4,0.43,6.17,0.68,0.0,0.0,0.0,0.0
67533c6f7a2ac5f7e09af1fe,3df5493bb279226f,Amanda Lemos,"5' 4""",115 lbs.,"65""",Southpaw,"May 22, 1987",14,4,1,3.16,0.54,3.87,0.44,0.9,0.63,0.61,0.8
67533c6f7a2ac5f7e09af1fc,f37822d5b3e47517,Giacomo Lemos,"6' 3""",247 lbs.,"75""",Orthodox,"Jun 23, 1989",6,0,0,0.0,0.0,0.0,0.0,0.0,0.0,0.0,0.0
67533c6f7a2ac5f7e09af208,0d1c163b206e8c5f,Rocky Lee,"5' 9""",145 lbs.,,Orthodox,"Apr 08, 1987",3,2,0,2.47,0.51,5.33,0.44,1.0,0.1,0.33,0.0
67533c6f7a2ac5f7e09af207,117a06469813e4ef,ChangHo Lee,"5' 8""",135 lbs.,"69""",Orthodox,"May 09, 1994",10,1,0,4.9,0.7,2.65,0.37,3.24,0.3,0.38,0.0
67533c6f7a2ac5f7e09af1fd,7269329bd87eb479,Christophe Leninger,"6' 0""",200 lbs.,,Southpaw,,3,4,0,0.0,0.0,0.0,0.0,0.0,0.0,0.0,0.0
67533c6f7a2ac5f7e09af1ff,fd4578cac86d75ca,Gabe Lemley,"5' 8""",155 lbs.,,Orthodox,,13,9,0,0.82,0.35,6.03,0.45,0.0,0.0,0.0,0.0
67533c6f7a2ac5f7e09af205,b6033505c245e28b,JungHyun Lee,"5' 5""",125 lbs.,"65""",Orthodox,"Sep 10, 2002",8,1,0,4.27,0.39,6.2,0.38,0.0,0.0,0.64,0.0
67533c6f7a2ac5f7e09af19c,96087e90d900f0ef,Robert Lucarelli,"6' 2""",245 lbs.,,,,0,1,0,0.0,0.0,0.0,0.0,0.0,0.0,0.0,0.0
67533c6f7a2ac5f7e09af196,abcf2cc6efc42031,Iasmin Lucindo,"5' 3""",115 lbs.,"66""",Orthodox,"Jan 08, 2002",17,5,0,3.52,0.45,2.91,0.66,2.4,0.57,0.66,0.2
67533c6f7a2ac5f7e09af20c,ee9ebceabfd16fa7,Kevin Lee,"5' 9""",170 lbs.,"77""",Orthodox,"Sep 04, 1992",18,8,0,3.88,0.42,3.6,0.5,3.18,0.43,0.75,0.8
67533c6f7a2ac5f7e09af20f,8bb6f4479685bbcc,Vaughan Lee,"5' 6""",125 lbs.,"66""",Orthodox,"Oct 15, 1982",14,13,1,3.47,0.47,2.07,0.7,0.81,0.33,0.72,1.0
67533c6f7a2ac5f7e09af20e,806975e1b4f47b27,Tommy Lee,"5' 7""",145 lbs.,,Orthodox,"Jan 20, 1977",25,6,0,0.0,0.0,0.3,0.75,4.57,0.33,0.0,0.0
67533c6f7a2ac5f7e09af1cb,c268b2cfebccf652,John Lineker,"5' 3""",135 lbs.,"67""",Orthodox,"Jun 12, 1990",31,9,0,5.36,0.4,4.27,0.56,0.56,0.58,0.67,0.6
67533c6f7a2ac5f7e09af210,39c568f8c579913e,Eun Soo Lee,"6' 1""",215 lbs.,,Orthodox,"Mar 07, 1982",17,4,0,0.0,0.0,3.05,0.6,0.0,0.0,0.5,0.0
67533c6f7a2ac5f7e09af212,de99da2c0d18d34a,Tae Hyun Lee,"6' 6""",295 lbs.,,Orthodox,"Jan 17, 1975",1,2,0,1.37,0.31,3.89,0.54,5.15,1.0,0.0,0.0
67533c6f7a2ac5f7e09af232,9450848a71d53776,Lorenz Larkin,"5' 11""",170 lbs.,"72""",Orthodox,"Sep 03, 1986",18,6,0,3.53,0.46,2.74,0.63,0.27,0.42,0.79,0.1
67533c6f7a2ac5f7e09af214,ba1e6cb3d43f7430,Justin Ledet,"6' 4""",205 lbs.,"80""",Orthodox,"Sep 28, 1988",9,4,0,3.35,0.39,4.82,0.49,0.23,0.5,0.42,0.2
67533c6f7a2ac5f7e09af22a,a571770c4016736f,Muhammed Lawal,"6' 0""",205 lbs.,"78""",Southpaw,"Jan 11, 1981",21,6,0,3.79,0.52,1.61,0.66,5.96,0.75,0.87,0.0
67533c6f7a2ac5f7e09af216,56ec58954158966a,Stephen Ledbetter,"5' 9""",145 lbs.,,Orthodox,"Jun 30, 1982",8,3,0,1.2,0.38,1.6,0.57,5.0,0.45,1.0,0.0
67533c6f7a2ac5f7e09af236,49efbdc6c9f650c4,Icho Larenas,"6' 3""",235 lbs.,,Orthodox,"Mar 12, 1980",6,5,0,0.17,0.15,2.5,0.28,0.0,0.0,0.14,0.0
67533c6f7a2ac5f7e09af225,879f6cae48d25baa,Justin Lawrence,"5' 8""",145 lbs.,"67""",Orthodox,"May 15, 1990",10,4,0,3.84,0.35,2.83,0.67,0.72,0.28,0.73,0.0
67533c6f7a2ac5f7e09af222,777dea713da2441d,Valmir Lazaro,"6' 0""",155 lbs.,"73""",Orthodox,"Aug 15, 1985",15,5,0,4.87,0.37,4.09,0.61,1.33,0.4,0.96,0.0
67533c6f7a2ac5f7e09af231,e9a3aeb207578eea,Ilir Latifi,"5' 10""",230 lbs.,"73""",Orthodox,"Jul 28, 1982",17,9,0,2.05,0.45,2.93,0.56,2.11,0.35,1.0,0.3
67533c6f7a2ac5f7e09af224,38e5d9dcb0fddc42,Eric Lawson,"6' 0""",185 lbs.,,Orthodox,,9,5,0,1.58,0.57,1.97,0.44,8.88,0.42,0.0,3.0
67533c6f7a2ac5f7e09af21e,d4f364dd076bb0e2,Cung Le,"5' 9""",185 lbs.,"70""",Southpaw,"May 25, 1972",9,3,0,4.36,0.48,2.98,0.66,1.37,0.71,0.88,0.3
67533c6f7a2ac5f7e09af22c,ec664422b22d9787,Jenel Lausa,"5' 5""",125 lbs.,"68""",Orthodox,"Aug 01, 1988",7,5,0,1.44,0.42,3.53,0.53,0.55,0.66,0.51,0.8
67533c6f7a2ac5f7e09af22f,3bad7ef643840f67,Joe Lauzon,"5' 10""",155 lbs.,"71""",Orthodox,"May 22, 1984",28,16,0,2.84,0.39,5.39,0.54,2.39,0.45,0.54,2.0
67533c6f7a2ac5f7e09af228,5449dcccd972ff83,Chatt Lavender,"5' 8""",170 lbs.,,,"May 24, 1976",9,7,0,0.0,0.0,0.0,0.0,0.0,0.0,0.0,0.0
67533c6f7a2ac5f7e09af21c,d43a048a880efdff,Chris Leben,"5' 11""",185 lbs.,"73""",Southpaw,"Jul 21, 1980",22,11,0,2.87,0.42,2.87,0.52,1.14,0.41,0.53,0.8
67533c6f7a2ac5f7e09af229,aa6da8cb3a26da04,Sandra Lavado,"5' 7""",115 lbs.,"66""",Orthodox,"May 03, 1994",10,3,0,0.87,0.37,2.67,0.34,0.0,0.0,0.33,0.0
67533c6f7a2ac5f7e09af227,4d44f37107f01b9b,Tom Lawlor,"6' 0""",205 lbs.,"74""",Southpaw,"May 15, 1983",10,6,0,2.5,0.42,2.41,0.6,2.46,0.32,0.57,1.4
67533c6f7a2ac5f7e09af21b,32feae6d9a1e5047,Quang Le,"5' 6""",135 lbs.,"70""",Orthodox,"Oct 18, 1991",8,2,0,3.02,0.35,5.52,0.45,1.7,0.23,1.0,0.0
67533c6f7a2ac5f7e09af22b,f2925e6db404bf1d,Robbie Lawler,"5' 11""",170 lbs.,"74""",Southpaw,"Mar 20, 1982",30,16,0,3.85,0.47,4.67,0.59,0.65,0.64,0.65,0.0
67533c6f7a2ac5f7e09af230,5898357a45a73674,Sione Latu,"6' 0""",215 lbs.,,,,1,0,0,0.0,0.0,0.0,0.0,0.0,0.0,0.0,0.0
67533c6f7a2ac5f7e09af237,5eedbf1e9601be35,Brock Larson,"5' 11""",170 lbs.,"71""",Southpaw,"Aug 23, 1977",42,10,0,1.39,0.46,1.5,0.55,2.67,0.34,0.43,2.0
67533c6f7a2ac5f7e09af217,c575ab451e3c5b1d,Mickael Lebout,"5' 11""",155 lbs.,"73""",Orthodox,"Aug 16, 1987",16,7,1,2.6,0.34,2.98,0.54,0.0,0.0,0.6,0.0
67533c6f7a2ac5f7e09af223,e7e01e266a9d4342,Ronnie Lawrence,"5' 8""",135 lbs.,"68""",Switch,"Jun 13, 1992",8,2,0,2.78,0.56,1.75,0.52,6.75,0.77,0.45,0.2
67533c6f7a2ac5f7e09af226,ce039df1994b18f0,Lance Lawrence,"6' 1""",145 lbs.,"74""",Orthodox,"Jun 26, 1993",4,1,0,5.87,0.5,9.8,0.24,1.0,1.0,0.5,0.0
67533c6f7a2ac5f7e09af21d,882b3f5a0774d575,Thanh Le,"5' 9""",145 lbs.,"74""",Orthodox,"Aug 28, 1985",6,1,0,1.97,0.4,1.82,0.7,0.0,0.0,1.0,0.0
67533c6f7a2ac5f7e09af21a,28d421729451c8ca,Carlos Leal,"5' 11""",170 lbs.,"74""",Orthodox,"May 04, 1994",21,6,0,7.13,0.43,7.27,0.5,1.0,0.25,0.89,0.0
67533c6f7a2ac5f7e09af213,863d06a7ef8bc98c,James Lee,"5' 11""",205 lbs.,,Southpaw,"Sep 22, 1973",15,3,0,1.4,0.42,3.72,0.27,13.95,0.5,0.0,7.0
67533c6f7a2ac5f7e09af220,49ee5024966efc0d,Mounir Lazzez,"6' 1""",170 lbs.,"76""",Orthodox,"Nov 16, 1987",11,3,0,7.49,0.55,5.42,0.53,1.8,0.57,0.71,0.0
67533c6f7a2ac5f7e09af221,e43eefb10d440cb0,Jimmy Lawson,"6' 0""",265 lbs.,"77""",Orthodox,"Nov 13, 1991",4,2,0,0.07,0.08,1.6,0.44,0.0,0.0,0.0,0.0
67533c6f7a2ac5f7e09af235,c3bd649a9194e50c,Jeremy Larsen,"5' 10""",145 lbs.,"70""",Orthodox,"May 18, 1984",8,5,0,4.87,0.48,5.75,0.57,2.49,0.33,0.0,0.0
67533c6f7a2ac5f7e09af218,ac026518a9b4dc0f,Jordan Leavitt,"5' 9""",155 lbs.,"71""",Southpaw,"Jun 02, 1995",11,3,0,2.55,0.61,1.84,0.57,2.19,0.25,0.3,1.1
67533c6f7a2ac5f7e09af234,b0826525fa17231d,Bobby Lashley,"6' 3""",255 lbs.,"78""",Orthodox,"Jul 16, 1976",15,2,0,3.1,0.63,0.76,0.63,11.47,0.7,0.0,0.0
67533c6f7a2ac5f7e09af22d,4c8d6fde2dde07c4,Dan Lauzon,"5' 10""",155 lbs.,,Orthodox,"Mar 30, 1988",17,6,0,1.34,0.25,4.09,0.61,1.63,0.33,0.8,2.7
67533c6f7a2ac5f7e09af215,8caca5857ce0e30b,David Lee,"5' 10""",155 lbs.,,Orthodox,,12,10,0,1.49,0.5,3.31,0.42,0.0,0.0,0.5,0.0
67533c6f7a2ac5f7e09af22e,09224b76d27007ee,Phillip Latu,"6' 3""",205 lbs.,"76""",Orthodox,"Feb 17, 1991",6,2,0,3.4,0.51,7.07,0.31,0.0,0.0,1.0,0.0
67533c6f7a2ac5f7e09af219,2d0b10789feafddb,Jerome LeBanner,"6' 3""",265 lbs.,,Southpaw,"Dec 26, 1972",3,2,0,0.92,0.35,1.03,0.37,0.0,0.0,0.5,0.0
67533c6f7a2ac5f7e09af21f,41498c2d1a87b154,Zviad Lazishvili,"5' 6""",135 lbs.,"69""",Orthodox,"Oct 25, 1991",13,1,0,4.2,0.39,6.13,0.51,0.0,0.0,0.0,0.0
67533c6f7a2ac5f7e09af238,f3a853544e4413c4,Anthony Lapsley,"5' 9""",170 lbs.,,Southpaw,"Feb 13, 1980",23,7,0,0.53,0.34,0.58,0.66,0.0,0.0,0.2,0.0
67533c6f7a2ac5f7e09af239,cd2e5a390821fb48,TJ Laramie,"5' 6""",145 lbs.,"66""",Orthodox,"Oct 15, 1997",12,5,0,1.49,0.5,2.64,0.38,1.44,0.33,0.4,0.0
67533c6f7a2ac5f7e09af23b,c03a5022f8439f2a,Chad Laprise,"5' 10""",170 lbs.,"71""",Orthodox,"Jul 23, 1986",13,4,0,4.78,0.42,3.59,0.65,1.05,0.54,0.78,0.0
67533c6f7a2ac5f7e09af23a,8b1ed83b02303075,Taylor Lapilus,"5' 6""",135 lbs.,"73""",Southpaw,"Apr 08, 1992",21,4,0,4.59,0.48,2.61,0.62,0.27,0.33,0.77,0.3
67533c6f7a2ac5f7e09af245,3974fa35c917af1d,Ricardo Lamas,"5' 8""",145 lbs.,"71""",Orthodox,"May 21, 1982",20,8,0,3.13,0.47,2.87,0.57,1.84,0.33,0.46,0.9
67533c6f7a2ac5f7e09af246,5be86bb2f78fef2f,Jason Lambert,"6' 3""",185 lbs.,"75""",Orthodox,"Jun 03, 1975",26,13,0,3.21,0.58,1.84,0.5,1.35,0.36,0.28,2.4
67533c6f7a2ac5f7e09af248,f998f5c102250d6e,Yohan Lainesse,"6' 1""",170 lbs.,"76""",Orthodox,"Aug 14, 1992",9,3,0,2.22,0.41,3.38,0.58,0.94,0.28,0.72,0.5
67533c6f7a2ac5f7e09af249,c7e9d15cfce52f1d,Tim Lajcik,"6' 1""",225 lbs.,,Orthodox,"Jun 21, 1965",7,6,1,0.0,0.0,0.0,0.0,0.0,0.0,0.0,0.0
67533c6f7a2ac5f7e09af241,be9bdec19b7e9ffe,Austen Lane,"6' 6""",245 lbs.,"80""",Orthodox,"Nov 09, 1987",13,5,0,2.47,0.5,2.44,0.4,2.03,0.3,0.0,0.0
67533c6f7a2ac5f7e09af242,7e062824c175f975,Jose Landi-Jons,"5' 11""",170 lbs.,,Orthodox,"Sep 09, 1973",29,16,0,0.99,0.4,0.77,0.43,2.2,0.8,0.4,2.2
67533c6f7a2ac5f7e09af243,7d06092326c52528,Todd Lally,"5' 7""",145 lbs.,,Orthodox,,2,1,0,0.0,0.0,0.0,0.0,0.0,0.0,0.0,0.0
67533c6f7a2ac5f7e09af24a,9f755fb04cc21499,Noad Lahat,"5' 9""",145 lbs.,"69""",Orthodox,"Jun 08, 1984",11,2,0,2.79,0.46,1.47,0.63,2.37,0.26,0.16,2.4
67533c6f7a2ac5f7e09af247,e5ca2bc2451a5956,Tina Lahdemaki,"5' 2""",115 lbs.,,Orthodox,"May 28, 1988",5,1,0,1.93,0.2,4.67,0.57,0.0,0.0,0.16,0.0
67533c6f7a2ac5f7e09af23e,09422812370fbdfe,Jeremy Lang,"5' 11""",205 lbs.,,Southpaw,"May 11, 1975",21,2,0,1.13,0.5,1.41,0.42,4.22,0.6,0.0,4.2
67533c6f7a2ac5f7e09af244,e62ce041bb7aeb1f,Sean Lally,"6' 0""",170 lbs.,,Orthodox,"Nov 04, 1990",7,3,0,5.34,0.39,7.23,0.3,0.0,0.0,0.0,0.0
67533c6f7a2ac5f7e09af240,583ee11abddfc581,Nate Landwehr,"5' 9""",145 lbs.,"72""",Orthodox,"Jun 06, 1988",18,5,0,6.25,0.46,5.75,0.55,1.0,0.41,0.86,1.0
67533c6f7a2ac5f7e09af23d,2eeaefbfc7f9fcff,Lina Lansberg,"5' 7""",135 lbs.,"65""",Orthodox,"Mar 13, 1982",10,8,0,2.69,0.55,3.87,0.44,0.52,0.27,0.47,0.1
67533c6f7a2ac5f7e09af24b,b40e65d71a8d4ce5,Ben Lagman,"6' 2""",185 lbs.,,,"Sep 04, 1986",6,5,0,0.0,0.0,0.0,0.0,0.0,0.0,0.0,0.0
67533c6f7a2ac5f7e09af24d,d4691518d012b9e7,Aspen Ladd,"5' 6""",135 lbs.,"66""",Orthodox,"Mar 01, 1995",9,3,0,3.78,0.47,4.65,0.47,1.56,0.47,0.62,0.6
67533c6f7a2ac5f7e09af24c,fbe9f4efc2153be2,Corinne Laframboise,"5' 4""",125 lbs.,"65""",Orthodox,"May 25, 1989",8,5,0,3.16,0.68,1.89,0.47,3.16,1.0,0.33,0.0
67533c6f7a2ac5f7e09af251,4fe1d105af549845,Jeremiah Labiano,"5' 10""",135 lbs.,,,,11,5,0,0.0,0.0,0.0,0.0,0.0,0.0,0.0,0.0
67533c6f7a2ac5f7e09af252,6fc506e1099afe20,Luan Lacerda,"5' 7""",135 lbs.,"71""",Orthodox,"Jan 07, 1993",12,3,0,4.52,0.44,7.07,0.47,1.26,0.25,0.75,0.6
67533c6f7a2ac5f7e09af24e,4c7781da8c6cae93,Ryan LaFlare,"6' 1""",170 lbs.,"74""",Southpaw,"Oct 01, 1983",14,3,0,2.89,0.4,1.86,0.63,2.13,0.44,0.58,0.2
67533c6f7a2ac5f7e09af255,afc2a7ce0c763bd5,Yoislandy Izquierdo,"5' 11""",155 lbs.,,Southpaw,"Jan 09, 1984",10,4,0,2.93,0.52,1.4,0.26,0.0,0.0,0.5,0.0
67533c6f7a2ac5f7e09af259,ac5f67109accb482,Tomomi Iwama,"5' 3""",155 lbs.,,Orthodox,,9,6,2,1.0,0.2,3.0,0.7,0.0,0.0,0.0,0.0
67533c6f7a2ac5f7e09af258,5b08af4fbc987f9c,Taiga Iwasaki,"6' 1""",185 lbs.,"73""",Orthodox,"Jul 07, 1997",9,2,0,1.99,0.33,7.08,0.32,0.0,0.0,0.0,0.0
67533c6f7a2ac5f7e09af25b,d1e1fdcea7c8a90a,Leandro Issa,"5' 7""",135 lbs.,"69""",Orthodox,"Sep 19, 1983",13,6,0,2.08,0.37,3.17,0.58,2.38,0.22,0.5,1.2
67533c6f7a2ac5f7e09af254,b3fb8d2293e17a59,Achmed Labasanov,"6' 3""",215 lbs.,,Orthodox,"Apr 24, 1978",7,4,0,0.75,0.39,1.1,0.46,3.0,1.0,0.0,0.8
67533c6f7a2ac5f7e09af250,31bb0772f21cabd8,Daniel Lacerda,"5' 6""",125 lbs.,"70""",Switch,"Jun 05, 1996",11,6,0,3.95,0.45,8.28,0.34,2.32,0.5,0.0,1.2
67533c6f7a2ac5f7e09af25c,da6dfd09cca1d705,Wallid Ismail,"5' 7""",205 lbs.,,Orthodox,"Feb 23, 1968",9,3,0,0.92,0.31,0.83,0.44,1.85,0.28,0.0,0.5
67533c6f7a2ac5f7e09af25a,243b07fc65ccbb16,Tatsuya Iwasaki,"5' 9""",205 lbs.,,Orthodox,,0,1,0,0.79,1.0,8.68,0.38,0.0,0.0,0.0,0.0
67533c6f7a2ac5f7e09af253,5108b169b5fe1f86,Josh LaBerge,"5' 10""",145 lbs.,,,,11,6,0,2.53,0.36,5.33,0.44,0.0,0.0,0.71,0.0
67533c6f7a2ac5f7e09af25d,3c5005b66696d790,Anthony Ivy,"6' 2""",185 lbs.,"74""",Orthodox,"Jan 23, 1990",8,4,0,2.5,0.42,4.57,0.51,4.69,0.2,1.0,0.0
67533c6f7a2ac5f7e09af25f,119ebea97e914dcf,Yuki Ishikawa,"5' 11""",205 lbs.,,Orthodox,,0,2,0,1.07,0.28,8.57,0.11,0.0,0.0,0.5,0.0
67533c6f7a2ac5f7e09af25e,135d124172a0bea3,Damir Ismagulov,"5' 10""",155 lbs.,"74""",Orthodox,"Feb 03, 1991",24,3,0,3.36,0.42,2.44,0.61,1.0,0.28,0.7,0.0
67533c6f7a2ac5f7e09af260,f3155a94ca420126,Tokimitsu Ishizawa,"6' 0""",185 lbs.,,Orthodox,"Aug 05, 1968",1,5,1,1.34,0.3,2.99,0.59,2.74,0.18,0.0,0.0
67533c6f7a2ac5f7e09af261,1788eee370f077b7,Blagoy Ivanov,"5' 11""",250 lbs.,"73""",Southpaw,"Oct 09, 1986",19,6,0,3.25,0.4,4.2,0.53,0.69,0.4,0.61,0.1
67533c6f7a2ac5f7e09af262,c8a49ff2acb6f3c5,Satoshi Ishii,"5' 11""",240 lbs.,,Orthodox,"Dec 19, 1986",15,8,1,1.41,0.36,1.58,0.63,3.47,0.52,1.0,1.6
67533c6f7a2ac5f7e09af264,88cd34d836b4ebcd,Teruto Ishihara,"5' 7""",135 lbs.,"69""",Southpaw,"Jul 23, 1991",10,7,2,3.26,0.44,3.63,0.53,0.5,0.16,0.3,0.0
67533c6f7a2ac5f7e09af265,82f5c81f4e3c3eb5,Mitsuhiro Ishida,"5' 6""",154 lbs.,,Southpaw,"Dec 29, 1978",20,8,1,1.46,0.41,1.13,0.61,4.76,0.53,0.33,0.7
67533c6f7a2ac5f7e09af263,eb89dc31949a1427,Eiji Ishikawa,"5' 10""",170 lbs.,,,"Oct 12, 1979",29,24,3,1.2,0.29,4.07,0.6,1.0,0.09,0.0,0.0
67533c6f7a2ac5f7e09af268,a7f4d0902bb64092,James Irvin,"6' 2""",205 lbs.,"75""",Orthodox,"Sep 12, 1978",17,10,0,2.03,0.48,3.86,0.35,0.0,0.0,0.36,0.5
67533c6f7a2ac5f7e09af269,05a0556072931f01,Jason Ireland,"5' 9""",161 lbs.,,Southpaw,"Dec 30, 1979",19,9,1,1.2,0.25,2.07,0.51,3.59,0.75,0.0,1.2
67533c6f7a2ac5f7e09af267,a47c2a6e24757932,Eric Irvin,"5' 8""",155 lbs.,,,"Jan 10, 1986",11,4,0,3.27,0.42,4.47,0.36,4.0,0.3,0.33,0.0
67533c6f7a2ac5f7e09af26a,1e75e6c9de99fa76,Jorge Interiano,"6' 1""",205 lbs.,,,,4,3,0,0.0,0.0,0.0,0.0,0.0,0.0,0.0,0.0
67533c6f7a2ac5f7e09af26c,b5882371e2a3900d,Katsuya Inoue,"5' 9""",168 lbs.,,Southpaw,"Aug 10, 1979",19,9,4,3.41,0.24,12.89,0.51,0.0,0.0,0.66,0.0
67533c6f7a2ac5f7e09af26b,a61a0cd2829e5d4e,Takeshi Inoue,"5' 8""",145 lbs.,,,"Mar 18, 1980",23,10,0,2.54,0.44,3.32,0.61,0.0,0.0,0.47,0.0
67533c6f7a2ac5f7e09af26d,37a6c95201592fea,Egan Inoue,"5' 9""",190 lbs.,,Southpaw,"Jul 04, 1965",13,8,0,1.66,0.36,3.31,0.57,0.0,0.0,0.0,0.0
67533c6f7a2ac5f7e09af26e,199eb7cf6ae90294,Naoki Inoue,"5' 9""",125 lbs.,"71""",Orthodox,"Jun 14, 1997",11,1,0,3.67,0.35,3.37,0.6,0.0,0.0,0.6,2.5
67533c6f7a2ac5f7e09af266,e9095aeb36f2aeb8,Issa Isakov,"5' 9""",155 lbs.,"70""",Orthodox,"Oct 22, 1989",10,3,0,1.93,0.36,5.78,0.4,0.0,0.0,0.0,0.0
67533c6f7a2ac5f7e09af272,d5b7fac960e58920,Chris Indich,"5' 10""",170 lbs.,,,"Apr 22, 1987",6,4,0,1.31,0.3,4.32,0.43,0.75,0.5,0.5,1.5
67533c6f7a2ac5f7e09af271,0cf935519d439ba6,Enson Inoue,"5' 10""",210 lbs.,,Orthodox,"Apr 15, 1967",12,8,0,1.7,0.63,1.88,0.3,0.0,0.0,0.33,0.0
67533c6f7a2ac5f7e09af273,4908c5ee68a50ee5,Brad Imes,"6' 7""",265 lbs.,,Orthodox,"Mar 13, 1977",13,7,0,2.73,0.31,4.24,0.49,1.72,0.71,0.0,1.0
67533c6f7a2ac5f7e09af274,59e52d56bab2b1ee,Michael Imperato,"5' 7""",135 lbs.,"66""",Switch,"Sep 01, 1989",12,7,0,1.93,0.48,2.67,0.6,1.0,0.12,0.0,1.0
67533c6f7a2ac5f7e09af277,a4dd5c9a75763295,Masakazu Imanari,"5' 4""",139 lbs.,,Southpaw,"Feb 10, 1976",36,16,2,0.55,0.3,1.74,0.57,0.0,0.0,0.0,2.1
67533c6f7a2ac5f7e09af27a,81f38d1640c4e70d,Seichi Ikemoto,"5' 11""",168 lbs.,,Orthodox,"Aug 24, 1975",21,19,5,2.59,0.32,3.74,0.57,1.23,0.26,0.6,0.0
67533c6f7a2ac5f7e09af278,2ce6541127b0e232,Yusuke Imamura,"5' 8""",220 lbs.,,Orthodox,,2,6,0,0.18,0.5,1.83,0.52,2.75,0.5,0.0,0.0
67533c6f7a2ac5f7e09af276,7f0f171414d0a287,Zelim Imadaev,"6' 0""",170 lbs.,"76""",Orthodox,"Jan 25, 1995",8,3,0,2.91,0.36,4.35,0.43,0.38,0.5,0.6,0.0
67533c6f7a2ac5f7e09af281,d2d05dda5f887f87,Kevin Szaflarski,"6' 5""",260 lbs.,"77""",Orthodox,"Dec 30, 1994",11,2,0,1.13,0.28,8.07,0.3,0.0,0.0,0.0,0.0
67533c6f7a2ac5f7e09af27f,4565d435005319c0,Minoki Ichihara,"5' 7""",178 lbs.,,Orthodox,,0,1,0,0.0,0.0,0.0,0.0,0.0,0.0,0.0,0.0
67533c6f7a2ac5f7e09af26f,e7fe5315b1efeb92,Guto Inocente,"6' 3""",205 lbs.,,Orthodox,"May 29, 1986",7,4,0,4.13,0.66,2.92,0.54,0.67,0.33,0.66,0.7
67533c6f7a2ac5f7e09af280,59279a7c978f7da0,Al Iaquinta,"5' 10""",155 lbs.,"70""",Orthodox,"Apr 30, 1987",14,7,1,4.06,0.4,4.53,0.61,0.63,0.18,0.74,0.2
67533c6f7a2ac5f7e09af27b,df9e9c1f65805d29,Sergey Ignatov,"5' 9""",210 lbs.,,Orthodox,,0,1,0,0.35,0.5,3.25,0.42,0.0,0.0,0.0,0.0
67533c6f7a2ac5f7e09af27e,c3218c810959d279,Khadis Ibragimov,"6' 3""",205 lbs.,"78""",Orthodox,"May 21, 1995",8,4,0,3.55,0.49,4.26,0.47,0.97,0.3,0.8,0.3
67533c6f7a2ac5f7e09af27d,7b6ce3a9460565b5,Valeri Ignatov,"5' 9""",170 lbs.,,Orthodox,,1,2,0,0.0,0.0,0.0,0.0,0.0,0.0,0.0,0.0
67533c6f7a2ac5f7e09af27c,263ebd4a669e1e98,Fabiano Iha,"5' 8""",155 lbs.,,Orthodox,"Jul 28, 1970",9,5,0,1.73,0.47,2.49,0.42,2.88,0.4,0.5,2.9
67533c6f7a2ac5f7e09af279,b71667c778b6d9e5,Mikhail Iloukhine,"5' 9""",205 lbs.,,Orthodox,"Nov 21, 1966",30,11,1,0.16,0.2,2.95,0.26,0.0,0.0,0.0,7.0
67533c6f7a2ac5f7e09af275,881bf86d4cba8578,Nassourdine Imavov,"6' 3""",185 lbs.,"75""",Orthodox,"Mar 01, 1995",15,4,0,4.51,0.55,3.2,0.58,0.88,0.36,0.78,1.2
67533c6f7a2ac5f7e09af20a,05fa626cb33d15b8,Andrea Lee,"5' 6""",125 lbs.,"69""",Orthodox,"Feb 11, 1989",13,10,0,4.71,0.46,3.83,0.62,1.7,0.55,0.54,0.6
67533c6f7a2ac5f7e09af284,2a542ee8a8b83559,Tim Sylvia,"6' 8""",265 lbs.,"80""",Orthodox,"Mar 05, 1976",31,10,0,4.23,0.41,2.61,0.61,0.11,1.0,0.75,0.1
67533c6f7a2ac5f7e09af283,87b7df65c30008c4,Tony Sylvester,"6' 1""",225 lbs.,,Southpaw,"Jan 27, 1978",11,3,0,0.0,0.0,10.12,0.12,0.0,0.0,0.0,0.0
67533c6f7a2ac5f7e09af285,82a5152216251682,Dan Ige,"5' 7""",145 lbs.,"71""",Orthodox,"Aug 06, 1991",18,9,0,3.66,0.45,3.5,0.56,0.99,0.26,0.57,0.2
67533c6f7a2ac5f7e09af296,3cf18e01cb6cbde3,Sumudaerji,"5' 8""",125 lbs.,"72""",Southpaw,"Jan 20, 1996",16,7,0,4.72,0.53,3.09,0.6,0.23,0.25,0.66,0.9
67533c6f7a2ac5f7e09af2a9,04f9fe830cf13482,Gerald Strebendt,"5' 9""",155 lbs.,,Orthodox,"Mar 01, 1979",9,7,0,0.0,0.0,4.0,0.38,0.0,0.0,0.0,16.4
67533c6f7a2ac5f7e09af2a3,601cf40c09090853,Josh Stuart,"5' 9""",160 lbs.,,,,1,4,0,0.0,0.0,0.0,0.0,0.0,0.0,0.0,0.0
67533c6f7a2ac5f7e09af2a7,ef1182eb28c17d4e,Mark Striegl,"5' 8""",145 lbs.,"70""",Southpaw,"Jun 23, 1988",18,4,0,1.4,0.45,4.07,0.4,0.0,0.0,0.66,0.0
67533c6f7a2ac5f7e09af292,556347e2b0e33979,Chad Sutton,"6' 1""",185 lbs.,,,"Aug 07, 1982",2,2,0,0.0,0.0,0.0,0.0,0.0,0.0,0.0,0.0
67533c6f7a2ac5f7e09af2aa,980b4e712489098e,Dave Strasser,"5' 10""",170 lbs.,,Orthodox,"Jul 13, 1969",25,8,0,3.04,0.45,1.88,0.59,0.72,0.33,0.33,0.0
67533c6f7a2ac5f7e09af2a6,523f6ad11dbe9b53,Hans Stringer,"6' 3""",205 lbs.,,Orthodox,"Jul 06, 1987",22,8,3,3.16,0.61,2.84,0.41,2.4,0.36,0.62,0.0
67533c6f7a2ac5f7e09af2a2,99dd0147dc4ef80c,Genki Sudo,"5' 9""",155 lbs.,,Orthodox,"Mar 08, 1978",15,4,2,1.55,0.39,2.23,0.33,3.58,0.6,0.5,4.2
67533c6f7a2ac5f7e09af291,3d99e5aa85d7576a,Danilo Suzart,"6' 0""",260 lbs.,,Orthodox,"Dec 04, 1991",9,2,0,4.09,0.55,11.73,0.51,0.0,0.0,0.0,0.0
67533c6f7a2ac5f7e09af29c,06c60fc2c8dcd7bd,Takashi Sugiura,"5' 11""",225 lbs.,,Southpaw,"May 31, 1970",1,3,0,1.37,0.4,2.08,0.53,1.33,0.66,0.0,0.0
67533c6f7a2ac5f7e09af29b,b205d4f2ff44bc89,Naho Sugiyuma,"5' 1""",105 lbs.,,,"Feb 03, 1978",12,5,0,2.59,0.48,2.45,0.71,2.05,1.0,0.66,0.0
67533c6f7a2ac5f7e09af298,fe1fdc6be470f773,Magomed Sultanakhmedov,"6' 2""",185 lbs.,,Southpaw,,18,6,0,0.0,0.0,2.4,0.42,9.0,1.0,0.0,9.0
67533c6f7a2ac5f7e09af295,6d537248fe7cccf1,Rama Supandhi,"5' 5""",125 lbs.,"66""",Southpaw,"Nov 07, 1991",8,4,0,2.2,0.42,3.53,0.48,1.0,0.11,0.0,0.0
67533c6f7a2ac5f7e09af299,7aa88401f93ce836,Amar Suloev,"5' 9""",183 lbs.,,Orthodox,"Jul 01, 1976",24,7,0,1.98,0.37,2.19,0.7,0.27,1.0,0.88,0.3
67533c6f7a2ac5f7e09af286,58a36b4ccf5dc30e,Leo Sylvest,"5' 11""",205 lbs.,,Orthodox,"Sep 03, 1973",10,16,0,0.0,0.0,6.58,0.27,0.0,0.0,0.0,0.0
67533c6f7a2ac5f7e09af28f,bcad7223af3c19da,Martin Svensson,"6' 1""",155 lbs.,,,"Apr 25, 1985",15,6,0,2.02,0.38,5.91,0.38,0.0,0.0,0.0,0.0
67533c6f7a2ac5f7e09af2a1,d30415ec5e8783cd,Kyle Sturgeon,"6' 3""",225 lbs.,,Switch,,0,1,0,0.0,0.0,0.0,0.0,0.0,0.0,0.0,0.0
67533c6f7a2ac5f7e09af2a0,b08012bbe542592a,Tatiana Suarez,"5' 5""",115 lbs.,"66""",Southpaw,"Dec 19, 1990",11,0,0,4.27,0.63,1.38,0.51,6.2,0.61,1.0,0.9
67533c6f7a2ac5f7e09af2ab,0d8011111be000b2,Sean Strickland,"6' 1""",185 lbs.,"76""",Orthodox,"Feb 27, 1991",29,6,0,6.01,0.42,4.48,0.61,0.78,0.64,0.77,0.2
67533c6f7a2ac5f7e09af289,9094a881a7513de3,Kevin Syler,"5' 9""",155 lbs.,"71""",Switch,"Jul 29, 1993",10,1,0,5.6,0.69,4.03,0.48,1.0,0.4,0.77,2.0
67533c6f7a2ac5f7e09af29f,3a7513372f79c8c8,Masanori Suda,"5' 9""",183 lbs.,,Orthodox,,22,11,3,1.8,0.5,1.2,0.63,0.0,0.0,0.6,0.0
67533c6f7a2ac5f7e09af290,a6a9ab5a824e8f66,Joel Sutton,"5' 11""",205 lbs.,,Orthodox,,2,4,1,0.0,0.0,0.0,0.0,0.0,0.0,0.0,0.0
67533c6f7a2ac5f7e09af28a,46e2011d92463b7e,Oumar Sy,"6' 4""",205 lbs.,"83""",Orthodox,"Nov 21, 1995",11,0,0,4.81,0.59,1.71,0.73,3.21,0.4,1.0,0.8
67533c6f7a2ac5f7e09af293,cc5834a495d1ea08,Jason Suttie,"6' 0""",210 lbs.,,Orthodox,"Aug 07, 1973",0,1,0,2.07,0.83,4.97,0.36,0.0,0.0,0.0,0.0
67533c6f7a2ac5f7e09af287,abd2109bc4cb0291,Bentley Syler,"5' 4""",125 lbs.,,Orthodox,"Dec 22, 1982",5,1,0,1.3,0.18,1.73,0.79,0.0,0.0,0.75,0.0
67533c6f7a2ac5f7e09af297,31f9a1f56cbb6ac5,Justin Sumter,"6' 2""",185 lbs.,"80""",Southpaw,"Nov 16, 1989",7,3,0,2.68,0.48,7.64,0.34,2.87,1.0,0.0,0.0
67533c6f7a2ac5f7e09af29a,6c7e25571490aa3b,George Sullivan,"6' 0""",170 lbs.,"73""",Orthodox,"Mar 13, 1981",17,7,0,3.53,0.39,2.42,0.57,1.37,0.2,0.38,0.7
67533c6f7a2ac5f7e09af2a4,c0c36a5b3d5bbdd5,Mike Stumpf,"5' 10""",170 lbs.,,,"Aug 01, 1986",11,4,0,3.34,0.43,8.85,0.47,1.59,0.25,0.33,0.8
67533c6f7a2ac5f7e09af29e,b160e4f251283d70,Lucasz Sudolski,"6' 4""",205 lbs.,"75""",Orthodox,"Jun 15, 1993",8,1,0,5.7,0.67,4.89,0.28,0.0,0.0,1.0,0.0
67533c6f7a2ac5f7e09af2a5,ebc1f40e00e0c481,Stefan Struve,"6' 11""",265 lbs.,"84""",Orthodox,"Feb 18, 1988",33,13,0,3.12,0.47,4.04,0.46,0.56,0.46,0.55,1.7
67533c6f7a2ac5f7e09af28e,9fe85152f351e737,Mike Swick,"6' 1""",170 lbs.,"77""",Orthodox,"Jun 19, 1979",15,6,0,2.36,0.37,2.29,0.54,1.06,0.5,0.61,0.6
67533c6f7a2ac5f7e09af2a8,15347cd4cdf01b03,Daniel Straus,"5' 7""",145 lbs.,"71""",,"Jul 27, 1984",24,7,0,4.76,0.43,2.99,0.57,0.84,0.15,0.81,1.1
67533c6f7a2ac5f7e09af288,9f5e3c20ce40b344,Klaudia Sygula,"5' 8""",135 lbs.,"69""",Orthodox,"Dec 30, 1998",6,2,0,1.89,0.37,6.0,0.36,0.0,0.0,0.33,0.0
67533c6f7a2ac5f7e09af294,22af3546bd967280,Aji Susilo,"5' 10""",155 lbs.,,,,6,4,0,0.0,0.0,0.0,0.0,0.0,0.0,0.0,0.0
67533c6f7a2ac5f7e09af28b,d247691a6c0e9034,Cub Swanson,"5' 8""",145 lbs.,"70""",Orthodox,"Nov 02, 1983",29,14,0,4.67,0.5,3.86,0.59,1.04,0.5,0.63,0.4
67533c6f7a2ac5f7e09af29d,8215e4fe24e8e81b,Daisuke Sugie,"5' 6""",160 lbs.,,Orthodox,,10,8,1,0.0,0.0,0.22,0.8,3.27,0.5,0.0,3.3
67533c6f7a2ac5f7e09af28d,5330fe7e4c3af81c,Floyd Sword,"6' 0""",185 lbs.,,Orthodox,"Aug 24, 1976",12,3,0,0.78,0.42,1.57,0.4,0.0,0.0,0.33,0.0
67533c6f7a2ac5f7e09af28c,cc39185f2d7d89e4,Daniel Swain,"5' 9""",145 lbs.,"70""",Orthodox,"Jan 30, 1991",20,10,1,0.8,0.44,3.2,0.4,0.0,0.0,0.0,6.0
67533c6f7a2ac5f7e09af20b,d9e3743bae8d703d,Matt Lee,"5' 11""",155 lbs.,,Orthodox,,14,10,1,0.0,0.0,9.68,0.21,0.0,0.0,0.0,0.0
67533c6f7a2ac5f7e09af2b0,91181b29be041f1c,Greg Stott,"5' 7""",220 lbs.,,Southpaw,,0,1,0,0.0,0.0,0.0,0.0,0.0,0.0,0.0,0.0
67533c6f7a2ac5f7e09af2af,e09dbbd5fe3f0fe2,Curtis Stout,"6' 1""",185 lbs.,,Southpaw,"Nov 07, 1973",11,12,1,0.69,0.67,3.2,0.29,0.0,0.0,0.2,0.0
67533c6f7a2ac5f7e09af2ae,e1a4568fec1fc24f,Tim Stout,"5' 11""",185 lbs.,,,"Feb 09, 1979",12,10,0,0.0,0.0,0.0,0.0,0.0,0.0,0.0,0.0
67533c6f7a2ac5f7e09af2b2,61dd409cb40d1a55,George Stork,"5' 10""",185 lbs.,,,,7,9,0,0.0,0.0,0.0,0.0,0.0,0.0,0.0,0.0
67533c6f7a2ac5f7e09af2b3,025f0b1b58fbad01,Darko Stosic,"6' 0""",205 lbs.,"76""",Orthodox,"Feb 09, 1992",13,4,0,2.61,0.45,4.04,0.58,3.42,0.5,0.83,0.0
67533c6f7a2ac5f7e09af2b1,501b07aec9b8fc2d,Sam Stout,"5' 9""",155 lbs.,"70""",Orthodox,"Apr 23, 1984",20,12,1,4.17,0.28,4.08,0.57,0.63,0.38,0.77,0.1
67533c6f7a2ac5f7e09af2b4,5b5307450405abf0,Rick Story,"5' 9""",170 lbs.,"71""",Southpaw,"Aug 28, 1984",19,9,0,3.8,0.41,2.17,0.62,2.53,0.48,0.63,0.9
67533c6f7a2ac5f7e09af2b5,fbf0947399d14323,Ken Stone,"5' 8""",135 lbs.,"71""",Southpaw,"Oct 08, 1982",11,4,0,3.85,0.49,2.9,0.48,1.24,0.33,0.6,0.6
67533c6f7a2ac5f7e09af2b7,8d477c3fbe001f9d,Ryan Stonitsch,"5' 9""",170 lbs.,,Southpaw,"Feb 03, 1977",8,1,0,2.53,0.36,2.53,0.71,0.0,0.0,0.0,0.0
67533c6f7a2ac5f7e09af2b9,a78a87d8c2bbb1cb,Julija Stoliarenko,"5' 7""",125 lbs.,"66""",Orthodox,"Apr 08, 1993",11,9,2,2.49,0.39,4.54,0.46,0.93,0.27,0.54,1.7
67533c6f7a2ac5f7e09af2c2,a17ad5a5048e8c3f,Darren Stewart,"6' 0""",205 lbs.,"74""",Orthodox,"Dec 30, 1990",12,8,0,3.05,0.45,3.29,0.48,1.75,0.45,0.67,0.1
67533c6f7a2ac5f7e09af2ce,68c11c27d4d56572,Dominique Steele,"5' 10""",170 lbs.,"74""",Orthodox,"Jan 27, 1988",14,9,0,2.32,0.49,2.42,0.5,2.95,0.42,0.76,0.0
67533c6f7a2ac5f7e09af2b8,71505842fb6455c3,Dustin Stoltzfus,"6' 0""",185 lbs.,"75""",Orthodox,"Nov 15, 1991",16,6,0,3.47,0.44,3.29,0.46,2.31,0.41,0.46,1.1
67533c6f7a2ac5f7e09af2c6,738acab0c6934dd8,Dmitri Stepanov,"6' 3""",217 lbs.,,Orthodox,,0,1,0,0.0,0.0,0.0,0.0,0.0,0.0,0.0,0.0
67533c6f7a2ac5f7e09af2cc,09a6ed4ee97a5606,Ricky Steele,"5' 9""",135 lbs.,"74""",Orthodox,"May 26, 1988",6,0,0,4.07,0.7,2.93,0.5,0.0,0.0,0.91,0.0
67533c6f7a2ac5f7e09af2b6,62f7097c04311193,Niklas Stolze,"6' 1""",155 lbs.,"74""",Switch,"Dec 28, 1992",12,6,0,2.12,0.48,2.25,0.49,0.66,1.0,0.55,0.7
67533c6f7a2ac5f7e09af2c7,cb696ebfb6598724,Aljamain Sterling,"5' 7""",145 lbs.,"71""",Orthodox,"Jul 31, 1989",24,4,0,4.61,0.52,2.3,0.58,2.31,0.27,0.45,0.7
67533c6f7a2ac5f7e09af2cb,6000b5ae6c462142,Ray Steinbeiss,"5' 11""",170 lbs.,,Orthodox,"Sep 12, 1979",14,7,0,0.0,0.0,0.0,1.0,0.0,0.0,0.0,0.0
67533c6f7a2ac5f7e09af2bc,cc3147b49c7d7d92,Dan Stittgen,"6' 1""",170 lbs.,,Orthodox,"Nov 17, 1980",12,5,0,2.97,0.46,4.42,0.37,0.78,1.0,1.0,0.0
67533c6f7a2ac5f7e09af2c1,27b1a406ac171b19,Luke Stewart,"5' 11""",170 lbs.,,Orthodox,,6,3,0,3.75,0.56,2.34,0.53,3.75,0.33,0.5,1.9
67533c6f7a2ac5f7e09af2bb,4d25497994da569c,Lazar Stojadinovic,"5' 7""",145 lbs.,"68""",Southpaw,"Mar 22, 1989",12,5,0,1.82,0.29,1.97,0.59,0.0,0.0,0.0,0.0
67533c6f7a2ac5f7e09af2bf,2cf520143e76cd2e,Tyler Stinson,"6' 3""",170 lbs.,,,"Jan 17, 1986",30,10,0,2.8,0.23,4.6,0.56,0.5,1.0,0.0,0.5
67533c6f7a2ac5f7e09af2ba,a421465acbe59c77,Denis Stojnic,"6' 0""",245 lbs.,,Orthodox,"Feb 02, 1980",13,3,0,1.51,0.23,6.06,0.36,0.0,0.0,0.8,1.0
67533c6f7a2ac5f7e09af2c5,310c4d4b2b32796b,Marc Stevens,"5' 9""",155 lbs.,,,,21,10,0,0.45,0.26,1.79,0.46,0.0,0.0,0.0,0.0
67533c6f7a2ac5f7e09af2c3,2fee10d5cf86bfca,Maia Stevenson,"5' 4""",115 lbs.,"62""",Orthodox,"Mar 19, 1982",6,5,0,1.57,0.54,3.13,0.33,3.91,1.0,0.5,0.0
67533c6f7a2ac5f7e09af2c8,18968f97ad34f15c,Jeremy Stephens,"5' 9""",145 lbs.,"71""",Orthodox,"May 25, 1986",28,19,0,3.17,0.4,3.05,0.58,1.16,0.38,0.65,0.4
67533c6f7a2ac5f7e09af2be,bb61823f76361297,Kyle Stewart,"6' 0""",170 lbs.,"76""",Orthodox,"Jan 31, 1989",11,3,0,1.41,0.35,2.42,0.43,1.32,0.2,0.6,0.0
67533c6f7a2ac5f7e09af2cd,0b5b6876c2a4723f,Steve Steinbeiss,"6' 3""",185 lbs.,"75""",Orthodox,"May 05, 1981",9,4,0,3.92,0.55,1.86,0.49,0.44,0.5,0.58,0.0
67533c6f7a2ac5f7e09af2c4,79899ecf62020f6d,Joe Stevenson,"5' 7""",145 lbs.,"70""",Orthodox,"Jun 15, 1982",33,16,0,2.05,0.44,2.44,0.6,2.75,0.44,0.39,2.2
67533c6f7a2ac5f7e09af2c0,df5a77121ba84a5d,Alex Stiebling,"6' 2""",205 lbs.,,Southpaw,,19,11,1,1.77,0.42,1.45,0.52,0.35,0.66,0.66,0.7
67533c6f7a2ac5f7e09af2bd,b4b496ec2197ee3e,Navajo Stirling,"6' 4""",205 lbs.,"79""",Orthodox,"Nov 07, 1997",5,0,0,7.07,0.68,3.4,0.48,0.0,0.0,1.0,0.0
67533c6f7a2ac5f7e09af2d0,42a7e90605df3c8a,Damian Stasiak,"5' 5""",135 lbs.,"70""",Orthodox,"Feb 20, 1990",10,6,0,1.86,0.36,3.1,0.52,2.64,0.35,0.43,0.6
67533c6f7a2ac5f7e09af2d2,c8136ab8aa32c974,Kalib Starnes,"6' 3""",185 lbs.,"74""",Orthodox,"Jan 06, 1975",17,11,1,2.71,0.48,4.43,0.53,1.46,0.33,0.25,0.6
67533c6f7a2ac5f7e09af2d1,a12a8314adc1c1c9,Laureano Staropoli,"6' 1""",185 lbs.,"71""",Orthodox,"Feb 27, 1993",9,5,0,3.31,0.34,3.73,0.54,0.83,0.26,0.48,0.0
67533c6f7a2ac5f7e09af2ca,aebaa8cec15b083d,Kody Steele,"5' 9""",155 lbs.,"71""",Orthodox,"Apr 21, 1995",7,0,0,5.27,0.4,5.27,0.6,0.0,0.0,1.0,0.0
67533c6f7a2ac5f7e09af2da,bf7ad5628363eec9,Cody Stamann,"5' 6""",135 lbs.,"64""",Orthodox,"Nov 09, 1989",21,8,1,4.32,0.46,3.91,0.6,2.17,0.37,0.76,0.0
67533c6f7a2ac5f7e09af2d5,289a57039d742bfe,Dion Staring,"6' 1""",235 lbs.,,Orthodox,"Jun 09, 1978",35,14,0,1.09,0.37,5.0,0.47,0.0,0.0,0.33,0.0
67533c6f7a2ac5f7e09af2d7,175852708cb55776,Cristina Stanciu,"5' 3""",115 lbs.,,Orthodox,"Mar 29, 1994",5,2,0,2.5,0.5,3.07,0.52,0.85,1.0,0.4,1.7
67533c6f7a2ac5f7e09af2d8,6dd758d34da8d254,Ron Stallings,"6' 2""",170 lbs.,"75""",Southpaw,"Jan 25, 1983",14,8,0,3.22,0.6,3.26,0.51,0.0,0.0,0.71,0.0
67533c6f7a2ac5f7e09af2d4,5abf827d62f98fee,Clifford Starks,"6' 0""",185 lbs.,"78""",Orthodox,"Apr 25, 1981",13,3,0,1.94,0.33,2.49,0.58,1.94,1.0,0.6,0.0
67533c6f7a2ac5f7e09af2d9,579fcdfcabd23a7b,Brian Stann,"6' 1""",205 lbs.,"74""",Orthodox,"Sep 24, 1980",12,6,0,3.28,0.42,2.65,0.59,0.12,0.12,0.6,0.3
67533c6f7a2ac5f7e09af2d6,30ea504870f8597b,Josh Stansbury,"6' 2""",205 lbs.,"74""",Orthodox,"Nov 19, 1984",4,8,0,3.22,0.54,3.54,0.54,0.0,0.0,0.87,1.0
67533c6f7a2ac5f7e09af2db,69a400af4420cd6a,Andreas Stahl,"5' 11""",170 lbs.,,Orthodox,"May 20, 1988",10,4,0,2.83,0.37,4.74,0.57,1.55,0.66,0.8,0.0
67533c6f7a2ac5f7e09af2dc,37cc294027f55e4d,Austin Springer,"5' 8""",145 lbs.,"71""",Orthodox,"May 12, 1987",12,4,0,3.54,0.57,3.15,0.41,3.37,0.4,1.0,0.8
67533c6f7a2ac5f7e09af2dd,e2f6b2769aaedd6c,Serghei Spivac,"6' 3""",260 lbs.,"78""",Orthodox,"Jan 24, 1995",17,4,0,3.51,0.49,3.72,0.5,4.63,0.65,0.7,0.7
67533c6f7a2ac5f7e09af2e1,f86cb5f25d545e0e,Daniel Spitz,"6' 7""",245 lbs.,"82""",Orthodox,"Jul 31, 1990",6,3,0,2.6,0.35,5.3,0.46,0.74,0.66,0.0,0.0
67533c6f7a2ac5f7e09af2df,6506c1d34da9c013,Georges St-Pierre,"5' 11""",185 lbs.,"76""",Orthodox,"May 19, 1981",26,2,0,3.78,0.53,1.4,0.72,4.16,0.74,0.83,1.1
67533c6f7a2ac5f7e09af2de,6436029b50a9c255,Bobby Stack,"5' 9""",155 lbs.,,Orthodox,,8,3,0,1.0,0.2,2.89,0.34,7.48,0.45,1.0,0.0
67533c6f7a2ac5f7e09af2e0,c3ea8deeba00462b,Pete Spratt,"5' 9""",170 lbs.,,Orthodox,"Jan 09, 1971",25,23,0,1.63,0.48,1.33,0.55,0.3,1.0,0.46,0.3
67533c6f7a2ac5f7e09af2f0,c278e8843b8abfec,Charon Spain,"5' 9""",155 lbs.,,,"Mar 11, 1988",14,26,0,0.0,0.0,0.0,0.0,0.0,0.0,0.0,0.0
67533c6f7a2ac5f7e09af2ee,a67f5afa8d6a1b80,Ryan Spann,"6' 5""",205 lbs.,"79""",Orthodox,"Aug 24, 1991",22,10,0,3.3,0.4,3.9,0.43,1.32,0.35,0.5,1.7
67533c6f7a2ac5f7e09af2ef,411d012af19ecb59,Chris Spang,"6' 2""",170 lbs.,,Orthodox,"Nov 26, 1987",6,3,0,1.83,0.36,1.95,0.6,0.0,0.0,0.5,0.9
67533c6f7a2ac5f7e09af2ec,743fd9080892501d,Ron Sparks,"6' 5""",265 lbs.,,,,8,3,0,0.0,0.0,0.0,0.0,0.0,0.0,0.0,0.0
67533c6f7a2ac5f7e09af2ed,b9eb5b4ed07d1525,Andreas Spang,"6' 1""",185 lbs.,,,"Nov 07, 1978",9,3,0,0.0,0.0,0.0,0.0,0.0,0.0,0.0,0.0
67533c6f7a2ac5f7e09af2ea,ab850a77a0fa487d,Sean Spencer,"5' 10""",170 lbs.,"74""",Orthodox,"Jun 25, 1987",12,6,0,4.24,0.32,4.02,0.6,0.14,0.33,0.68,0.0
67533c6f7a2ac5f7e09af2eb,1411c630ba711b64,Tommy Speer,"5' 10""",170 lbs.,"71""",Orthodox,"Aug 20, 1984",21,7,0,2.56,0.51,5.12,0.35,2.02,0.33,0.33,0.0
67533c6f7a2ac5f7e09af2e9,ae4650eb56ab6a11,Patrick Speight,"6' 1""",170 lbs.,,Orthodox,,7,3,0,0.0,0.0,0.0,0.0,0.0,0.0,0.0,0.0
67533c6f7a2ac5f7e09af2e8,39d91e95949de3d9,Felicia Spencer,"5' 6""",145 lbs.,"68""",Orthodox,"Nov 29, 1990",9,3,0,3.21,0.48,4.54,0.45,1.18,0.18,0.27,0.2
67533c6f7a2ac5f7e09af2e6,221b2a3070c7ce3e,Sam Spengler,"5' 11""",185 lbs.,,Orthodox,,9,5,0,3.27,0.62,3.27,0.54,1.75,0.11,0.75,1.8
67533c6f7a2ac5f7e09af2e7,5f2197acaba7d5ef,Mario Sperry,"6' 2""",205 lbs.,,Orthodox,"Sep 28, 1966",13,4,0,2.81,0.52,1.53,0.47,2.09,0.42,0.71,1.4
67533c6f7a2ac5f7e09af2e3,71caa995674203aa,Waachiim Spiritwolf,"5' 8""",170 lbs.,,,,12,13,1,10.0,1.0,10.0,0.0,0.0,0.0,0.0,0.0
67533c6f7a2ac5f7e09af2e4,b9664eae2ac75262,Eric Spicely,"6' 1""",185 lbs.,"73""",Orthodox,"Sep 29, 1986",12,6,0,3.71,0.45,5.72,0.55,1.31,0.2,0.75,1.0
67533c6f7a2ac5f7e09af2e2,87f3bbf52e6c9dc9,Daniel Spohn,"6' 4""",205 lbs.,"79""",Southpaw,"Oct 12, 1984",15,6,0,2.42,0.49,1.6,0.53,0.0,0.0,0.28,2.5
67533c6f7a2ac5f7e09af2f8,cac3aaa66c20bee1,Mario Soto,"6' 0""",145 lbs.,,,,7,2,0,1.43,0.23,5.23,0.42,0.0,0.0,0.0,0.0
67533c6f7a2ac5f7e09af2f7,aee8eecfc4bfb1e7,Bobby Southworth,"6' 2""",205 lbs.,,Orthodox,"Dec 16, 1969",10,6,0,0.99,0.39,1.38,0.65,3.98,0.78,0.64,1.3
67533c6f7a2ac5f7e09af2f5,6c7020b859c7a3ce,Edimilson Souza,"6' 0""",145 lbs.,"74""",Orthodox,"Oct 17, 1984",15,5,0,4.65,0.44,2.91,0.58,0.0,0.0,0.5,0.0
67533c6f7a2ac5f7e09af2f4,dab8cfbb6b1db10a,Livinha Souza,"5' 3""",115 lbs.,"63""",Orthodox,"Mar 11, 1991",14,4,0,1.75,0.45,3.6,0.56,2.54,0.45,0.4,1.4
67533c6f7a2ac5f7e09af2f6,7a703c565ccaa18f,Jacare Souza,"6' 1""",185 lbs.,"72""",Orthodox,"Dec 07, 1979",26,10,0,2.53,0.47,2.83,0.62,2.57,0.39,0.57,1.3
67533c6f7a2ac5f7e09af2f3,0e5c4e72237461bb,Bruno Souza,"5' 10""",145 lbs.,"70""",Orthodox,"Mar 07, 1996",10,3,0,3.73,0.39,5.3,0.45,0.5,0.16,0.6,0.0
67533c6f7a2ac5f7e09af2f9,72782745eb47161a,Mario Sousa,"6' 3""",185 lbs.,"79""",Orthodox,"Oct 20, 1996",15,3,0,2.82,0.5,2.99,0.28,0.52,0.25,0.37,0.5
67533c6f7a2ac5f7e09af2f2,8bd4200561c77a62,Ketlen Souza,"5' 3""",115 lbs.,"63""",Orthodox,"Aug 18, 1994",15,4,0,5.11,0.66,3.49,0.56,0.76,0.5,0.62,0.8
67533c6f7a2ac5f7e09af2f1,22b43be04d7454d0,Heraldo Souza,"5' 11""",185 lbs.,"73""",Orthodox,"Dec 15, 1994",9,2,1,1.62,0.33,1.62,0.5,0.0,0.0,0.0,0.0
67533c6f7a2ac5f7e09af312,d1152823307d7e7c,Rameau Thierry Sokoudjou,"5' 10""",205 lbs.,"78""",Orthodox,"Apr 18, 1984",18,18,0,2.26,0.45,2.61,0.56,1.93,0.47,0.78,0.9
67533c6f7a2ac5f7e09af317,5c84f673b7bb7c15,Cameron Smotherman,"5' 9""",135 lbs.,"69""",Orthodox,"Sep 17, 1997",12,4,0,6.25,0.37,4.56,0.6,0.0,0.0,0.5,0.0
67533c6f7a2ac5f7e09af306,48d1f690b763934c,Chael Sonnen,"6' 1""",205 lbs.,"73""",Southpaw,"Apr 03, 1977",29,15,1,3.08,0.43,1.1,0.62,3.81,0.59,0.66,0.4
67533c6f7a2ac5f7e09af300,326f94d6cfb1bf25,Ben Sosoli,"6' 0""",265 lbs.,"72""",Southpaw,"Dec 10, 1989",7,3,0,2.31,0.31,4.3,0.47,0.0,0.0,0.0,0.0
67533c6f7a2ac5f7e09af304,bd5403efbaa445c0,Sean Soriano,"5' 9""",145 lbs.,"70""",Orthodox,"Oct 06, 1989",14,8,0,3.18,0.61,2.14,0.56,1.33,0.55,0.52,0.0
67533c6f7a2ac5f7e09af318,f75c5ca0d91b9115,Richie Smullen,"5' 9""",155 lbs.,"68""",Orthodox,"Aug 17, 1991",3,1,1,1.98,0.77,2.26,0.65,8.49,0.66,0.0,0.0
67533c6f7a2ac5f7e09af321,54ed8dc6f8c31207,Gilbert Smith,"5' 9""",185 lbs.,,Southpaw,"Oct 19, 1981",12,6,0,1.09,0.41,2.73,0.35,3.51,0.6,0.0,1.2
67533c6f7a2ac5f7e09af307,3324129f3745b300,Cody Sons,"5' 9""",205 lbs.,,,,3,7,0,0.0,0.0,0.0,0.0,0.0,0.0,0.0,0.0
67533c6f7a2ac5f7e09af30f,f1451d605bad178e,Alexander Soldatkin,"6' 2""",250 lbs.,"75""",Orthodox,"Jun 10, 1993",14,4,0,1.16,0.6,1.35,0.26,1.45,0.5,0.5,0.0
67533c6f7a2ac5f7e09af2fa,d0e50a3d1b250708,Andre Soukhamthath,"5' 9""",135 lbs.,"70""",Orthodox,"Oct 23, 1988",13,8,0,2.77,0.44,4.31,0.49,1.25,0.53,0.58,0.2
67533c6f7a2ac5f7e09af31d,85497ffd934ecf7e,Jacobe Smith,"5' 10""",170 lbs.,"72""",Southpaw,"Jan 17, 1996",9,0,0,6.95,0.76,1.39,0.54,13.26,0.87,0.0,0.0
67533c6f7a2ac5f7e09af308,fe759b24e344d7eb,Emrah Sonmez,"5' 10""",145 lbs.,"71""",Orthodox,"Jun 26, 1992",14,5,0,1.47,0.46,1.73,0.48,5.0,0.21,0.0,0.0
67533c6f7a2ac5f7e09af311,324c7a749128df8d,Chris Solomon,"5' 11""",155 lbs.,,,,0,0,0,0.0,0.0,2.8,0.37,0.0,0.0,0.33,0.0
67533c6f7a2ac5f7e09af302,64facb6cc564262d,Punahele Soriano,"5' 11""",170 lbs.,"72""",Southpaw,"Nov 22, 1992",10,4,0,4.89,0.53,3.88,0.48,1.48,0.56,0.37,0.0
67533c6f7a2ac5f7e09af314,7684c8137b4545ba,Devin Smyth,"5' 10""",170 lbs.,"72""",Switch,"Jul 21, 1995",4,2,0,2.6,0.68,6.73,0.25,4.0,0.26,1.0,0.0
67533c6f7a2ac5f7e09af30e,32490e80ddab1e5a,Song Kenan,"6' 0""",170 lbs.,"71""",Orthodox,"Mar 10, 1990",22,9,0,4.49,0.46,5.82,0.51,0.42,0.3,0.73,0.0
67533c6f7a2ac5f7e09af2fe,59583ff832fe9d68,Krzysztof Soszynski,"6' 1""",205 lbs.,"77""",Open Stance,"Aug 02, 1977",26,12,1,3.37,0.39,3.13,0.58,0.52,0.25,0.71,1.0
67533c6f7a2ac5f7e09af315,1fcfc3709fe58151,Peter Sobotta,"6' 0""",170 lbs.,"75""",Southpaw,"Jan 11, 1987",17,7,1,2.14,0.4,2.9,0.58,1.53,0.32,0.77,0.5
67533c6f7a2ac5f7e09af31f,0bbb69f69c9a2eea,Nate Smith,"5' 6""",125 lbs.,"69""",Switch,"Apr 09, 1995",6,1,0,1.28,0.38,2.04,0.35,0.0,0.0,0.33,2.3
67533c6f7a2ac5f7e09af320,7478b7f959ba61f5,Elijah Smith,"5' 9""",135 lbs.,"71""",Orthodox,"Sep 05, 2002",7,1,0,5.0,0.41,5.07,0.43,5.0,0.45,1.0,1.0
67533c6f7a2ac5f7e09af30b,efb96bf3e9ada36f,Song Yadong,"5' 8""",135 lbs.,"67""",Orthodox,"Dec 02, 1997",21,8,1,4.49,0.43,3.96,0.55,0.66,0.4,0.72,0.2
67533c6f7a2ac5f7e09af31c,d2bc285ead803db0,Louis Smolka,"5' 9""",135 lbs.,"68""",Orthodox,"Jul 16, 1991",17,9,0,4.67,0.47,4.11,0.53,1.69,0.35,0.32,1.8
67533c6f7a2ac5f7e09af305,4c9b84d559822830,Emiliano Sordi,"6' 2""",205 lbs.,,Orthodox,"Feb 15, 1991",16,7,0,4.79,0.5,4.79,0.48,0.0,0.0,1.0,8.3
67533c6f7a2ac5f7e09af303,b6c37948cb226e8c,Benardo Sopaj,"5' 6""",135 lbs.,"66""",Orthodox,"Sep 25, 2000",11,3,0,3.06,0.52,4.56,0.53,3.06,0.75,0.5,0.0
67533c6f7a2ac5f7e09af316,d468288756ae3982,Renato Sobral,"6' 1""",205 lbs.,"75""",Orthodox,"Sep 07, 1975",37,11,0,2.23,0.45,1.53,0.57,2.48,0.42,0.65,2.6
67533c6f7a2ac5f7e09af2ff,85ff1b9471d35238,Dmitry Sosnovskiy,"6' 3""",240 lbs.,"77""",Orthodox,"Jul 06, 1989",11,0,0,2.95,0.7,2.53,0.35,3.16,0.66,1.0,3.2
67533c6f7a2ac5f7e09af2fd,a4e85a58fbce64b2,Joe Soto,"5' 6""",135 lbs.,"65""",Orthodox,"Mar 22, 1987",18,7,0,3.36,0.41,5.37,0.67,0.85,0.21,0.7,1.9
67533c6f7a2ac5f7e09af2fc,d18dbcb0f8e2b55d,Alex Soto,"5' 8""",135 lbs.,,Southpaw,"Feb 15, 1984",8,3,1,2.95,0.25,5.02,0.59,2.82,0.3,0.0,0.0
67533c6f7a2ac5f7e09af30a,0efb0d4ebb950fcb,YoungJae Song,"5' 7""",145 lbs.,"70""",Orthodox,"Jan 03, 1996",6,1,1,3.33,0.58,2.33,0.55,0.0,0.0,0.45,0.0
67533c6f7a2ac5f7e09af310,af65aa688d13eedf,Joe Solecki,"5' 9""",155 lbs.,"70""",Orthodox,"Aug 27, 1993",13,5,0,1.98,0.56,1.77,0.48,2.23,0.46,0.2,1.4
67533c6f7a2ac5f7e09af319,1b0491ef0f9c965e,Shimon Smotritsky,"6' 2""",170 lbs.,"74""",Orthodox,"Aug 22, 2000",8,2,0,3.52,0.34,8.67,0.56,3.52,0.33,0.5,0.0
67533c6f7a2ac5f7e09af282,224050896306f00c,Bartosz Szewczyk,"6' 4""",205 lbs.,"73""",Orthodox,"Sep 18, 1997",8,3,1,2.7,0.33,3.52,0.47,0.0,0.0,0.0,0.0
67533c6f7a2ac5f7e09af309,7c9c6a884be167fe,Jin Soo Son,"5' 6""",135 lbs.,"69""",Orthodox,"Apr 01, 1993",9,4,0,5.1,0.36,7.63,0.52,1.5,0.25,1.0,0.0
67533c6f7a2ac5f7e09af31a,75afb06215a07341,Dmitrii Smoliakov,"6' 2""",253 lbs.,"74""",Switch,"Aug 05, 1982",9,3,0,1.44,0.42,3.81,0.55,0.0,0.0,0.75,0.0
67533c6f7a2ac5f7e09af31b,625b65b45c1c6888,Walter Smith-Cotito,"5' 8""",135 lbs.,,,,4,5,0,2.95,0.36,3.53,0.68,2.16,0.33,0.57,0.0
67533c6f7a2ac5f7e09af301,896c322f56b8be5a,George Sotiropoulos,"5' 10""",155 lbs.,"71""",Orthodox,"Jul 09, 1977",14,7,0,2.61,0.27,2.52,0.67,2.32,0.31,0.53,1.6
67533c6f7a2ac5f7e09af30d,83b743fedde154fb,Joe Son,"5' 4""",236 lbs.,,Orthodox,"Nov 22, 1970",0,4,0,0.0,0.0,0.0,0.0,0.0,0.0,0.0,0.0
67533c6f7a2ac5f7e09af313,03b1e846b09f721d,Denis Sobolev,"6' 3""",216 lbs.,,Orthodox,,4,7,0,0.0,0.0,5.45,0.33,0.0,0.0,0.0,0.0
67533c6f7a2ac5f7e09af322,56709e66f1c6008f,Cole Smith,"5' 11""",135 lbs.,"67""",Orthodox,"Apr 05, 1989",7,2,0,1.78,0.35,1.96,0.49,1.67,0.33,0.45,1.7
67533c6f7a2ac5f7e09af325,2e25c1d983c26311,Colton Smith,"6' 0""",155 lbs.,"71""",Orthodox,"Aug 14, 1987",7,4,0,1.64,0.41,2.3,0.51,4.09,0.36,0.25,1.4
67533c6f7a2ac5f7e09af328,f797f0c57a83353e,Trevor Smith,"6' 3""",185 lbs.,"75""",Orthodox,"Jan 05, 1981",15,10,0,3.29,0.55,3.31,0.51,1.7,0.32,0.6,0.7
67533c6f7a2ac5f7e09af324,d4c9dcd330403612,Anthony Smith,"6' 4""",205 lbs.,"76""",Orthodox,"Jul 26, 1988",38,20,0,3.24,0.49,4.6,0.46,0.46,0.26,0.5,0.6
67533c6f7a2ac5f7e09af339,4bd6b4800070b069,Chas Skelly,"5' 11""",145 lbs.,"72""",Orthodox,"May 11, 1985",19,3,0,2.01,0.4,3.21,0.49,1.74,0.34,0.39,2.3
67533c6f7a2ac5f7e09af32f,3410cf010558dc8b,Scott Smith,"6' 0""",185 lbs.,"70""",Orthodox,"May 21, 1979",18,11,0,1.9,0.27,5.87,0.5,0.12,0.06,0.58,0.5
67533c6f7a2ac5f7e09af32c,f626aa1c85f8af03,Josh Smith,"6' 0""",155 lbs.,,Orthodox,"Jul 02, 1982",9,8,0,0.73,0.28,1.4,0.54,0.0,0.0,0.57,2.0
67533c6f7a2ac5f7e09af32e,46c8ec317aff28ac,Patrick Smith,"6' 2""",225 lbs.,,Orthodox,"Aug 28, 1963",20,17,0,0.0,0.0,0.0,0.0,0.0,0.0,0.0,0.0
67533c6f7a2ac5f7e09af330,33e33d51f289d2a1,Maurice Smith,"6' 2""",221 lbs.,,Orthodox,"Dec 13, 1961",12,14,0,0.41,0.46,0.47,0.6,0.89,0.5,0.2,0.9
67533c6f7a2ac5f7e09af327,207773daeb4afa7b,Devonte Smith,"5' 9""",155 lbs.,"76""",Orthodox,"Jul 30, 1993",11,4,0,4.55,0.53,3.91,0.49,0.35,0.25,0.85,0.3
67533c6f7a2ac5f7e09af337,436cdea7bdfdc016,Yokthai Sithoar,"5' 7""",143 lbs.,,,"Dec 25, 1974",0,1,0,0.0,0.0,0.0,0.0,0.0,0.0,0.0,0.0
67533c6f7a2ac5f7e09af332,1979c80150f630c4,Kestutis Smirnovas,"5' 10""",200 lbs.,,Orthodox,,24,8,2,4.95,0.52,5.05,0.54,1.55,0.5,1.0,1.6
67533c6f7a2ac5f7e09af331,a2d1d3d144fed708,Ray Sloan,"6' 1""",205 lbs.,,,"Jul 14, 1985",8,1,0,0.0,0.0,0.0,0.0,0.0,0.0,0.0,0.0
67533c6f7a2ac5f7e09af345,59c6d5af765df641,Everett Sims,"6' 5""",260 lbs.,"77""",Southpaw,"Sep 04, 1988",4,1,0,0.81,0.66,2.19,0.3,0.0,0.0,0.42,1.2
67533c6f7a2ac5f7e09af326,76984112f697631f,Leslie Smith,"5' 9""",135 lbs.,"66""",Orthodox,"Aug 17, 1982",10,7,1,7.56,0.4,8.41,0.51,0.0,0.0,0.62,0.0
67533c6f7a2ac5f7e09af334,80e6d71e14c1d356,Joe Slick,"6' 0""",199 lbs.,,Orthodox,"Oct 17, 1977",16,5,3,0.0,0.0,0.0,0.0,0.0,0.0,0.0,0.0
67533c6f7a2ac5f7e09af340,817e0bdf08efce2e,Elvis Sinosic,"6' 3""",205 lbs.,"77""",Orthodox,"Feb 13, 1971",7,11,2,1.13,0.37,4.6,0.53,0.0,0.0,0.0,1.2
67533c6f7a2ac5f7e09af344,265589bdd93e7ce5,Lodune Sincaid,"5' 9""",185 lbs.,,Orthodox,"May 07, 1973",15,9,0,2.72,0.42,6.17,0.57,0.0,0.0,0.75,0.0
67533c6f7a2ac5f7e09af33f,f985ca2370a37078,Kiran Singh,"5' 1""",115 lbs.,"65""",Orthodox,"Jul 25, 2000",7,4,0,0.0,0.0,19.51,0.23,0.0,0.0,0.0,0.0
67533c6f7a2ac5f7e09af33e,71ef1111bf829b82,Mitchell Sipe,"6' 2""",245 lbs.,,Orthodox,"Apr 09, 1996",4,1,0,5.5,0.56,9.98,0.46,1.53,0.2,0.0,0.0
67533c6f7a2ac5f7e09af33b,a46fdda658fee832,Gian Siqueira,"6' 1""",170 lbs.,"74""",Orthodox,"Jun 23, 1994",19,5,0,0.8,1.0,3.41,0.19,0.0,0.0,0.0,0.0
67533c6f7a2ac5f7e09af323,eaa9402e5a7990ad,Braxton Smith,"5' 11""",257 lbs.,"72""",Orthodox,"Jan 01, 1990",5,2,0,6.46,0.48,11.54,0.32,0.0,0.0,1.0,0.0
67533c6f7a2ac5f7e09af343,3b65c9dd39741bc4,Rob Sinclair,"5' 8""",155 lbs.,,,"Feb 20, 1980",13,5,0,1.2,0.33,1.73,0.73,0.0,0.0,0.5,0.0
67533c6f7a2ac5f7e09af341,546015aa2ad945fd,Rory Singer,"6' 2""",185 lbs.,"77""",Orthodox,"May 28, 1976",11,9,0,2.55,0.39,2.42,0.63,0.39,0.25,0.64,0.8
67533c6f7a2ac5f7e09af342,254ed71756cfd18c,Rana Rudra Pratap Singh,"5' 10""",135 lbs.,"69""",Orthodox,"May 09, 1997",11,2,0,0.0,0.0,9.05,0.27,0.0,0.0,0.0,0.0
67533c6f7a2ac5f7e09af333,c337c3c85b1871e0,Zach Skinner,"5' 6""",145 lbs.,,Orthodox,,10,11,0,0.53,0.5,2.4,0.32,5.0,0.27,1.0,1.0
67533c6f7a2ac5f7e09af329,ffee353f55e3aa2c,Dillon Smith,"6' 0""",170 lbs.,,,,0,0,0,0.0,0.0,0.0,0.0,0.0,0.0,0.0,0.0
67533c6f7a2ac5f7e09af336,caced97768818230,Matt Skelton,"6' 3""",265 lbs.,,Orthodox,"Jan 23, 1967",0,1,0,0.0,0.0,0.54,0.0,0.0,0.0,0.66,0.0
67533c6f7a2ac5f7e09af33c,a7ac3b1b0c4146db,Jeremia Siregar,"5' 2""",125 lbs.,"63""",Orthodox,"Jul 27, 1991",6,3,0,2.8,0.42,7.37,0.29,0.0,0.0,0.75,0.0
67533c6f7a2ac5f7e09af33d,5f87a5c00b3d17ed,Dennis Siver,"5' 6""",145 lbs.,"70""",Orthodox,"Jan 13, 1979",23,11,0,3.87,0.32,2.67,0.65,0.87,0.32,0.65,0.3
67533c6f7a2ac5f7e09af33a,fce9b4056a8ef559,AJ Siscoe,"5' 7""",135 lbs.,,,,1,2,0,0.0,0.0,0.0,0.0,0.0,0.0,0.0,0.0
67533c6f7a2ac5f7e09af338,44a1dd0ef4373edc,Jeri Sitzes,"5' 5""",125 lbs.,,,,3,1,0,0.0,0.0,0.0,0.0,0.0,0.0,0.0,0.0
67533c6f7a2ac5f7e09af348,e0f7c4f3f67bc808,Wes Sims,"6' 10""",260 lbs.,,Orthodox,"Aug 04, 1979",24,14,1,0.98,0.51,2.95,0.37,0.0,0.0,0.4,2.3
67533c6f7a2ac5f7e09af347,57bad6a84230f0c9,Tony Sims,"5' 11""",155 lbs.,"70""",Southpaw,"Oct 14, 1985",12,4,0,1.81,0.63,0.76,0.65,0.71,0.5,0.5,0.7
67533c6f7a2ac5f7e09af349,f0fad0e9f3b65752,Jamey Simmons,"5' 6""",135 lbs.,"70""",Orthodox,"Sep 11, 1992",7,4,0,0.79,0.21,1.92,0.74,0.0,0.0,0.5,0.0
67533c6f7a2ac5f7e09af335,9db861c26b63daa8,Brian Sleeman,"5' 8""",185 lbs.,,,,9,9,1,4.0,0.48,1.85,0.7,9.23,1.0,1.0,0.0
67533c6f7a2ac5f7e09af34a,d5f820c11a121050,Aaron Simpson,"6' 0""",170 lbs.,"73""",Orthodox,"Jul 20, 1974",12,5,0,3.6,0.52,2.53,0.56,3.78,0.34,0.83,0.5
67533c6f7a2ac5f7e09af34b,52ba464d9068d871,Elias Silverio,"5' 11""",155 lbs.,"73""",Orthodox,"Sep 22, 1986",13,3,0,3.67,0.49,2.97,0.51,1.62,0.38,0.85,0.2
67533c6f7a2ac5f7e09af34e,f717b6002486f73f,Marcus Silveira,"6' 3""",242 lbs.,,Orthodox,,6,4,0,0.0,0.0,0.0,0.0,0.0,0.0,0.0,0.0
67533c6f7a2ac5f7e09af34c,79e2cb1e813f881b,Sim Kai Xiong,"5' 5""",125 lbs.,"66""",Orthodox,"Sep 06, 1997",5,1,0,3.19,0.63,4.56,0.47,6.84,0.28,0.0,0.0
67533c6f7a2ac5f7e09af34d,5987b2458f4b5290,Ricky Simon,"5' 6""",135 lbs.,"69""",Orthodox,"Aug 31, 1992",20,6,0,2.99,0.43,3.84,0.61,5.2,0.44,0.75,0.3
67533c6f7a2ac5f7e09af34f,28e088bbcaaa6366,Leonardo Silva de Oliveira,"6' 2""",185 lbs.,,Orthodox,"Apr 23, 1992",12,4,0,1.07,0.4,0.54,0.5,24.11,0.5,0.0,0.0
67533c6f7a2ac5f7e09af350,3a314d9fa7c6825d,Douglas Silva de Andrade,"5' 7""",135 lbs.,"68""",Orthodox,"Jun 22, 1985",29,6,0,3.54,0.38,3.93,0.57,0.55,0.42,0.72,0.2
67533c6f7a2ac5f7e09af353,d964a59c48381cb6,Danny Silva,"5' 11""",145 lbs.,"70""",Switch,"Jan 30, 1997",9,1,0,8.3,0.58,9.47,0.59,3.0,0.5,1.0,0.5
67533c6f7a2ac5f7e09af351,52ef95b5860fb28c,Jean Silva,"5' 7""",145 lbs.,"69""",Orthodox,"Dec 27, 1996",14,2,0,5.37,0.52,4.43,0.57,0.81,0.5,0.8,0.0
67533c6f7a2ac5f7e09af352,4e33534d1e036444,Jhonata Silva,"5' 5""",125 lbs.,"66""",Orthodox,"Apr 24, 1997",8,2,0,4.86,0.52,9.85,0.44,0.0,0.0,0.0,0.0
67533c6f7a2ac5f7e09af355,4784a5b4a452464a,Janaina Silva,"5' 1""",115 lbs.,"60""",Orthodox,"Feb 16, 1992",5,1,0,0.0,0.0,1.5,0.62,0.0,0.0,0.0,0.0
67533c6f7a2ac5f7e09af357,9d62c2d8ee151f08,Karine Silva,"5' 5""",125 lbs.,"67""",Orthodox,"Dec 02, 1993",18,5,0,3.04,0.38,3.14,0.47,2.79,0.5,0.0,1.9
67533c6f7a2ac5f7e09af354,21b813b919776d90,Erik Silva,"5' 9""",145 lbs.,"71""",Orthodox,"Mar 16, 1987",9,3,0,2.07,0.7,1.57,0.4,3.76,0.8,0.62,0.0
67533c6f7a2ac5f7e09af35a,262d32ebda89efc4,Natalia Silva,"5' 4""",125 lbs.,"65""",Southpaw,"Feb 03, 1997",18,5,1,5.19,0.47,2.35,0.64,0.4,0.25,0.91,0.0
67533c6f7a2ac5f7e09af356,4408865b4e65e374,Maria Silva,"5' 3""",115 lbs.,"64""",Orthodox,"Dec 19, 1995",8,1,0,3.0,0.57,1.13,0.62,2.0,1.0,0.55,0.5
67533c6f7a2ac5f7e09af359,f6f2ea21a67be3a7,Jacob Silva,"5' 5""",125 lbs.,"67""",Orthodox,"Feb 23, 1988",6,4,0,4.17,0.44,4.92,0.56,1.51,1.0,0.66,0.0
67533c6f7a2ac5f7e09af35c,294aa73dbf37d281,Bruno Silva,"5' 4""",125 lbs.,"65""",Orthodox,"Mar 16, 1990",14,5,2,3.32,0.48,3.14,0.58,2.26,0.28,0.6,0.2
67533c6f7a2ac5f7e09af358,0d09efd31eb9fadf,Jansey Silva,"6' 2""",185 lbs.,"67""",Orthodox,"May 30, 1995",7,2,0,0.46,0.4,2.32,0.33,0.0,0.0,0.0,0.0
67533c6f7a2ac5f7e09af35d,b19aecbfbb5508cc,Dayana Silva,"5' 7""",135 lbs.,,Orthodox,"Aug 27, 1990",7,4,0,6.33,0.51,5.93,0.57,0.0,0.0,0.42,0.0
67533c6f7a2ac5f7e09af364,fb79582c410d049e,Wagner Silva,"6' 0""",170 lbs.,,Orthodox,"Feb 07, 1987",6,3,0,1.69,0.29,2.87,0.65,0.0,0.0,0.58,0.0
67533c6f7a2ac5f7e09af367,8349d55cdecd393a,Antonio Silva,"6' 4""",264 lbs.,"82""",Orthodox,"Sep 14, 1979",19,12,1,2.89,0.45,3.09,0.5,0.82,0.29,0.66,0.8
67533c6f7a2ac5f7e09af35b,002ca196477ce572,Gabriel Silva,"5' 6""",135 lbs.,"71""",Orthodox,"Aug 26, 1994",8,2,0,1.3,0.34,3.47,0.45,1.5,0.25,0.38,0.5
67533c6f7a2ac5f7e09af363,159da492e000afbf,Leandro Silva,"5' 9""",155 lbs.,"72""",Orthodox,"Nov 11, 1985",20,6,1,2.39,0.48,2.08,0.63,1.76,0.37,0.65,0.4
67533c6f7a2ac5f7e09af365,2ba479b409011527,Fabio Silva,"5' 11""",205 lbs.,,Orthodox,"Mar 31, 1982",1,8,0,0.09,0.11,5.9,0.38,0.0,0.0,0.0,0.0
67533c6f7a2ac5f7e09af369,a6c32678efd4f434,Sidney Silva,"6' 3""",170 lbs.,,Southpaw,"Feb 27, 1972",8,4,0,2.86,0.65,3.3,0.34,3.3,1.0,0.0,0.0
67533c6f7a2ac5f7e09af362,6f7c616b98e18c29,Claudio Silva,"5' 11""",170 lbs.,"71""",Southpaw,"Sep 06, 1982",14,4,0,2.48,0.42,3.0,0.46,2.85,0.26,0.44,1.1
67533c6f7a2ac5f7e09af368,53bb0d40905b87c0,Jay Silva,"6' 2""",185 lbs.,,Southpaw,,10,11,1,1.13,0.34,3.07,0.4,0.0,0.0,0.38,1.0
67533c6f7a2ac5f7e09af360,ae7fe94f117f98cf,Joaquim Silva,"5' 8""",155 lbs.,"69""",Southpaw,"Feb 05, 1989",13,6,0,3.66,0.43,4.53,0.53,0.39,0.5,0.69,0.8
67533c6f7a2ac5f7e09af361,a31358d90d4bb40a,Rafael Silva,"5' 7""",135 lbs.,,,"Mar 20, 1985",28,6,0,0.67,0.5,0.73,0.67,0.0,0.0,0.25,1.0
67533c6f7a2ac5f7e09af35e,12ebd7d157e91701,Bruno Silva,"6' 0""",185 lbs.,"74""",Orthodox,"Jul 13, 1989",23,12,0,3.85,0.47,5.28,0.41,0.78,0.23,0.74,0.0
67533c6f7a2ac5f7e09af35f,1b38a2b897f6209c,Felipe Silva,"6' 0""",155 lbs.,"77""",Orthodox,"May 08, 1984",8,2,0,5.4,0.5,1.8,0.59,1.0,1.0,0.71,0.0
67533c6f7a2ac5f7e09af366,5866fc86183a9fb8,Erick Silva,"6' 0""",170 lbs.,"74""",Orthodox,"Jun 21, 1984",19,9,0,2.5,0.48,4.18,0.49,0.85,0.35,0.56,1.4
67533c6f7a2ac5f7e09af2fb,9c669abd35b2522f,Greg Soto,"5' 11""",170 lbs.,"73""",Orthodox,"Jun 03, 1986",9,4,0,3.21,0.63,2.61,0.52,1.49,0.27,0.44,1.0
67533c6f7a2ac5f7e09af379,1f4b1d7d12601c5f,Ivan Shtyrkov,"6' 0""",205 lbs.,"74""",Orthodox,"Jun 09, 1988",15,0,1,0.0,0.0,0.0,0.0,0.0,0.0,0.0,0.0
67533c6f7a2ac5f7e09af36d,9a08c2753184ac6d,Xavier Siller,"5' 5""",125 lbs.,,,"Jun 06, 1994",5,5,0,1.02,0.36,1.53,0.57,3.83,1.0,0.0,0.0
67533c6f7a2ac5f7e09af387,fe435e440b5de0ff,Jake Shields,"6' 0""",170 lbs.,"72""",Orthodox,"Jan 09, 1979",31,9,1,2.45,0.36,1.8,0.56,2.83,0.29,0.35,1.2
67533c6f7a2ac5f7e09af384,10657c60ce349e0f,Shunichi Shimizu,"5' 5""",135 lbs.,,Orthodox,"Jan 31, 1985",30,18,11,0.14,0.33,4.68,0.3,0.0,0.0,0.0,0.0
67533c6f7a2ac5f7e09af370,a1f6999fe57236e0,Wanderlei Silva,"5' 11""",205 lbs.,"74""",Orthodox,"Jul 03, 1976",35,13,1,2.79,0.4,2.19,0.6,0.97,0.53,0.62,0.6
67533c6f7a2ac5f7e09af38f,5f23eaf9e9c34667,Priya Sharma,"5' 1""",115 lbs.,"59""",Orthodox,"Aug 29, 1991",5,2,0,1.33,0.16,3.2,0.4,0.0,0.0,0.55,0.0
67533c6f7a2ac5f7e09af36f,e091482fa6648261,Assuerio Silva,"5' 10""",241 lbs.,,Orthodox,"Jun 18, 1974",16,8,0,1.42,0.46,4.2,0.54,2.66,0.34,0.25,1.8
67533c6f7a2ac5f7e09af388,d683f4870742b273,Shi Ming,"5' 2""",115 lbs.,"60""",Orthodox,"Nov 14, 1994",17,5,0,3.48,0.39,3.24,0.53,0.37,0.16,0.58,0.0
67533c6f7a2ac5f7e09af37d,821cd80aab70d5f9,Josh Shockman,"6' 4""",235 lbs.,,Southpaw,"Dec 29, 1980",6,3,0,0.87,0.32,0.87,0.58,0.0,0.0,0.23,0.0
67533c6f7a2ac5f7e09af36c,55b8dc4e54fe2c59,Paulo Cesar Silva,"7' 5""",385 lbs.,,Orthodox,"Jul 21, 1963",2,6,0,0.4,0.15,2.72,0.47,0.42,1.0,0.16,0.4
67533c6f7a2ac5f7e09af392,fcaae0385b514f11,Frank Shamrock,"5' 10""",185 lbs.,,Orthodox,"Dec 08, 1972",23,10,2,4.75,0.53,4.66,0.57,0.35,0.5,0.37,1.1
67533c6f7a2ac5f7e09af37a,35cc17760b06f36d,Landon Showalter,"6' 0""",185 lbs.,,,"Jun 14, 1976",11,19,1,0.0,0.0,0.0,0.0,0.0,0.0,0.0,0.0
67533c6f7a2ac5f7e09af375,cf772fb504842dc3,Kiril Sidelnikov,"5' 11""",230 lbs.,,,"Aug 17, 1988",11,4,0,2.87,0.28,4.48,0.61,0.0,0.0,0.0,0.0
67533c6f7a2ac5f7e09af37f,ed3ea649b34ddb6c,Alexander Shlemenko,"5' 11""",185 lbs.,,,"May 20, 1984",56,9,0,4.36,0.6,1.71,0.63,0.0,0.0,0.0,0.0
67533c6f7a2ac5f7e09af38d,a0c64f272b65d441,Eric Shelton,"5' 6""",125 lbs.,"68""",Orthodox,"Feb 02, 1991",12,6,0,2.57,0.42,1.88,0.63,2.83,0.51,0.46,0.2
67533c6f7a2ac5f7e09af377,585f9ffdb0cd0466,Brandon Shuey,"5' 7""",155 lbs.,,Orthodox,"Feb 01, 1976",7,6,0,0.68,0.33,1.36,0.0,0.0,0.0,0.0,10.2
67533c6f7a2ac5f7e09af36e,2924886ee9c4c527,Thiago Silva,"6' 2""",205 lbs.,"74""",Orthodox,"Nov 12, 1982",19,6,0,3.92,0.5,2.55,0.67,1.03,0.47,0.7,0.7
67533c6f7a2ac5f7e09af37b,1a54231796e24a3f,Liudvik Sholinian,"5' 10""",135 lbs.,"71""",Orthodox,"Jan 20, 1990",9,4,1,2.5,0.3,5.67,0.55,0.0,0.0,0.66,0.0
67533c6f7a2ac5f7e09af36b,9211aae062b799d6,Jean Silva,"5' 6""",160 lbs.,,Orthodox,"Oct 08, 1977",19,12,3,0.73,0.22,2.93,0.52,0.0,0.0,0.0,0.0
67533c6f7a2ac5f7e09af374,1a2bf44edb8055b6,Serhiy Sidey,"5' 11""",135 lbs.,"72""",Switch,"Jul 04, 1996",11,2,0,4.87,0.39,4.44,0.53,0.0,0.0,0.2,1.4
67533c6f7a2ac5f7e09af385,5d1700cfbaafbe06,Henrique Shiguemoto,"5' 11""",185 lbs.,"72""",Orthodox,"Jun 22, 1989",13,4,1,3.6,0.33,6.0,0.16,0.0,0.0,0.5,0.0
67533c6f7a2ac5f7e09af391,5a7350645bc9bd6e,Shang Zhifa,"5' 7""",125 lbs.,"63""",Orthodox,"Mar 15, 1986",32,8,0,1.27,0.32,1.27,0.6,2.0,1.0,0.0,0.0
67533c6f7a2ac5f7e09af38c,01b352b6a9074d5c,Chase Sherman,"6' 4""",250 lbs.,"78""",Orthodox,"Nov 16, 1989",16,12,0,6.04,0.45,6.65,0.52,0.09,0.5,0.74,0.0
67533c6f7a2ac5f7e09af371,1f454354805b6f75,Anderson Silva,"6' 2""",185 lbs.,"77""",Southpaw,"Apr 14, 1975",34,11,0,3.05,0.61,2.05,0.6,0.5,0.77,0.69,0.8
67533c6f7a2ac5f7e09af386,d4da8995fc91e7ef,Katsuyori Shibata,"6' 0""",168 lbs.,,Orthodox,"Nov 17, 1979",4,11,1,2.06,0.35,2.4,0.53,0.49,0.5,0.53,0.7
67533c6f7a2ac5f7e09af383,a9a314cc77d90b6e,Wade Shipp,"6' 3""",245 lbs.,,Orthodox,"Feb 09, 1975",11,5,0,4.29,0.86,2.14,0.0,0.0,0.0,0.75,0.0
67533c6f7a2ac5f7e09af390,0f3a990526c5e706,Sean Sharaf,"6' 3""",252 lbs.,"77""",Orthodox,"Jul 11, 1993",4,1,0,7.31,0.44,9.79,0.44,2.07,0.12,0.0,0.0
67533c6f7a2ac5f7e09af389,d7338bcb141abd2c,Antonina Shevchenko,"5' 8""",125 lbs.,"67""",Southpaw,"Nov 20, 1984",10,4,0,3.86,0.55,2.93,0.52,0.43,0.42,0.53,0.4
67533c6f7a2ac5f7e09af393,63b65af1c5cb02cb,Ken Shamrock,"6' 1""",205 lbs.,"72""",Orthodox,"Feb 11, 1964",28,17,2,1.47,0.46,4.3,0.39,0.94,0.6,0.44,2.5
67533c6f7a2ac5f7e09af378,762226efa2b01654,Ronal Siahaan,"5' 7""",125 lbs.,"71""",Southpaw,"May 05, 1996",7,1,0,0.63,0.66,6.17,0.25,0.0,0.0,0.25,0.0
67533c6f7a2ac5f7e09af2ad,8c39367b53eadf8a,Jesse Strader,"5' 7""",135 lbs.,"70""",Orthodox,"May 29, 1991",5,3,0,5.03,0.51,5.28,0.47,3.87,0.57,1.0,0.0
67533c6f7a2ac5f7e09af381,1d36f1ac66cf689d,Josh Shockley,"6' 1""",155 lbs.,,Orthodox,"Nov 15, 1989",11,4,0,1.4,0.33,1.75,0.6,0.0,0.0,0.61,0.8
67533c6f7a2ac5f7e09af38a,132deb59abae64b1,Valentina Shevchenko,"5' 5""",125 lbs.,"66""",Southpaw,"Mar 07, 1988",24,4,1,3.16,0.52,2.0,0.64,2.74,0.64,0.71,0.3
67533c6f7a2ac5f7e09af380,a79bfbc01b2264d6,Yuya Shirai,"5' 8""",168 lbs.,,Orthodox,"Apr 02, 1980",26,14,2,1.02,1.0,4.07,0.55,0.0,0.0,0.0,0.0
67533c6f7a2ac5f7e09af38b,029880cdbf5ca089,Sean Sherk,"5' 6""",155 lbs.,"67""",Orthodox,"Aug 05, 1973",36,4,1,2.17,0.35,2.71,0.55,4.09,0.46,0.56,0.4
67533c6f7a2ac5f7e09af37c,b8a85389d115e35a,Jack Shore,"5' 8""",145 lbs.,"71""",Orthodox,"Feb 06, 1995",17,3,0,3.6,0.58,2.31,0.56,3.22,0.39,0.74,0.6
67533c6f7a2ac5f7e09af37e,b0c95dc8e858452c,Akira Shoji,"5' 8""",195 lbs.,,Orthodox,"Jan 31, 1974",14,17,5,1.03,0.34,2.63,0.53,1.79,0.73,0.82,0.4
67533c6f7a2ac5f7e09af376,b8aef0faf4ce9b31,Sam Sicilia,"5' 8""",145 lbs.,"67""",Orthodox,"Feb 01, 1986",15,8,0,2.46,0.33,3.55,0.59,1.45,0.43,0.7,0.9
67533c6f7a2ac5f7e09af394,f300763147320d12,Liliya Shakirova,"5' 4""",125 lbs.,"65""",Orthodox,"Oct 24, 1991",8,2,0,2.7,0.3,2.58,0.74,0.0,0.0,0.0,0.0
67533c6f7a2ac5f7e09af395,ece280745f8727b8,Kamal Shalorus,"5' 8""",155 lbs.,"68""",Orthodox,"Aug 27, 1972",9,5,2,3.06,0.32,2.99,0.7,2.07,0.5,0.8,0.0
67533c6f7a2ac5f7e09af39a,5dfe71ade71f3a4b,Rosi Sexton,"5' 3""",135 lbs.,,Orthodox,"Jul 16, 1977",13,5,0,3.31,0.39,7.42,0.41,0.75,0.1,0.8,0.0
67533c6f7a2ac5f7e09af39b,dadaeb402526dca5,Carl Seumanutafa,"6' 1""",255 lbs.,,Orthodox,,10,8,0,0.0,0.0,3.33,0.75,0.0,0.0,0.0,0.0
67533c6f7a2ac5f7e09af398,5c38639f860a5542,Scott Shaffer,"5' 7""",145 lbs.,,Orthodox,,0,1,0,2.4,0.67,0.53,0.5,0.0,0.0,0.72,3.0
67533c6f7a2ac5f7e09af399,4144798612ef96e5,Edmen Shahbazyan,"6' 3""",185 lbs.,"75""",Orthodox,"Nov 20, 1997",13,5,0,3.77,0.5,3.9,0.46,2.01,0.38,0.65,0.5
67533c6f7a2ac5f7e09af396,da4628f173337902,Don Shainis,"5' 6""",145 lbs.,"67""",Orthodox,"Sep 16, 1990",12,5,0,3.42,0.5,5.87,0.31,0.97,0.25,0.2,1.9
67533c6f7a2ac5f7e09af397,9eed2bcc9e0b92af,Leon Shahbazyan,"6' 4""",170 lbs.,"74""",Orthodox,"Nov 18, 1995",7,2,0,6.33,0.52,8.18,0.32,1.46,0.5,0.0,0.0
67533c6f7a2ac5f7e09af39c,c670aa48827d6be6,Dan Severn,"6' 2""",250 lbs.,,Southpaw,"Jun 08, 1958",101,19,1,0.0,0.0,0.0,0.0,0.0,0.0,0.0,0.0
67533c6f7a2ac5f7e09af3a0,1975c2272ba40e71,Nick Serra,"5' 9""",170 lbs.,,Orthodox,"Mar 27, 1978",7,3,0,0.0,0.0,1.73,0.43,1.0,0.1,0.0,2.0
67533c6f7a2ac5f7e09af39f,6ad8e4296f7522d9,Igor Severino,"5' 7""",125 lbs.,"69""",Orthodox,"Apr 21, 2003",8,1,0,7.17,0.52,4.33,0.47,9.69,0.71,0.5,0.0
67533c6f7a2ac5f7e09af39d,e7ec11096eac0282,Adrian Serrano,"5' 8""",170 lbs.,,,"Dec 23, 1963",56,29,4,0.0,0.0,0.0,0.0,0.0,0.0,0.0,0.0
67533c6f7a2ac5f7e09af39e,0ccab7c889ede9ea,Fredy Serrano,"5' 3""",125 lbs.,"65""",Orthodox,"Sep 22, 1979",3,2,0,1.58,0.26,1.89,0.61,2.84,0.25,0.84,0.0
67533c6f7a2ac5f7e09af3a3,b23fca14c7b79935,Ivan Serati,"6' 0""",205 lbs.,,Orthodox,,12,4,0,0.86,0.26,5.33,0.29,0.0,0.0,0.0,0.0
67533c6f7a2ac5f7e09af3a5,2f04c4183523be2e,Ray Seraille,"6' 3""",246 lbs.,,,,8,9,0,5.29,0.27,17.65,0.41,0.0,0.0,0.0,0.0
67533c6f7a2ac5f7e09af3a6,762572d67204fadb,YeDam Seo,"5' 3""",115 lbs.,"63""",Orthodox,"Mar 20, 1992",7,4,0,1.07,0.27,2.4,0.58,0.5,0.2,0.42,0.0
67533c6f7a2ac5f7e09af3a2,86dfed7cc24a9fa7,Matt Serra,"5' 6""",170 lbs.,"68""",Orthodox,"Jun 02, 1974",11,7,0,1.98,0.39,2.64,0.46,2.05,0.2,0.38,0.9
67533c6f7a2ac5f7e09af3a7,3ed134d85dfbd7b4,Brandon Sene,"5' 11""",205 lbs.,,,"May 21, 1981",2,2,0,0.0,0.0,0.0,0.0,0.0,0.0,0.0,0.0
67533c6f7a2ac5f7e09af3a9,51b1e2fd9872005b,Mackens Semerzier,"5' 9""",145 lbs.,"72""",Orthodox,"Nov 03, 1980",8,4,0,2.91,0.45,3.48,0.46,2.14,0.5,0.5,2.1
67533c6f7a2ac5f7e09af3a4,253d3f9e97ca149a,Alex Serdyukov,"6' 2""",170 lbs.,"74""",Orthodox,"May 24, 1980",8,5,0,4.94,0.48,3.1,0.46,1.84,0.55,0.67,1.8
67533c6f7a2ac5f7e09af3ab,4aa58269d0664b5b,Matthew Semelsberger,"6' 1""",170 lbs.,"75""",Switch,"Nov 23, 1992",11,8,0,3.77,0.42,4.24,0.54,1.01,0.57,0.45,0.4
67533c6f7a2ac5f7e09af3aa,5f2f0da6fd6a84fd,Andrei Semenov,"6' 0""",185 lbs.,,Orthodox,"Jun 17, 1977",34,9,2,0.78,0.15,2.44,0.6,1.74,0.8,0.55,0.4
67533c6f7a2ac5f7e09af3a8,88b250ba222c3a98,Kim In Seok,"5' 6""",145 lbs.,,Orthodox,,3,6,0,0.87,0.37,5.19,0.6,0.0,0.0,0.0,0.0
67533c6f7a2ac5f7e09af3ad,348dff4e03bd18c6,Stefan Sekulic,"6' 0""",170 lbs.,"75""",Southpaw,"Feb 12, 1992",12,4,0,1.83,0.5,2.83,0.64,2.0,0.33,0.25,0.5
67533c6f7a2ac5f7e09af3b3,0c01568b1ac77bff,Mike Seal,"6' 4""",185 lbs.,,Orthodox,,13,15,1,5.5,0.68,3.33,0.5,0.0,0.0,0.33,0.0
67533c6f7a2ac5f7e09af3af,e4bb7e483c4ad318,Brendan Seguin,"6' 0""",185 lbs.,,,"Jul 03, 1976",23,19,1,2.6,0.45,0.6,0.84,5.0,0.62,1.0,0.0
67533c6f7a2ac5f7e09af3b1,d6b68eaf4b68b160,Rony Sefo,"5' 9""",225 lbs.,,Orthodox,,0,2,0,0.0,0.0,0.43,0.0,0.0,0.0,0.0,0.0
67533c6f7a2ac5f7e09af3ae,5e1062e066c601e6,Tetsuya Seki,"5' 10""",155 lbs.,,,"Feb 08, 1994",14,8,1,0.0,0.0,0.0,0.0,0.0,0.0,0.0,0.0
67533c6f7a2ac5f7e09af3b7,03dee485905dbc9f,Zachary Scroggin,"6' 3""",170 lbs.,"74""",Orthodox,"Mar 09, 1996",7,1,0,2.4,0.37,8.8,0.68,0.0,0.0,0.0,0.0
67533c6f7a2ac5f7e09af3ac,0359313549d230a1,Pete Sell,"5' 11""",170 lbs.,"75""",Orthodox,"Aug 05, 1982",10,7,0,2.6,0.42,3.65,0.51,0.91,0.21,0.47,0.9
67533c6f7a2ac5f7e09af3bd,b4443fae47e7eb9d,Wes Schultz,"6' 2""",185 lbs.,"77""",Orthodox,"Aug 09, 1996",6,2,0,5.16,0.45,5.38,0.46,3.36,0.25,0.0,0.0
67533c6f7a2ac5f7e09af3b8,0b235384fe23fc9c,Greg Scott,"5' 9""",145 lbs.,,,,3,4,0,3.9,0.55,7.79,0.37,11.69,1.0,0.0,0.0
67533c6f7a2ac5f7e09af3b5,d1ce40aca99a9b70,Matt Secor,"6' 0""",170 lbs.,,,"Sep 26, 1986",8,4,0,0.51,0.2,0.81,0.5,3.03,1.0,0.0,3.0
67533c6f7a2ac5f7e09af3ba,9fa568ad2bf2cb0b,Justin Scoggins,"5' 7""",125 lbs.,"66""",Southpaw,"May 02, 1992",11,5,0,3.56,0.51,2.16,0.55,3.42,0.63,0.82,0.5
67533c6f7a2ac5f7e09af3bc,99c80d2bd5dbe5a9,Brian Schwartz,"6' 3""",170 lbs.,,Orthodox,,1,1,0,1.27,0.44,0.87,0.45,0.0,0.0,0.5,1.0
67533c6f7a2ac5f7e09af3b4,55e94a9b525dcf45,Kenneth Seegrist,"6' 0""",185 lbs.,,Orthodox,,4,7,0,3.21,0.66,1.28,0.0,0.0,0.0,0.4,14.4
67533c6f7a2ac5f7e09af3b9,34e552520a934063,Brad Scott,"6' 1""",170 lbs.,"76""",Orthodox,"Jun 24, 1989",11,6,0,3.52,0.41,4.31,0.57,0.32,0.15,0.63,0.7
67533c6f7a2ac5f7e09af3b0,646d5dbe509accd4,Ray Sefo,"6' 0""",240 lbs.,,Orthodox,"Feb 15, 1971",2,2,0,0.86,0.31,1.71,0.72,0.0,0.0,0.66,0.0
67533c6f7a2ac5f7e09af3b2,49a74b9fb2e45fdf,Neil Seery,"5' 4""",125 lbs.,"64""",Orthodox,"Aug 30, 1979",16,13,0,3.56,0.41,3.79,0.58,0.78,0.27,0.53,1.6
67533c6f7a2ac5f7e09af3be,c1684f00c626f4c0,Mark Schultz,"5' 9""",200 lbs.,,Orthodox,,1,1,0,0.0,0.0,0.0,0.0,0.0,0.0,0.0,0.0
67533c6f7a2ac5f7e09af3bf,e44c679c30403cba,Lacey Schuckman,"5' 3""",125 lbs.,,,,11,10,0,0.0,0.0,0.0,0.0,0.0,0.0,0.0,0.0
67533c6f7a2ac5f7e09af3c0,040426baba8a45e8,Nate Schroeder,"6' 1""",230 lbs.,,,,11,10,0,0.0,0.0,0.0,0.0,0.0,0.0,0.0,0.0
67533c6f7a2ac5f7e09af3c2,5a558ba1ff5e9121,Darrill Schoonover,"6' 2""",220 lbs.,,Orthodox,"Jul 18, 1985",14,8,0,1.2,0.33,4.35,0.38,0.0,0.0,0.5,1.1
67533c6f7a2ac5f7e09af3c4,b0353e7f5038dd09,Bailey Schoenfelder,"6' 3""",265 lbs.,"76""",Orthodox,"Sep 22, 1997",5,1,0,0.0,0.0,9.86,0.53,0.0,0.0,0.0,0.0
67533c6f7a2ac5f7e09af3c3,fdfef29ba17ee525,Alex Schoenauer,"6' 3""",185 lbs.,,Orthodox,"May 05, 1976",15,10,0,1.22,0.4,2.27,0.42,0.0,0.0,0.22,4.9
67533c6f7a2ac5f7e09af3c5,67c1d46f4ed16f9e,Matt Schnell,"5' 8""",125 lbs.,"70""",Orthodox,"Jan 15, 1990",16,9,0,4.39,0.39,4.64,0.55,0.56,0.4,0.5,1.0
67533c6f7a2ac5f7e09af3c1,d86e913c548c07c2,Bob Schrijber,"6' 0""",240 lbs.,,Orthodox,,20,17,1,0.0,0.0,0.0,0.0,0.0,0.0,0.0,0.0
67533c6f7a2ac5f7e09af3c9,f41fad444939056b,Joe Schilling,"6' 3""",185 lbs.,,,,2,5,0,2.84,0.52,2.64,0.48,0.0,0.0,0.44,0.0
67533c6f7a2ac5f7e09af3c8,89ea01f5a7ada40c,Adam Schindler,"5' 8""",155 lbs.,,,"May 19, 1983",10,6,0,0.0,0.0,0.0,0.0,0.0,0.0,0.0,0.0
67533c6f7a2ac5f7e09af3ca,d5ed14b2153c6ed2,Semmy Schilt,"6' 10""",265 lbs.,,Orthodox,"Oct 27, 1973",26,14,1,1.2,0.5,1.31,0.53,0.0,0.0,0.47,1.1
67533c6f7a2ac5f7e09af3cd,0bc7e61d204f2137,Fabiano Scherner,"6' 3""",257 lbs.,,Orthodox,"Jun 30, 1972",11,10,0,1.31,0.31,3.2,0.38,1.09,0.33,0.4,0.0
67533c6f7a2ac5f7e09af3cb,1208ffc5be6e31ad,Samy Schiavo,"5' 8""",155 lbs.,,Orthodox,"Dec 24, 1975",10,6,0,1.68,0.34,2.62,0.38,0.94,0.5,0.66,0.9
67533c6f7a2ac5f7e09af3cc,de12bd65e2f46478,Pat Schilling,"5' 8""",145 lbs.,,Orthodox,"Aug 28, 1988",5,2,0,1.87,0.26,8.24,0.52,0.0,0.0,0.0,0.0
67533c6f7a2ac5f7e09af3cf,a3244e3238541482,Antonio Schembri,"5' 9""",205 lbs.,,Orthodox,"Jun 01, 1974",5,5,0,0.72,0.26,2.12,0.55,1.31,0.4,0.0,0.4
67533c6f7a2ac5f7e09af3d1,030f08370fd1c2bb,Kerry Schall,"6' 2""",265 lbs.,,Orthodox,"Aug 09, 1971",24,13,0,0.94,0.11,4.84,0.63,0.0,0.0,0.0,0.0
67533c6f7a2ac5f7e09af3d0,89a407032911e27e,Brendan Schaub,"6' 4""",245 lbs.,"78""",Orthodox,"Mar 18, 1983",10,5,0,2.92,0.37,2.22,0.57,2.32,0.46,0.72,0.4
67533c6f7a2ac5f7e09af3d4,f59f1d3a2ff13edd,Eric Schafer,"6' 3""",185 lbs.,"76""",Orthodox,"Sep 20, 1977",14,8,2,1.89,0.34,3.38,0.56,1.81,0.36,0.5,1.8
67533c6f7a2ac5f7e09af3d2,66e981516e2476d1,Eric Schambari,"5' 11""",185 lbs.,,Orthodox,"Apr 22, 1978",15,6,0,1.43,0.42,1.07,0.54,3.0,0.42,0.0,1.0
67533c6f7a2ac5f7e09af3d3,72b7c071910990b1,Brandon Sayles,"6' 5""",265 lbs.,,,"Apr 23, 1981",5,1,0,0.0,0.0,0.0,0.0,0.0,0.0,0.0,0.0
67533c6f7a2ac5f7e09af3d5,771b60ff889661c8,Mark Scanlon,"5' 9""",170 lbs.,,Orthodox,,9,2,0,2.2,0.35,3.33,0.48,3.0,0.75,0.25,2.0
67533c6f7a2ac5f7e09af3da,4fe9492959834bf7,Chad W. Saunders,"5' 10""",170 lbs.,,Orthodox,,7,2,0,0.0,0.0,0.0,0.0,0.0,0.0,0.0,0.0
67533c6f7a2ac5f7e09af3d8,67f0d1b1b0b39bec,Christien Savoie,"5' 11""",170 lbs.,"72""",Orthodox,"Aug 29, 1992",10,2,1,1.39,0.45,6.95,0.23,0.0,0.0,0.12,0.0
67533c6f7a2ac5f7e09af3d9,b35a159f525764eb,Chris Saunders,"5' 8""",155 lbs.,,,"Mar 11, 1986",16,8,0,1.48,0.22,2.96,0.75,3.7,1.0,0.0,0.0
67533c6f7a2ac5f7e09af3d6,5b8ba8f5512893b1,Matt Sayles,"5' 7""",155 lbs.,"68""",Orthodox,"Feb 21, 1994",8,4,0,4.83,0.41,2.81,0.61,0.36,0.16,0.81,0.7
67533c6f7a2ac5f7e09af3d7,402ea3b5ee233852,Lumumba Sayers,"6' 0""",185 lbs.,,,"Jun 30, 1978",6,5,0,2.54,0.41,2.37,0.48,7.63,0.75,0.0,2.5
67533c6f7a2ac5f7e09af3e5,23bd78c3f89bdb54,Kyosuke Sasaki,"5' 7""",183 lbs.,,Southpaw,,3,7,4,0.33,0.45,0.93,0.46,0.0,0.0,0.0,0.0
67533c6f7a2ac5f7e09af3e3,7b143a54451263d9,Paul Sass,"6' 0""",155 lbs.,"73""",Orthodox,"Aug 04, 1988",14,2,0,0.53,0.26,1.9,0.51,0.53,0.16,0.33,7.4
67533c6f7a2ac5f7e09af3e6,7c3c48cf54a2848e,Yuta Sasaki,"5' 10""",125 lbs.,"71""",Southpaw,"Oct 07, 1989",21,6,2,2.16,0.41,2.5,0.5,3.03,0.43,0.41,1.2
67533c6f7a2ac5f7e09af3e4,f4a031ac205ac580,Masaaki Satake,"6' 1""",220 lbs.,,Orthodox,"Aug 17, 1965",1,8,1,1.4,0.35,3.76,0.41,0.0,0.0,0.58,0.0
67533c6f7a2ac5f7e09af3df,f6f9d41669dd3eaa,Jeimeson Saudino,"5' 6""",135 lbs.,,,"Mar 05, 1991",8,5,0,0.66,0.3,0.82,0.84,2.47,0.5,0.0,2.5
67533c6f7a2ac5f7e09af3db,20bd6c3e03c46ee6,Townsend Saunders,"5' 5""",170 lbs.,,Orthodox,,0,2,0,0.0,0.0,0.0,0.0,0.0,0.0,0.0,0.0
67533c6f7a2ac5f7e09af3f5,4cb79988b2a9bd07,Marilia Santos,"5' 4""",125 lbs.,,Orthodox,"Dec 12, 1992",10,3,0,4.4,0.54,4.07,0.53,1.0,1.0,0.66,1.0
67533c6f7a2ac5f7e09af3f3,f2f140ce7532e327,Gabriel Santos,"5' 9""",145 lbs.,"70""",Orthodox,"Nov 28, 1996",11,2,0,4.69,0.59,4.77,0.47,3.44,0.52,0.85,0.8
67533c6f7a2ac5f7e09af3de,484acc7b0f856ce9,Ben Saunders,"6' 2""",170 lbs.,"77""",Orthodox,"Apr 13, 1983",22,13,2,3.23,0.5,3.58,0.51,0.2,0.4,0.66,1.3
67533c6f7a2ac5f7e09af3e2,b7bcf6dfbbb7c16c,Keisuke Sasu,"5' 5""",145 lbs.,"69""",Switch,"Sep 30, 1994",11,3,1,2.76,0.49,2.42,0.48,3.76,0.4,0.61,1.9
67533c6f7a2ac5f7e09af3f9,da1d8d76404bb6b5,Bruno Santos,"5' 9""",185 lbs.,,Orthodox,"Jul 17, 1987",15,2,0,1.18,0.46,2.27,0.56,3.0,0.37,0.66,0.3
67533c6f7a2ac5f7e09af404,4920292f5d9b76df,Will Santiago,"5' 7""",185 lbs.,,Orthodox,"Feb 08, 1983",9,5,0,1.47,0.39,5.53,0.56,1.0,0.5,1.0,0.0
67533c6f7a2ac5f7e09af3e0,8abac218746e04ca,Takashi Sato,"5' 10""",170 lbs.,"73""",Southpaw,"Jun 09, 1990",16,7,0,2.21,0.41,3.73,0.44,0.76,0.37,0.6,0.0
67533c6f7a2ac5f7e09af3fc,9c65736747ca92ec,Leonardo Santos,"6' 0""",155 lbs.,"75""",Orthodox,"Feb 05, 1980",18,7,1,2.82,0.46,3.4,0.54,0.88,0.25,0.86,0.2
67533c6f7a2ac5f7e09af3fd,14aa21bc82cac57d,Iliarde Santos,"5' 5""",125 lbs.,"67""",Orthodox,"Sep 25, 1980",30,13,1,3.0,0.3,6.1,0.57,1.66,0.23,0.83,0.0
67533c6f7a2ac5f7e09af402,012fc7cd0779c09a,Art Santore,"6' 2""",185 lbs.,,,"Oct 26, 1972",18,8,0,1.4,0.12,7.31,0.52,0.0,0.0,1.0,0.0
67533c6f7a2ac5f7e09af3e7,e5c38954c006f15c,Yuki Sasaki,"6' 2""",185 lbs.,,Orthodox,"Sep 12, 1976",25,22,2,1.09,0.43,1.2,0.57,0.43,1.0,0.66,0.0
67533c6f7a2ac5f7e09af3e8,2097b1a5ff47dfb0,Alexander Sarnavskiy,"5' 11""",155 lbs.,,,"Jan 17, 1989",35,6,0,1.43,0.66,2.06,0.42,0.0,0.0,0.75,0.0
67533c6f7a2ac5f7e09af3f1,5078e1dacf9d25f4,Luana Santos,"5' 6""",125 lbs.,"67""",Orthodox,"Apr 16, 2000",8,2,0,4.28,0.51,4.15,0.61,1.62,0.4,0.8,1.2
67533c6f7a2ac5f7e09af3ed,1d147d4163a6989b,Nick Sanzo,"5' 9""",190 lbs.,,,,1,1,0,0.0,0.0,0.0,0.0,0.0,0.0,0.0,0.0
67533c6f7a2ac5f7e09af372,3cf68c1d17f66af7,Siala Siliga,"6' 1""",290 lbs.,,Orthodox,"Oct 08, 1970",12,5,0,1.08,0.26,1.96,0.5,1.47,0.5,0.8,0.0
67533c6f7a2ac5f7e09af3ef,312f7d7b2b2f7de4,Djorden Santos,"6' 0""",185 lbs.,"75""",Orthodox,"Aug 01, 1997",10,1,0,5.67,0.55,2.73,0.52,1.0,0.5,0.86,0.0
67533c6f7a2ac5f7e09af408,39792c2f42c9f527,Sean Santella,"5' 5""",125 lbs.,,,"Oct 25, 1984",17,6,1,0.0,0.0,0.0,0.0,0.0,0.0,0.0,0.0
67533c6f7a2ac5f7e09af3f7,5b5b78116d1fc3eb,Andre Santos,"6' 0""",170 lbs.,,,,38,10,0,2.77,0.34,4.17,0.41,2.5,0.29,0.75,0.0
67533c6f7a2ac5f7e09af3e9,026b4f7049085842,Harris Sarmiento,"5' 9""",155 lbs.,,Orthodox,"Sep 09, 1983",36,26,0,0.84,0.25,3.46,0.36,2.36,0.6,0.57,0.0
67533c6f7a2ac5f7e09af406,bc656db347f31e19,Mike Santiago,"5' 10""",145 lbs.,"69""",Orthodox,"Jul 28, 1989",19,12,0,3.44,0.49,3.58,0.36,2.66,0.5,0.53,1.1
67533c6f7a2ac5f7e09af3dc,36ab6af06e312b41,Tom Sauer,"6' 1""",263 lbs.,,,"Nov 11, 1970",25,12,0,0.0,0.0,0.0,0.0,0.0,0.0,0.0,0.0
67533c6f7a2ac5f7e09af400,99bf06f20491cb54,Evangelista Santos,"5' 10""",170 lbs.,"76""",Orthodox,"Dec 12, 1977",21,18,0,3.94,0.36,6.01,0.49,0.78,1.0,0.5,0.4
67533c6f7a2ac5f7e09af3ea,4f4dac51adc1af4f,Diego Saraiva,"5' 6""",155 lbs.,,Orthodox,"Apr 23, 1982",22,20,1,1.64,0.32,3.58,0.62,1.33,0.4,0.0,0.7
67533c6f7a2ac5f7e09af3e1,276c60b14b571dd4,Takenori Sato,"5' 10""",170 lbs.,,Southpaw,"Jun 08, 1985",19,11,7,0.46,0.33,12.92,0.09,0.0,0.0,0.0,0.0
67533c6f7a2ac5f7e09af3ce,a296ad1d238d97df,Matheus Scheffel,"6' 2""",205 lbs.,"75""",Orthodox,"Nov 04, 1992",14,7,0,1.33,0.36,3.0,0.47,0.0,0.0,1.0,0.0
67533c6f7a2ac5f7e09af3fa,d12ee718fb35c35c,Gleristone Santos,"5' 9""",145 lbs.,,,"Aug 20, 1988",33,7,0,3.4,0.31,4.4,0.64,0.0,0.0,0.75,0.0
67533c6f7a2ac5f7e09af405,9f95d6b5b459cc6b,Richie Santiago,"5' 7""",135 lbs.,"67""",Southpaw,"Oct 10, 1992",7,2,0,3.87,0.49,4.87,0.42,0.0,0.0,0.25,0.0
67533c6f7a2ac5f7e09af3f2,78719f6663ad9160,Edivan Santos,"6' 4""",248 lbs.,"78""",Orthodox,"May 03, 1992",12,3,1,1.55,0.48,7.09,0.26,0.0,0.0,0.25,0.0
67533c6f7a2ac5f7e09af3f4,b67d6bacc68d4c92,Daniel Santos,"5' 7""",135 lbs.,"67""",Orthodox,"Mar 12, 1995",12,2,0,4.26,0.37,5.12,0.5,1.9,0.5,0.73,0.0
67533c6f7a2ac5f7e09af3fe,7701377be464d2ef,Luis Santos,"6' 1""",170 lbs.,,Southpaw,,63,10,1,4.4,0.57,4.0,0.64,0.0,0.0,0.0,0.0
67533c6f7a2ac5f7e09af3f0,480779d7f9a424d3,Mairon Santos,"5' 7""",145 lbs.,"72""",Orthodox,"Jun 10, 2000",15,1,0,4.77,0.46,1.85,0.57,0.0,0.0,0.0,0.0
67533c6f7a2ac5f7e09af409,d6ead04919a894b1,Duda Santana,"5' 7""",145 lbs.,"73""",Orthodox,"Jan 10, 1996",3,1,0,6.01,0.39,2.72,0.73,6.44,0.6,0.0,0.0
67533c6f7a2ac5f7e09af407,f8dc544e7077d014,Jorge Santiago,"6' 1""",170 lbs.,"75""",Orthodox,"Oct 09, 1980",25,12,0,1.69,0.35,2.62,0.56,0.58,0.3,0.52,0.8
67533c6f7a2ac5f7e09af373,d188a3b817860ec6,Steven Siler,"5' 11""",145 lbs.,"70""",Orthodox,"Feb 15, 1987",29,16,0,3.21,0.41,2.96,0.54,0.47,0.21,0.55,1.6
67533c6f7a2ac5f7e09af3ec,7e47047d0971d566,Daniel Sarafian,"5' 9""",185 lbs.,"73""",Orthodox,"Aug 21, 1982",10,6,0,2.23,0.46,3.1,0.58,0.36,0.07,0.53,0.7
67533c6f7a2ac5f7e09af3ee,9f3d6ddef3d3cccc,Bob Sapp,"6' 5""",350 lbs.,,Orthodox,"Sep 22, 1974",11,20,0,3.19,0.55,1.88,0.49,0.58,1.0,0.72,0.0
67533c6f7a2ac5f7e09af3f6,f7467152fd9f18a2,Taila Santos,"5' 6""",125 lbs.,"68""",Orthodox,"Jun 22, 1993",19,3,0,3.39,0.48,2.64,0.58,2.0,0.76,0.86,1.1
67533c6f7a2ac5f7e09af3f8,3143bf892608139a,Yana Santos,"5' 6""",135 lbs.,"68""",Orthodox,"Nov 11, 1989",15,8,0,4.42,0.58,3.12,0.5,0.97,0.53,0.42,0.1
67533c6f7a2ac5f7e09af40b,3143e5daff9e5b71,Jonathan Santa Maria,"5' 9""",125 lbs.,,,,3,4,0,3.6,0.51,2.53,0.74,0.0,0.0,0.8,0.0
67533c6f7a2ac5f7e09af40a,19809d475ed832d5,Shaheen Santana,"6' 1""",155 lbs.,"75""",Orthodox,"Jun 04, 1991",6,1,0,0.82,0.42,1.65,0.4,0.0,0.0,0.0,2.8
67533c6f7a2ac5f7e09af40d,4c12aa7ca246e7a4,Yuhi Sano,"5' 11""",243 lbs.,,Orthodox,"Feb 02, 1965",0,4,0,0.0,0.0,0.0,0.0,0.0,0.0,0.0,0.0
67533c6f7a2ac5f7e09af40c,16a64f93f6678b7b,Martin Sano,"5' 11""",170 lbs.,"75""",Orthodox,"May 30, 1991",4,3,1,4.0,0.33,12.0,0.4,0.0,0.0,0.0,0.0
67533c6f7a2ac5f7e09af40f,29f935654825331b,Chris Sanford,"5' 11""",185 lbs.,,Orthodox,"Mar 12, 1968",5,1,0,0.23,0.5,3.22,0.17,0.0,0.0,0.0,3.5
67533c6f7a2ac5f7e09af410,449c890bd90f3374,Hector Sandoval,"5' 2""",125 lbs.,"64""",Orthodox,"Jul 19, 1986",14,4,0,3.31,0.52,2.33,0.65,3.49,0.25,0.71,1.4
67533c6f7a2ac5f7e09af40e,57887765f831e228,Roldan Sangcha'an,"5' 4""",125 lbs.,,Orthodox,"Dec 04, 1990",4,2,0,2.71,0.46,2.15,0.51,1.94,0.6,0.68,0.0
67533c6f7a2ac5f7e09af41a,ef3663798164adf0,Erick Sanchez,"5' 10""",145 lbs.,,,"Oct 04, 1990",8,3,0,0.0,0.0,0.0,0.0,0.0,0.0,0.0,0.0
67533c6f7a2ac5f7e09af416,96428b9e9bd048ea,Luke Sanders,"5' 6""",135 lbs.,"67""",Southpaw,"Dec 12, 1985",13,5,0,6.61,0.52,4.37,0.5,0.71,0.3,0.72,0.2
67533c6f7a2ac5f7e09af414,12f1b140e248bdb9,Jerrod Sanders,"5' 8""",135 lbs.,"72""",Orthodox,"Oct 01, 1979",16,3,0,0.88,0.64,1.14,0.46,2.2,0.33,0.5,1.6
67533c6f7a2ac5f7e09af415,65f09bacd3957381,Cory Sandhagen,"5' 11""",135 lbs.,"70""",Switch,"Apr 20, 1992",17,5,0,5.02,0.44,3.46,0.56,1.19,0.32,0.63,0.3
67533c6f7a2ac5f7e09af419,243a336eaa2d2eb4,Emmanuel Sanchez,"5' 9""",145 lbs.,"71""",,"Aug 11, 1990",15,3,0,4.45,0.35,4.17,0.55,0.25,0.06,0.16,0.5
67533c6f7a2ac5f7e09af411,696002b59f09d73b,Joseph Sandoval,"5' 7""",135 lbs.,,Southpaw,"May 11, 1986",7,7,0,1.82,0.42,12.12,0.6,0.0,0.0,0.0,0.0
67533c6f7a2ac5f7e09af417,546f8599a63c29da,Robert Sanchez,"5' 6""",125 lbs.,"66""",Orthodox,"Mar 05, 1986",8,2,0,0.96,0.4,1.78,0.46,3.61,0.62,0.5,0.7
67533c6f7a2ac5f7e09af418,59aaf2730b84698a,Jesse Sanders,"6' 0""",170 lbs.,,Orthodox,,23,7,0,0.0,0.0,6.45,0.35,0.0,0.0,0.5,0.0
67533c6f7a2ac5f7e09af41c,fccf811c1e8b01c7,Andrew Sanchez,"6' 1""",185 lbs.,"74""",Orthodox,"Apr 08, 1988",13,7,0,4.3,0.43,5.1,0.5,2.55,0.36,1.0,0.0
67533c6f7a2ac5f7e09af41d,c6da1c24fe473418,Julian Sanchez,"6' 3""",300 lbs.,,Orthodox,,0,1,0,0.0,0.0,0.0,0.0,0.0,0.0,0.0,0.0
67533c6f7a2ac5f7e09af41f,6a0047ac8c99fece,Bobby Sanchez,"5' 7""",155 lbs.,,Orthodox,,10,35,0,0.0,0.0,0.0,1.0,0.0,0.0,1.0,0.0
67533c6f7a2ac5f7e09af42b,a049aa06508b9c7b,Brandon Saling,"5' 10""",170 lbs.,,,"Jan 28, 1986",8,6,0,2.88,0.4,6.08,0.2,0.0,0.0,0.57,0.0
67533c6f7a2ac5f7e09af429,7c0847d3854a95f2,Sean Salmon,"5' 10""",185 lbs.,,Southpaw,"Sep 11, 1977",18,21,0,1.49,0.33,2.03,0.65,4.06,0.5,0.0,0.0
67533c6f7a2ac5f7e09af42a,17734443a833cdf7,Quillan Salkilld,"6' 0""",155 lbs.,"75""",Orthodox,"Dec 28, 1999",7,1,0,5.4,0.55,4.27,0.43,9.0,0.4,1.0,1.0
67533c6f7a2ac5f7e09af426,82e7929bf6c2b689,Diego Sanchez,"5' 10""",170 lbs.,"72""",Southpaw,"Dec 31, 1981",31,13,0,2.69,0.37,3.02,0.56,1.51,0.24,0.46,0.8
67533c6f7a2ac5f7e09af423,b23388ff8ac6637b,Johnny Sampaio,"5' 8""",170 lbs.,,Orthodox,"Sep 11, 1975",3,1,0,1.32,0.4,2.64,0.5,9.89,0.5,0.0,9.9
67533c6f7a2ac5f7e09af427,65cdf4ec31143d86,Vinicius Salvador,"5' 7""",135 lbs.,"70""",Southpaw,"Jul 24, 1996",14,7,0,5.48,0.43,6.5,0.48,0.36,0.11,0.86,0.0
67533c6f7a2ac5f7e09af425,9deff9e3e8d94d47,Josh Samman,"6' 3""",185 lbs.,"79""",Orthodox,"Mar 14, 1988",13,4,0,2.08,0.52,2.47,0.34,1.09,0.33,0.33,0.4
67533c6f7a2ac5f7e09af428,010986ee359fb863,John Salter,"6' 1""",185 lbs.,"74""",Southpaw,"Mar 21, 1985",14,3,0,1.68,0.32,1.68,0.68,2.85,0.46,0.66,0.5
67533c6f7a2ac5f7e09af421,983e281d257c24dc,Josh San Diego,"5' 10""",135 lbs.,,,,8,3,0,0.0,0.0,0.0,0.0,0.0,0.0,0.0,0.0
67533c6f7a2ac5f7e09af433,9b198c73e3d0d289,Justin Salas,"5' 8""",155 lbs.,"70""",Southpaw,"Mar 13, 1982",12,7,0,3.42,0.43,2.96,0.68,2.43,0.2,0.0,0.0
67533c6f7a2ac5f7e09af42f,3e36811b7bc1f6ad,John Salgado,"5' 10""",170 lbs.,,,,4,8,1,0.99,0.5,1.86,0.4,0.0,0.0,0.5,0.0
67533c6f7a2ac5f7e09af420,bb140b121283acbb,Donald Sanchez,"5' 10""",145 lbs.,,,"Aug 18, 1984",31,17,0,0.58,0.5,1.16,0.55,0.0,0.0,0.5,0.0
67533c6f7a2ac5f7e09af430,12e0fdc606f7e274,Luis Saldana,"5' 11""",145 lbs.,"73""",Orthodox,"Jan 27, 1991",16,7,1,5.16,0.5,3.65,0.6,0.64,0.17,0.44,0.2
67533c6f7a2ac5f7e09af434,394f55ebca199124,Ivan Salaverry,"6' 0""",185 lbs.,,Orthodox,"Jan 11, 1971",14,9,0,3.01,0.47,1.19,0.76,0.49,0.18,0.36,2.5
67533c6f7a2ac5f7e09af422,f65dcb22dada2223,Josh Sampo,"5' 4""",125 lbs.,"64""",Orthodox,"Jul 24, 1984",11,5,0,1.99,0.36,2.96,0.55,1.06,0.33,0.4,2.1
67533c6f7a2ac5f7e09af41e,7f0b4a75ef3039a3,Eddie Sanchez,"6' 2""",230 lbs.,"74""",Orthodox,"Nov 04, 1982",15,8,0,3.45,0.43,3.3,0.43,1.13,0.26,0.42,0.0
67533c6f7a2ac5f7e09af42d,74d5f71eeb0c66c7,Gabriel Salinas-Jones,"6' 1""",245 lbs.,,,"Nov 20, 1984",5,2,1,0.0,0.0,0.0,0.0,0.0,0.0,0.0,0.0
67533c6f7a2ac5f7e09af424,a7a3fb5f6c67b122,Dylan Salvador,"5' 9""",155 lbs.,"69""",Southpaw,"May 20, 1993",5,2,0,4.34,0.37,11.57,0.46,0.0,0.0,0.0,0.0
67533c6f7a2ac5f7e09af432,ff9578cdbfabd323,Ryuta Sakurai,"5' 7""",183 lbs.,,Orthodox,,24,24,6,1.8,0.48,3.44,0.58,0.52,1.0,0.36,1.6
67533c6f7a2ac5f7e09af431,72c4b253d2f5ebf2,Roman Salazar,"5' 7""",135 lbs.,,Orthodox,"Feb 21, 1988",10,6,0,1.95,0.39,2.89,0.57,1.77,0.18,0.5,0.0
67533c6f7a2ac5f7e09af41b,b12fc8a41e82d3a2,Joby Sanchez,"5' 6""",135 lbs.,"68""",Orthodox,"Jun 24, 1991",11,4,0,3.22,0.36,2.82,0.63,0.95,0.71,0.51,0.4
67533c6f7a2ac5f7e09af42c,98e946879ba20c0f,Boston Salmon,"5' 9""",135 lbs.,"69""",Southpaw,"Nov 20, 1990",6,3,0,4.13,0.37,7.75,0.59,0.0,0.0,1.0,0.0
67533c6f7a2ac5f7e09af435,85e26e2468b4e82f,Hayato Sakurai,"5' 7""",168 lbs.,,Orthodox,"Aug 24, 1975",38,13,2,2.45,0.49,1.94,0.59,1.87,0.69,0.56,0.3
67533c6f7a2ac5f7e09af42e,447f9858ae78f921,Muslim Salikhov,"5' 11""",170 lbs.,"70""",Orthodox,"Jun 09, 1984",21,5,0,3.38,0.49,2.9,0.62,1.08,0.32,0.72,0.0
67533c6f7a2ac5f7e09af436,4690d47bf725fd98,Gokhan Saki,"6' 0""",205 lbs.,"73""",Orthodox,"Oct 19, 1983",1,2,0,7.09,0.58,4.57,0.53,0.0,0.0,1.0,0.0
67533c6f7a2ac5f7e09af438,7f955f71fa2ce7ac,Alessio Sakara,"6' 0""",185 lbs.,"72""",Orthodox,"Sep 02, 1981",19,11,0,3.96,0.47,2.8,0.59,2.18,0.78,0.62,0.0
67533c6f7a2ac5f7e09af43a,94a5aaf573f780ad,Yukio Sakaguchi,"5' 9""",185 lbs.,,Orthodox,"Jul 26, 1973",6,7,0,0.3,0.25,2.4,0.5,4.5,1.0,0.0,9.0
67533c6f7a2ac5f7e09af439,fb41432b622992a9,Lukasz Sajewski,"5' 8""",155 lbs.,"71""",Orthodox,"Nov 27, 1990",13,3,0,2.06,0.35,3.88,0.57,1.01,0.25,0.66,0.0
67533c6f7a2ac5f7e09af437,d7907a9a968e4d29,Wataru Sakata,"5' 9""",195 lbs.,,Southpaw,"Mar 11, 1973",11,14,0,1.11,0.61,2.08,0.31,0.0,0.0,0.0,0.0
67533c6f7a2ac5f7e09af43b,9b5b5a75523728f3,Kazushi Sakuraba,"6' 0""",185 lbs.,,Southpaw,"Jul 14, 1969",26,17,1,1.26,0.41,2.03,0.51,1.26,0.31,0.48,1.7
67533c6f7a2ac5f7e09af43d,c2299ec916bc7c56,Benoit Saint Denis,"5' 11""",155 lbs.,"73""",Southpaw,"Dec 18, 1995",13,3,0,5.17,0.53,4.98,0.41,3.97,0.37,0.68,1.2
67533c6f7a2ac5f7e09af43c,441eacbe20e0e80b,Augusto Sakai,"6' 3""",265 lbs.,"77""",Orthodox,"May 09, 1991",16,5,1,4.6,0.49,3.83,0.48,0.23,0.4,0.56,0.0
67533c6f7a2ac5f7e09af43e,cc4e571964b084d4,Tatsuya Saika,"6' 0""",155 lbs.,"73""",Orthodox,"Sep 18, 1990",11,5,0,6.67,0.44,9.91,0.43,0.0,0.0,0.66,0.0
67533c6f7a2ac5f7e09af440,50db8711c70196cd,Ovince Saint Preux,"6' 3""",205 lbs.,"80""",Southpaw,"Apr 08, 1983",27,18,0,3.03,0.47,3.33,0.47,1.09,0.36,0.67,0.5
67533c6f7a2ac5f7e09af43f,296a120cb880477b,Kiru Sahota,"5' 10""",125 lbs.,"73""",Orthodox,"May 28, 1995",12,3,0,4.05,0.52,2.64,0.41,0.92,0.33,0.5,0.5
67533c6f7a2ac5f7e09af443,88d7b6d8230e1f3f,Saparbeg Safarov,"6' 1""",185 lbs.,"78""",Orthodox,"Oct 14, 1986",9,3,0,4.03,0.48,2.96,0.47,2.52,0.41,0.33,0.0
67533c6f7a2ac5f7e09af441,4ac1ecf8ce59ef23,Jason Saggo,"5' 11""",155 lbs.,"71""",Orthodox,"Nov 23, 1985",12,4,0,2.5,0.39,2.94,0.52,2.33,0.4,0.23,0.0
67533c6f7a2ac5f7e09af444,0749d968e932df53,Tarec Saffiedine,"5' 10""",170 lbs.,"70""",Switch,"Sep 06, 1986",16,7,0,4.05,0.47,3.06,0.62,0.52,0.36,0.84,0.1
67533c6f7a2ac5f7e09af442,9ba2226646046b63,Frankie Saenz,"5' 6""",135 lbs.,"66""",Orthodox,"Aug 12, 1980",13,7,0,3.94,0.47,3.5,0.52,1.74,0.31,0.61,0.1
67533c6f7a2ac5f7e09af446,2650e2f846a30f64,Amir Sadollah,"5' 10""",170 lbs.,"75""",Orthodox,"Aug 27, 1980",6,5,0,4.71,0.46,3.55,0.6,0.57,0.27,0.6,0.3
67533c6f7a2ac5f7e09af44a,4fd140eea593526e,Pat Pytlik,"6' 0""",170 lbs.,"73""",Orthodox,"Apr 24, 1989",9,2,0,3.12,0.56,4.56,0.22,0.0,0.0,0.33,0.0
67533c6f7a2ac5f7e09af447,b8bbdeff718dbb7d,Pat Sabatini,"5' 8""",145 lbs.,"70""",Orthodox,"Nov 09, 1990",19,5,0,1.94,0.59,1.47,0.48,3.97,0.44,0.5,2.0
67533c6f7a2ac5f7e09af44e,a8c9d16fe2a14d72,CM Punk,"6' 1""",170 lbs.,"73""",Orthodox,"Oct 26, 1978",0,1,0,1.1,0.23,4.87,0.4,0.87,0.11,0.0,0.0
67533c6f7a2ac5f7e09af445,ff62013d2fce6d13,Nazim Sadykhov,"5' 10""",155 lbs.,"69""",Southpaw,"May 16, 1994",9,1,1,4.94,0.48,5.72,0.48,1.71,0.62,0.75,0.3
67533c6f7a2ac5f7e09af448,cb7ee07982de2a28,Danny Sabatello,"5' 10""",135 lbs.,"71""",Orthodox,"Mar 31, 1993",9,1,0,2.07,0.57,0.2,0.25,3.0,0.75,1.0,1.0
67533c6f7a2ac5f7e09af44c,3c8a5200436e19f3,Cameron Saaiman,"5' 8""",135 lbs.,"67""",Southpaw,"Dec 20, 2000",9,2,0,5.32,0.46,4.18,0.51,0.91,0.28,0.47,0.7
67533c6f7a2ac5f7e09af44d,f5990c11974d8e9c,Mike Pyle,"6' 0""",170 lbs.,"74""",Orthodox,"Sep 18, 1975",27,14,1,2.74,0.45,2.84,0.6,1.8,0.35,0.7,1.5
67533c6f7a2ac5f7e09af457,d747eb273a40a920,Claudio Puelles,"5' 10""",155 lbs.,"72""",Southpaw,"Apr 21, 1996",13,4,0,1.56,0.49,2.78,0.46,3.17,0.36,0.6,1.2
67533c6f7a2ac5f7e09af453,85d0fafb8b75d634,Juan Manuel Puig,"5' 9""",145 lbs.,,Orthodox,"Apr 23, 1989",11,4,0,4.91,0.23,7.17,0.51,0.0,0.0,0.0,0.0
67533c6f7a2ac5f7e09af458,3cf66c62d9069f43,Lucie Pudilova,"5' 8""",125 lbs.,"67""",Orthodox,"Jun 13, 1994",14,10,0,3.6,0.37,4.07,0.5,0.7,0.31,0.67,0.6
67533c6f7a2ac5f7e09af44b,b1669a810fae4220,Yusup Saadulaev,"5' 6""",135 lbs.,,,"Mar 31, 1985",16,4,1,0.57,0.45,0.96,0.66,5.73,0.6,0.0,1.0
67533c6f7a2ac5f7e09af47d,9756095cb76b67c3,Dmitry Poberezhets,"6' 3""",237 lbs.,,,"Jun 11, 1985",24,5,1,0.0,0.0,0.0,0.0,0.0,0.0,0.0,0.0
67533c6f7a2ac5f7e09af47b,7215953cd5c6254d,Ross Pointon,"5' 8""",170 lbs.,,Orthodox,"Feb 18, 1980",6,17,0,2.62,0.23,2.77,0.58,1.19,1.0,0.0,0.0
67533c6f7a2ac5f7e09af464,ee4b670e159f4a33,Dorian Price,"6' 3""",170 lbs.,,Southpaw,"Aug 20, 1977",8,5,0,0.0,0.0,0.0,0.0,0.0,0.0,0.0,0.0
67533c6f7a2ac5f7e09af45a,a36556bb1565e32d,Joe Proctor,"5' 10""",155 lbs.,"72""",Orthodox,"Aug 10, 1985",11,5,0,3.39,0.36,3.93,0.59,0.0,0.0,0.7,1.8
67533c6f7a2ac5f7e09af455,6cf2352cdb3de59d,Bubba Pugh,"5' 10""",185 lbs.,,,,3,3,0,2.87,0.67,2.6,0.23,4.0,0.57,0.8,0.0
67533c6f7a2ac5f7e09af47a,53278852bcd91e11,Igor Pokrajac,"6' 0""",205 lbs.,"74""",Orthodox,"Jan 02, 1979",28,13,0,2.25,0.45,4.26,0.4,0.87,0.29,0.51,0.2
67533c6f7a2ac5f7e09af44f,c1085e1701b13eca,Joe Pyfer,"6' 2""",185 lbs.,"75""",Orthodox,"Sep 17, 1996",13,3,0,3.72,0.41,3.48,0.51,1.45,0.41,0.5,0.9
67533c6f7a2ac5f7e09af450,22e07d3da1aa3475,Andrey Pulyaev,"6' 4""",185 lbs.,"78""",Southpaw,"Sep 10, 1997",9,2,0,6.53,0.68,3.0,0.47,1.0,0.5,0.8,0.0
67533c6f7a2ac5f7e09af45f,0597a4528ebd1307,Chris Price,"6' 2""",185 lbs.,,Southpaw,"Nov 09, 1982",19,4,0,1.44,0.66,2.59,0.48,0.0,0.0,0.33,2.2
67533c6f7a2ac5f7e09af467,4f853e98886283cf,Carlo Prater,"5' 11""",155 lbs.,"72""",Switch,"Jun 25, 1981",31,18,1,2.03,0.47,4.07,0.35,0.43,0.09,0.57,1.7
67533c6f7a2ac5f7e09af46f,61e47575b24a06bf,Dylan Potter,"6' 2""",225 lbs.,"77""",Switch,"Jan 14, 1995",10,6,0,3.1,0.48,5.78,0.46,0.0,0.0,0.33,1.1
67533c6f7a2ac5f7e09af46d,065eb44700e641a4,Devin Powell,"6' 0""",155 lbs.,"73""",Orthodox,"Mar 01, 1988",9,4,0,2.88,0.41,3.67,0.51,0.0,0.0,0.0,0.6
67533c6f7a2ac5f7e09af461,d8da10db80131bec,Niko Price,"6' 0""",170 lbs.,"76""",Orthodox,"Sep 29, 1989",16,8,0,5.21,0.42,5.58,0.48,1.04,0.29,0.52,0.7
67533c6f7a2ac5f7e09af474,d3fa5c5955397532,Grigory Popov,"5' 7""",135 lbs.,"68""",Switch,"Apr 18, 1984",13,3,0,3.63,0.37,4.2,0.55,0.0,0.0,0.45,0.0
67533c6f7a2ac5f7e09af465,e51fcd9cd84c0b93,Michel Prazeres,"5' 6""",170 lbs.,"67""",Orthodox,"Jul 25, 1981",26,4,0,2.38,0.47,2.51,0.57,3.94,0.36,0.47,0.6
67533c6f7a2ac5f7e09af469,f5ff7bcdcfeba3ad,Trevor Prangley,"6' 1""",185 lbs.,"75""",Orthodox,"Aug 24, 1972",34,11,2,2.59,0.6,2.02,0.48,3.38,0.55,0.74,1.0
67533c6f7a2ac5f7e09af468,b51d0ed3782a1bf5,Ricardo Prasel,"6' 7""",238 lbs.,"78""",Orthodox,"Jun 02, 1990",10,2,0,2.21,0.57,7.83,0.37,0.0,0.0,0.0,0.0
67533c6f7a2ac5f7e09af47f,c549573c0df4d676,Maki Pitolo,"5' 10""",185 lbs.,"75""",Orthodox,"Nov 24, 1990",13,9,0,4.1,0.44,3.93,0.55,2.24,0.52,0.5,0.8
67533c6f7a2ac5f7e09af45b,2a470ad41c22c25a,Cole Province,"5' 9""",145 lbs.,"68""",Orthodox,"Jan 17, 1981",6,2,0,1.47,0.44,2.72,0.43,2.4,0.5,0.83,1.0
67533c6f7a2ac5f7e09af451,16867810070dc520,Josh Pulsifer,"5' 10""",145 lbs.,,,"Mar 16, 1983",17,8,0,0.0,0.0,0.0,0.0,0.0,0.0,0.0,0.0
67533c6f7a2ac5f7e09af460,5114f1b5ad4cdf72,Shane Primm,"6' 3""",205 lbs.,,Orthodox,"Jul 30, 1984",5,5,0,0.83,0.26,2.25,0.62,1.78,0.2,0.0,0.0
67533c6f7a2ac5f7e09af3eb,57186c150c645200,Jeka Saragih,"5' 8""",145 lbs.,"69""",Orthodox,"Jan 01, 1995",14,4,0,2.73,0.5,2.65,0.41,2.21,0.8,0.66,0.6
67533c6f7a2ac5f7e09af46e,7e208569469c8bc8,Ruan Potts,"6' 2""",247 lbs.,"75""",Orthodox,"Feb 23, 1978",11,6,0,0.85,0.37,5.92,0.22,0.75,0.16,0.33,2.3
67533c6f7a2ac5f7e09af47e,8765559b6a29a421,Gaetano Pirrello,"5' 7""",135 lbs.,"65""",Orthodox,"Apr 29, 1992",15,7,1,0.99,0.55,2.44,0.42,0.0,0.0,0.3,0.0
67533c6f7a2ac5f7e09af472,ac40f7e3cbecdda4,Parker Porter,"6' 0""",265 lbs.,"75""",Orthodox,"Apr 22, 1985",14,9,0,6.55,0.5,6.32,0.51,1.35,0.26,0.66,0.5
67533c6f7a2ac5f7e09af46c,3920d0cc288f9b0d,Francisco Prado,"5' 10""",155 lbs.,"69""",Orthodox,"Jun 16, 2002",12,2,0,4.58,0.41,5.66,0.52,0.0,0.0,0.25,0.4
67533c6f7a2ac5f7e09af473,56bf3ed155bd0fcd,Alexander Poppeck,"6' 2""",205 lbs.,,Orthodox,"Apr 06, 1992",9,3,0,4.01,0.57,9.81,0.33,0.0,0.0,0.0,0.0
67533c6f7a2ac5f7e09af452,308279bd246c211f,Hugh Pulley,"6' 0""",155 lbs.,,,,6,3,0,4.47,0.63,3.27,0.57,4.0,0.66,0.69,0.0
67533c6f7a2ac5f7e09af454,44260175069b6276,Jens Pulver,"5' 7""",145 lbs.,"70""",Southpaw,"Dec 06, 1974",27,19,1,2.12,0.37,3.13,0.56,0.22,0.33,0.63,0.3
67533c6f7a2ac5f7e09af466,6597b611f1c32555,Philip Preece,"5' 8""",205 lbs.,,Orthodox,,10,14,0,0.8,0.72,0.7,0.63,0.0,0.0,0.0,0.0
67533c6f7a2ac5f7e09af479,abb68e3c7ca128f2,Julia Polastri,"5' 2""",115 lbs.,"63""",Orthodox,"Mar 05, 1998",13,4,0,5.57,0.54,5.31,0.58,1.11,0.8,0.61,0.6
67533c6f7a2ac5f7e09af46b,6370c1c1e12723d5,Marcin Prachnio,"6' 3""",205 lbs.,"74""",Orthodox,"Jul 14, 1988",17,8,0,5.57,0.54,3.24,0.54,0.15,0.2,0.53,0.0
67533c6f7a2ac5f7e09af46a,7f6ef4e1227600bc,Wagner Prado,"6' 0""",205 lbs.,"74""",Southpaw,"Dec 30, 1986",12,3,0,1.72,0.4,3.06,0.5,0.0,0.0,0.22,0.0
67533c6f7a2ac5f7e09af459,66e0a70352fef46a,Daniel Puder,"6' 3""",235 lbs.,,Orthodox,"Oct 09, 1981",8,0,0,2.77,0.68,1.17,0.38,1.21,0.5,0.81,9.0
67533c6f7a2ac5f7e09af475,6d1bffff14897645,Santiago Ponzinibbio,"6' 0""",170 lbs.,"73""",Orthodox,"Sep 26, 1986",30,8,0,4.74,0.41,4.55,0.61,0.59,0.32,0.66,0.0
67533c6f7a2ac5f7e09af470,8fc9ae9c7527dfcb,Callan Potter,"6' 0""",170 lbs.,"72""",Orthodox,"Jun 09, 1984",18,9,0,3.18,0.5,4.72,0.58,3.29,0.66,1.0,0.0
67533c6f7a2ac5f7e09af45d,009341ed974bad72,Jiri Prochazka,"6' 3""",205 lbs.,"80""",Orthodox,"Oct 14, 1992",30,5,1,5.38,0.55,5.59,0.39,0.72,0.6,0.68,0.2
67533c6f7a2ac5f7e09af456,fdba548aff9763d9,Juan Puerta,"5' 9""",125 lbs.,"71""",Southpaw,"Jan 20, 1988",23,6,0,1.27,0.39,1.27,0.67,1.0,1.0,0.0,0.0
67533c6f7a2ac5f7e09af3fb,dea070ed4a2a8281,Thiago Santos,"6' 2""",205 lbs.,"76""",Orthodox,"Jan 07, 1984",22,11,0,3.72,0.48,2.57,0.53,0.88,0.33,0.65,0.1
67533c6f7a2ac5f7e09af45e,46caf130099206cd,Brent Primus,"5' 10""",155 lbs.,,,"Apr 12, 1985",8,0,0,1.73,0.39,2.27,0.59,5.0,0.38,0.0,2.0
67533c6f7a2ac5f7e09af477,b18fb36a4aa00093,John Polakowski,"5' 10""",155 lbs.,,Orthodox,"Jun 21, 1981",2,2,0,2.6,0.26,2.83,0.5,0.0,0.0,0.87,0.7
67533c6f7a2ac5f7e09af478,3bb030257966b022,Mike Polchlopek,"6' 4""",285 lbs.,,Orthodox,"Dec 27, 1965",1,1,0,2.0,0.38,1.33,0.57,0.0,0.0,0.0,0.0
67533c6f7a2ac5f7e09af45c,e99821959a840bb8,Lara Procopio,"5' 4""",125 lbs.,"67""",Orthodox,"Nov 14, 1995",7,2,0,5.64,0.58,6.5,0.47,3.15,0.47,0.5,0.3
67533c6f7a2ac5f7e09af47c,029eaff01e6bb8f0,Dustin Poirier,"5' 9""",155 lbs.,"72""",Southpaw,"Jan 19, 1989",30,9,0,5.3,0.5,4.33,0.52,1.24,0.36,0.64,1.3
67533c6f7a2ac5f7e09af480,f41b9f5efc7162d6,Jamal Pogues,"6' 3""",205 lbs.,"77""",Orthodox,"Dec 01, 1995",11,4,0,3.36,0.44,4.17,0.5,2.4,0.48,0.77,0.0
67533c6f7a2ac5f7e09af481,39d309957c5c210d,Mario Pinto,"6' 5""",265 lbs.,"79""",Orthodox,"Mar 14, 1998",9,0,0,8.16,0.93,4.08,0.61,0.0,0.0,0.0,0.0
67533c6f7a2ac5f7e09af482,a3a542074109b347,Luana Pinheiro,"5' 2""",115 lbs.,"62""",Orthodox,"Nov 18, 1992",11,4,0,3.42,0.4,4.03,0.61,1.8,0.33,0.69,0.2
67533c6f7a2ac5f7e09af483,7826923b47f8d72a,Paddy Pimblett,"5' 10""",155 lbs.,"73""",Orthodox,"Jan 03, 1995",22,3,0,4.94,0.53,3.75,0.4,0.91,0.25,0.52,2.1
67533c6f7a2ac5f7e09af484,31bbd39c0a075d4e,Pingyuan Liu,"5' 6""",135 lbs.,"72""",Orthodox,"Feb 13, 1993",13,7,0,2.36,0.33,2.99,0.54,0.25,0.2,0.56,1.0
67533c6f7a2ac5f7e09af485,361d49960a196976,Daniel Pineda,"5' 7""",145 lbs.,"69""",Orthodox,"Aug 06, 1985",28,17,0,2.85,0.49,3.26,0.45,1.42,0.24,0.54,1.5
67533c6f7a2ac5f7e09af486,25af5e832f17b474,Jesus Pinedo,"5' 10""",155 lbs.,,Southpaw,"Jun 22, 1996",16,5,1,3.23,0.38,4.37,0.52,2.5,1.0,1.0,0.0
67533c6f7a2ac5f7e09af487,4bf6b225ff6099c4,Domingo Pilarte,"6' 0""",135 lbs.,"73""",Southpaw,"Jan 05, 1990",8,3,0,1.31,0.47,2.96,0.4,1.2,0.42,0.54,0.8
67533c6f7a2ac5f7e09af488,1c7308d2957a12d2,Jonathan Piersma,"5' 11""",170 lbs.,"73""",Orthodox,"Mar 03, 1996",9,3,0,0.4,0.42,0.87,0.31,0.0,0.0,0.36,3.0
67533c6f7a2ac5f7e09af48c,df7d386a54e07446,Nick Piedmont,"5' 10""",145 lbs.,,,,12,7,1,0.0,0.0,0.0,0.0,0.0,0.0,0.0,0.0
67533c6f7a2ac5f7e09af48b,236a37d96d476164,Mike Pierce,"5' 8""",170 lbs.,"71""",Orthodox,"Sep 01, 1980",17,7,0,2.62,0.42,2.36,0.62,3.08,0.42,0.71,0.2
67533c6f7a2ac5f7e09af489,9a967e8e43dcef63,Joao Pierini,"6' 1""",155 lbs.,,Switch,"Dec 11, 1971",4,1,0,0.76,0.14,4.56,0.33,0.0,0.0,0.0,0.0
67533c6f7a2ac5f7e09af48a,0d506315895efffc,Sean Pierson,"6' 0""",170 lbs.,"76""",Southpaw,"Mar 10, 1976",14,6,0,3.84,0.39,3.73,0.64,0.39,0.18,0.66,0.4
67533c6f7a2ac5f7e09af48e,1cf7ccf64a5bf24e,Oskar Piechota,"6' 0""",185 lbs.,"76""",Southpaw,"Jan 24, 1990",11,3,1,3.3,0.52,3.93,0.51,0.61,0.4,0.38,1.5
67533c6f7a2ac5f7e09af496,60425d07ef4b91a7,Kyler Phillips,"5' 8""",135 lbs.,"72""",Orthodox,"Jun 12, 1995",12,3,0,5.28,0.44,3.47,0.6,2.63,0.51,0.75,0.4
67533c6f7a2ac5f7e09af492,a5cb1c29461853ca,Nick Piccininni,"5' 6""",125 lbs.,"66""",Orthodox,"Dec 16, 1996",7,1,0,3.2,0.43,6.03,0.42,8.0,0.44,1.0,0.0
67533c6f7a2ac5f7e09af491,c77a953488e5607d,Vinc Pichel,"5' 10""",155 lbs.,"72""",Orthodox,"Nov 23, 1982",14,4,0,3.62,0.46,3.05,0.55,2.78,0.54,0.25,0.2
67533c6f7a2ac5f7e09af497,e9ac7bfb65c25497,John Phillips,"5' 11""",185 lbs.,"75""",Southpaw,"Jun 09, 1985",22,11,0,1.72,0.34,4.03,0.49,0.0,0.0,0.07,0.0
67533c6f7a2ac5f7e09af498,34c2b3656f88f7ef,Aaron Phillips,"5' 9""",135 lbs.,"71""",Southpaw,"Aug 05, 1989",12,5,0,1.51,0.53,3.66,0.43,0.86,0.5,0.44,0.6
67533c6f7a2ac5f7e09af493,7922e8269adcc25a,Nick Pica,"5' 10""",185 lbs.,,,,5,1,0,0.0,0.0,0.0,0.0,0.0,0.0,0.0,0.0
67533c6f7a2ac5f7e09af494,c945adc22c2bfe8f,Brad Pickett,"5' 6""",135 lbs.,"68""",Orthodox,"Sep 24, 1978",25,14,0,3.02,0.31,4.63,0.55,2.47,0.44,0.58,0.4
67533c6f7a2ac5f7e09af495,44f234a36324e6c8,Mario Piazzon,"5' 9""",265 lbs.,"73""",Orthodox,"Apr 06, 1998",8,0,0,1.35,0.73,1.16,0.4,18.87,0.5,0.5,0.0
67533c6f7a2ac5f7e09af48f,fa399f7f6e17f7f5,Adam Piccolotti,"5' 11""",155 lbs.,,,"Oct 23, 1988",9,0,0,4.61,0.5,2.83,0.71,2.96,0.6,1.0,3.0
67533c6f7a2ac5f7e09af499,dcbf01d605681ad1,Elizabeth Phillips,"5' 6""",135 lbs.,"65""",Orthodox,"Aug 20, 1986",6,6,0,2.6,0.33,3.07,0.58,0.75,0.25,0.53,0.2
67533c6f7a2ac5f7e09af490,830f60497fab345a,Jamie Pickett,"6' 2""",185 lbs.,"80""",Orthodox,"Aug 29, 1988",13,11,0,2.65,0.47,3.62,0.5,1.26,0.4,0.67,0.1
67533c6f7a2ac5f7e09af49b,99020eeb8cd5689d,Dave Phillips,"6' 0""",185 lbs.,,Orthodox,"Jan 12, 1980",13,7,0,0.0,0.0,2.0,0.25,0.0,0.0,0.0,10.0
67533c6f7a2ac5f7e09af4a0,de75d1c45a39e221,Sergio Pettis,"5' 6""",125 lbs.,"69""",Orthodox,"Aug 18, 1993",18,5,0,3.88,0.37,2.91,0.65,0.85,0.4,0.67,0.4
67533c6f7a2ac5f7e09af49e,80dbeb1dd5b53e64,Nam Phan,"5' 6""",135 lbs.,"70""",Orthodox,"Mar 13, 1983",21,17,0,4.52,0.37,6.55,0.59,0.18,0.18,0.6,0.2
67533c6f7a2ac5f7e09af49c,5904b0b38dc6718d,Cody Pfister,"5' 10""",155 lbs.,"73""",Orthodox,"Jul 12, 1990",13,6,1,1.41,0.25,2.8,0.51,2.82,0.3,0.0,0.0
67533c6f7a2ac5f7e09af49d,05560764359161e4,Constantinos Philippou,"5' 11""",185 lbs.,"73""",Orthodox,"Nov 29, 1979",13,5,0,2.19,0.35,2.73,0.54,0.4,0.42,0.65,0.3
67533c6f7a2ac5f7e09af4a1,7ea5d60d2e6a8ad0,Peter Petties,"5' 11""",145 lbs.,"72""",Southpaw,"Dec 20, 1990",5,3,0,2.61,0.29,8.24,0.48,0.0,0.0,0.0,0.0
67533c6f7a2ac5f7e09af4aa,b93c06d09d1c4ac0,Steven Peterson,"5' 10""",145 lbs.,"70""",Orthodox,"May 29, 1990",19,11,0,4.76,0.4,5.94,0.53,1.42,0.26,0.64,0.7
67533c6f7a2ac5f7e09af4a4,38c5817ade8a8014,Ivana Petrovic,"5' 8""",125 lbs.,"70""",Southpaw,"Jun 11, 1994",7,2,0,2.0,0.39,2.27,0.55,2.53,0.43,0.55,1.1
67533c6f7a2ac5f7e09af4a9,5df10509264586e5,Cory Peterson,"6' 11""",400 lbs.,,Orthodox,,2,1,0,2.17,0.6,6.51,0.4,0.0,0.0,0.0,0.0
67533c6f7a2ac5f7e09af4a2,e86bc32f5997a8f7,Forrest Petz,"5' 9""",170 lbs.,"71""",Orthodox,"Sep 22, 1975",26,10,0,2.27,0.29,2.2,0.57,1.3,1.0,0.66,0.0
67533c6f7a2ac5f7e09af4a8,71171fc96445bf65,Vitor Petrino,"6' 2""",205 lbs.,"77""",Orthodox,"Aug 28, 1997",11,1,0,2.82,0.45,2.58,0.45,3.98,0.66,0.71,0.8
67533c6f7a2ac5f7e09af4ad,f3743d8ef5dde970,Leiticia Pestova,"5' 6""",135 lbs.,,Orthodox,"Jan 15, 1984",0,2,0,0.0,0.0,24.62,0.44,0.0,0.0,0.0,0.0
67533c6f7a2ac5f7e09af4a3,cbb682f5fcc44bfc,Anthony Pettis,"5' 10""",155 lbs.,"72""",Orthodox,"Jan 27, 1987",24,10,0,3.05,0.47,3.44,0.54,0.61,0.5,0.6,1.1
67533c6f7a2ac5f7e09af4ac,c61f66d8c3fd5f07,Tony Petarra,"5' 11""",196 lbs.,,Orthodox,,2,3,1,0.0,0.0,0.0,0.0,0.0,0.0,0.0,0.0
67533c6f7a2ac5f7e09af4a7,5f61780fe5e9b6d0,Andre Petroski,"6' 0""",185 lbs.,"73""",Switch,"Jun 12, 1991",12,4,0,2.77,0.5,2.46,0.52,3.91,0.56,0.8,1.7
67533c6f7a2ac5f7e09af4a5,369ea36e450ae62a,Armen Petrosyan,"6' 3""",185 lbs.,"71""",Orthodox,"Nov 03, 1990",9,4,0,5.95,0.52,3.36,0.53,0.19,0.33,0.31,0.0
67533c6f7a2ac5f7e09af4a6,93b9496275bbbf80,Seth Petruzelli,"6' 0""",205 lbs.,"76""",Orthodox,"Dec 03, 1979",14,8,0,2.17,0.41,2.08,0.55,0.46,0.5,0.47,2.3
67533c6f7a2ac5f7e09af4ae,764d39074a352e33,Thomas Petersen,"6' 1""",264 lbs.,"74""",Southpaw,"Mar 30, 1995",9,2,0,4.32,0.61,3.96,0.57,2.49,0.42,1.0,0.4
67533c6f7a2ac5f7e09af4af,f2b6fdb20675b11c,Mike Perry,"5' 10""",170 lbs.,"71""",Orthodox,"Sep 15, 1991",14,8,0,4.32,0.47,5.16,0.52,0.81,0.4,0.78,0.2
67533c6f7a2ac5f7e09af4b0,202b0467521c9d6f,Viktor Pesta,"6' 3""",240 lbs.,"77""",Orthodox,"Jul 15, 1990",10,4,0,1.58,0.36,2.54,0.56,3.29,0.28,1.0,0.0
67533c6f7a2ac5f7e09af4b2,575360be653ad6a6,Hernani Perpetuo,"6' 0""",170 lbs.,,Orthodox,"May 24, 1985",18,5,0,2.73,0.29,4.37,0.55,0.0,0.0,0.37,0.5
67533c6f7a2ac5f7e09af4b1,41f90012b86a11bf,Raphael Pessoa,"6' 3""",262 lbs.,"78""",Orthodox,"Mar 09, 1989",10,2,0,2.16,0.26,3.43,0.42,0.0,0.0,1.0,0.0
67533c6f7a2ac5f7e09af4b3,01fed6f61ebea01f,Jay Perrin,"5' 7""",135 lbs.,"67""",Switch,"Jun 15, 1993",10,7,0,3.71,0.46,3.9,0.44,2.83,0.52,0.58,0.0
67533c6f7a2ac5f7e09af4b4,c1a5d3843596df92,Thiago Perpetuo,"5' 10""",170 lbs.,,Orthodox,"Dec 14, 1987",9,4,1,5.39,0.69,3.51,0.51,2.82,0.5,0.66,0.0
67533c6f7a2ac5f7e09af4b7,4b4753d19489297f,Anthony Perosh,"6' 3""",205 lbs.,"75""",Orthodox,"Oct 05, 1972",15,10,0,2.27,0.43,3.77,0.53,2.03,0.22,0.33,1.1
67533c6f7a2ac5f7e09af4b8,ab2b4ff41d6ebe0f,Alex Perez,"5' 6""",125 lbs.,"65""",Orthodox,"Mar 21, 1992",25,9,0,4.19,0.46,3.2,0.58,2.04,0.46,0.77,0.8
67533c6f7a2ac5f7e09af4b5,2ac4628c08ec5125,Markus Perez,"6' 1""",185 lbs.,"73""",Orthodox,"Jun 22, 1988",12,5,0,2.6,0.47,3.72,0.52,0.81,0.25,0.77,1.0
67533c6f7a2ac5f7e09af4b9,96c336b463e0662c,Frankie Perez,"5' 11""",155 lbs.,"73""",Orthodox,"May 11, 1989",10,4,0,1.64,0.41,2.17,0.54,1.75,0.41,0.5,0.3
67533c6f7a2ac5f7e09af4b6,06e4245d16fc5315,Ailin Perez,"5' 5""",135 lbs.,"66""",Switch,"Oct 05, 1994",11,2,0,2.84,0.58,1.34,0.57,5.36,0.51,0.66,0.3
67533c6f7a2ac5f7e09af4bc,eee8efec7b951d84,Philip Perez,"5' 5""",155 lbs.,,Southpaw,,7,5,1,1.36,1.0,0.68,0.66,10.23,1.0,0.0,10.2
67533c6f7a2ac5f7e09af4bb,80daefbed11ce998,Alejandro Perez,"5' 6""",135 lbs.,"67""",Orthodox,"Sep 02, 1989",23,9,1,3.45,0.35,3.18,0.61,0.54,0.22,0.7,0.3
67533c6f7a2ac5f7e09af4bf,e5549c82bfb5582d,Alex Pereira,"6' 4""",205 lbs.,"79""",Orthodox,"Jul 07, 1987",12,2,0,5.46,0.63,3.44,0.55,0.14,1.0,0.7,0.3
67533c6f7a2ac5f7e09af4bd,af62f99eb7606308,Erik Perez,"5' 8""",135 lbs.,"68""",Orthodox,"Nov 19, 1989",17,6,0,3.16,0.4,2.09,0.66,3.16,0.55,0.69,0.2
67533c6f7a2ac5f7e09af4be,44f46b0592ca0814,Daniel Pereira,"5' 10""",185 lbs.,,,"Dec 13, 1990",9,2,0,0.0,0.0,0.0,0.0,0.0,0.0,0.0,0.0
67533c6f7a2ac5f7e09af4c3,9a70f67ad2187fa3,Ray Perales,"5' 10""",170 lbs.,,Orthodox,,13,22,0,0.18,0.25,2.39,0.32,0.0,0.0,0.33,0.0
67533c6f7a2ac5f7e09af4c7,fa37628269132d1a,Godofredo Pepey,"5' 7""",145 lbs.,"73""",Orthodox,"Jul 02, 1987",13,6,0,2.32,0.38,3.23,0.47,0.37,0.07,0.35,1.5
67533c6f7a2ac5f7e09af4c4,d50382dc0565a9e1,Viviane Pereira,"5' 1""",115 lbs.,"63""",Orthodox,"Aug 28, 1993",13,2,0,2.7,0.3,4.48,0.58,0.25,1.0,0.28,0.2
67533c6f7a2ac5f7e09af4c6,a2ac473d74eb157c,Jerron Peoples,"6' 0""",170 lbs.,,,"May 04, 1982",4,3,0,0.0,0.0,0.0,0.0,0.0,0.0,0.0,0.0
67533c6f7a2ac5f7e09af4c1,595db60957de51d3,Michel Pereira,"6' 1""",185 lbs.,"73""",Orthodox,"Oct 06, 1993",31,12,0,4.46,0.53,4.23,0.52,1.27,0.52,0.76,0.8
67533c6f7a2ac5f7e09af4c5,960d6cae8879ba2b,Robert Peralta,"5' 8""",145 lbs.,"71""",Orthodox,"Mar 14, 1986",18,8,0,3.76,0.44,2.97,0.53,0.59,0.66,0.65,0.0
67533c6f7a2ac5f7e09af4ed,eafedba0617ced81,Russell Patrick,"5' 9""",145 lbs.,,,,6,4,0,0.0,0.0,0.0,0.0,0.0,0.0,0.0,0.0
67533c6f7a2ac5f7e09af4d4,3253b16d38ae087d,Julianna Pena,"5' 6""",135 lbs.,"69""",Orthodox,"Aug 19, 1989",13,5,0,3.25,0.44,2.53,0.57,1.81,0.56,0.23,0.8
67533c6f7a2ac5f7e09af4d2,c742287ed86a09bc,Jessica Penne,"5' 5""",115 lbs.,"67""",Orthodox,"Jan 30, 1983",14,9,0,2.63,0.33,5.05,0.45,1.29,0.18,0.36,0.5
67533c6f7a2ac5f7e09af4d3,2844b047183a1adb,Luis Pena,"6' 3""",155 lbs.,"75""",Southpaw,"Jul 05, 1993",9,3,0,3.66,0.46,3.12,0.51,1.17,0.33,0.48,1.2
67533c6f7a2ac5f7e09af4f0,e5a59983f4603621,Billy Pasulatan,"5' 5""",125 lbs.,"66""",Switch,"Aug 07, 1991",10,3,0,0.65,0.2,5.22,0.48,0.0,0.0,0.0,4.9
67533c6f7a2ac5f7e09af4cc,879b8df81523d91b,Nick Penner,"6' 4""",205 lbs.,,Southpaw,"Mar 26, 1980",11,3,0,1.25,0.3,4.6,0.38,0.0,0.0,0.4,0.0
67533c6f7a2ac5f7e09af4e7,2dc7c49cfaeb867c,Justin Patterson,"5' 10""",170 lbs.,,,"Dec 07, 1985",9,3,0,0.0,0.0,0.0,0.0,0.0,0.0,0.0,0.0
67533c6f7a2ac5f7e09af4f4,3eb4dc9a7d4ac906,Ramona Pascual,"5' 7""",135 lbs.,"66""",Southpaw,"Sep 23, 1988",6,5,0,3.87,0.57,8.43,0.46,1.81,0.19,1.0,0.0
67533c6f7a2ac5f7e09af4ef,6b16024d44eb03a2,Jhonoven Pati,"6' 1""",185 lbs.,"75""",Switch,"Aug 29, 1990",6,4,0,2.88,0.53,6.13,0.33,2.7,1.0,0.0,0.0
67533c6f7a2ac5f7e09af4f1,c8cca8f3de5be4b4,Jorge Patino,"5' 8""",170 lbs.,,Orthodox,"Aug 05, 1973",38,19,2,1.33,0.3,3.14,0.53,0.54,0.25,0.5,0.0
67533c6f7a2ac5f7e09af4ca,31ef8b67e13495b3,Tecia Pennington,"5' 1""",115 lbs.,"60""",Orthodox,"Aug 16, 1989",14,7,0,4.82,0.47,3.53,0.61,0.57,0.14,0.63,0.1
67533c6f7a2ac5f7e09af4ee,cd7763bcadb5d4c8,Alan Patrick,"5' 11""",155 lbs.,"74""",Southpaw,"Jul 19, 1983",15,4,0,1.82,0.4,2.95,0.43,3.01,0.33,0.43,0.3
67533c6f7a2ac5f7e09af4df,122806b56775a53a,Joe Pearson,"5' 10""",145 lbs.,,Orthodox,"Mar 28, 1978",45,30,1,0.59,0.18,3.51,0.33,0.0,0.0,0.0,4.4
67533c6f7a2ac5f7e09af4c2,4a9e305633f3ef47,Rolando Perez,"5' 8""",135 lbs.,,Orthodox,,7,5,2,4.23,0.36,4.83,0.63,0.0,0.0,1.0,0.0
67533c6f7a2ac5f7e09af4cd,e670f8cc2969a789,Sherman Pendergarst,"6' 1""",235 lbs.,,Orthodox,"Aug 01, 1967",11,18,0,1.23,0.36,3.08,0.16,4.62,1.0,0.0,0.0
67533c6f7a2ac5f7e09af4d7,38ed5a2299230227,Filip Pejic,"5' 8""",135 lbs.,,Orthodox,"Jul 21, 1992",12,2,2,0.0,0.0,0.88,0.33,0.0,0.0,0.0,0.0
67533c6f7a2ac5f7e09af4d8,0bc697c5936a2d0a,Trevor Peek,"5' 9""",155 lbs.,"70""",Switch,"Jan 09, 1995",9,3,0,4.39,0.53,3.88,0.43,1.45,0.5,0.52,0.0
67533c6f7a2ac5f7e09af4e1,87c0b1c696ddfb43,Jonathan Pearce,"6' 0""",145 lbs.,"71""",Switch,"May 01, 1992",14,7,0,5.12,0.54,3.32,0.54,5.02,0.5,0.55,0.8
67533c6f7a2ac5f7e09af4e8,8b6e5dc2ba1edbe7,Sam Patterson,"6' 3""",170 lbs.,"78""",Orthodox,"Apr 30, 1996",12,2,1,2.66,0.37,3.37,0.48,1.94,1.0,0.33,3.9
67533c6f7a2ac5f7e09af4f2,66d42e9503fa108e,Windri Patilima,"5' 6""",155 lbs.,"71""",Southpaw,"Jul 19, 1993",8,1,0,0.31,0.5,7.64,0.31,0.0,0.0,0.0,0.0
67533c6f7a2ac5f7e09af463,7ee0fd831c0fe7c3,Carlos Prates,"6' 1""",170 lbs.,"78""",Switch,"Aug 17, 1993",21,6,0,4.39,0.57,4.6,0.48,0.44,1.0,0.91,0.0
67533c6f7a2ac5f7e09af4e6,dda67d7d3df6b406,Thomas Paull,"5' 7""",155 lbs.,"67""",Orthodox,"Oct 15, 1994",11,4,0,7.33,0.33,8.67,0.64,0.0,0.0,0.0,0.0
67533c6f7a2ac5f7e09af4de,2e04a3b4a2011b97,Roland Payne,"5' 9""",205 lbs.,,Orthodox,,0,1,0,0.0,0.0,0.0,0.0,0.0,0.0,0.0,0.0
67533c6f7a2ac5f7e09af4e4,d0a5ef38a7778ac2,Estevan Payan,"5' 10""",145 lbs.,,Orthodox,"Mar 14, 1982",16,12,0,4.25,0.42,3.58,0.57,0.36,1.0,0.6,0.4
67533c6f7a2ac5f7e09af4d9,aa1952ec0b3dd8e1,Kurt Pellegrino,"5' 8""",155 lbs.,"70""",Orthodox,"May 07, 1979",16,7,0,2.45,0.43,1.94,0.63,2.9,0.54,0.69,0.8
67533c6f7a2ac5f7e09af4ea,56f7d7ee06be4aab,Zac Pauga,"6' 2""",205 lbs.,"76""",Orthodox,"Feb 25, 1988",7,3,0,4.46,0.62,2.73,0.58,0.38,0.07,1.0,0.0
67533c6f7a2ac5f7e09af4e3,9310418684bc896f,Pawel Pawlak,"6' 0""",170 lbs.,"73""",Orthodox,"Feb 08, 1989",12,3,0,1.67,0.33,2.22,0.53,1.0,0.37,0.7,0.0
67533c6f7a2ac5f7e09af4c9,73c7cfa551289285,BJ Penn,"5' 9""",155 lbs.,"70""",Orthodox,"Dec 13, 1978",16,14,2,2.76,0.48,3.2,0.56,1.19,0.55,0.74,0.5
67533c6f7a2ac5f7e09af4e5,f14cf73e51b29254,Sergei Pavlovich,"6' 3""",257 lbs.,"84""",Southpaw,"May 13, 1992",18,3,0,5.86,0.44,5.03,0.51,0.0,0.0,0.75,0.0
67533c6f7a2ac5f7e09af4cf,abd64006fd37298d,Matej Penaz,"6' 3""",185 lbs.,"83""",Southpaw,"Oct 14, 1996",6,1,0,1.28,0.33,2.55,0.33,0.0,0.0,0.0,0.0
67533c6f7a2ac5f7e09af462,873626e5547b5235,Kyle Prepolec,"5' 10""",170 lbs.,"70""",Southpaw,"Aug 30, 1989",12,7,0,3.2,0.34,4.7,0.54,0.0,0.0,0.4,0.0
67533c6f7a2ac5f7e09af4cb,fc169c387b4b465d,Raquel Pennington,"5' 7""",135 lbs.,"67""",Orthodox,"Sep 05, 1988",16,10,0,4.1,0.49,3.32,0.61,0.83,0.27,0.62,0.6
67533c6f7a2ac5f7e09af4f6,2975297f505e9447,Jonny Parsons,"5' 9""",170 lbs.,"69""",Orthodox,"Sep 06, 1991",9,3,0,4.65,0.44,4.89,0.6,0.0,0.0,0.66,0.0
67533c6f7a2ac5f7e09af4ce,99c7610aa74995d3,Cathal Pendred,"6' 1""",170 lbs.,"75""",Orthodox,"Sep 02, 1987",17,4,1,2.49,0.44,3.01,0.55,2.46,0.23,0.83,0.4
67533c6f7a2ac5f7e09af4db,49e96ff8ab781589,Tyson Pedro,"6' 3""",205 lbs.,"79""",Orthodox,"Sep 17, 1991",10,5,0,2.9,0.59,2.39,0.56,0.76,0.3,0.5,0.8
67533c6f7a2ac5f7e09af4d6,e7bfdb5e0112891e,Willie Peeters,"5' 9""",220 lbs.,,Orthodox,"Oct 26, 1965",9,10,1,0.0,0.0,0.0,0.0,0.0,0.0,0.0,0.0
67533c6f7a2ac5f7e09af4e9,60c72f7459827881,Julio Paulino,"6' 0""",170 lbs.,,Orthodox,"Dec 04, 1975",23,5,0,0.97,0.27,1.87,0.48,0.0,0.0,0.37,0.5
67533c6f7a2ac5f7e09af4eb,83d0de122f2f9664,Michael Patt,"6' 0""",205 lbs.,,Orthodox,,12,4,0,1.65,0.28,5.53,0.55,0.0,0.0,0.0,0.0
67533c6f7a2ac5f7e09af4ec,56116a79e4deed06,Claude Patrick,"5' 11""",170 lbs.,"75""",Orthodox,"Jun 14, 1980",14,2,0,1.8,0.55,0.89,0.69,2.32,0.53,0.84,1.7
67533c6f7a2ac5f7e09af4d5,bfe95ec546692b13,Yan Pellerin,"5' 11""",205 lbs.,,Orthodox,,11,13,0,0.59,0.25,0.89,0.66,4.43,1.0,0.0,0.0
67533c6f7a2ac5f7e09af4f5,9fe7af8b3fbe00a0,Preston Parsons,"5' 11""",170 lbs.,"71""",Orthodox,"Jul 15, 1995",11,5,0,3.5,0.51,3.12,0.55,3.53,0.36,0.71,2.4
67533c6f7a2ac5f7e09af4f3,96d173b7f92aa520,Onassis Parungao,"5' 11""",200 lbs.,,,,2,1,0,0.0,0.0,0.0,0.0,0.0,0.0,0.0,0.0
67533c6f7a2ac5f7e09af4e2,748d4e35f846a029,Sarah Payant,"5' 4""",115 lbs.,,,,1,4,0,0.29,0.16,2.06,0.3,0.0,0.0,0.0,0.0
67533c6f7a2ac5f7e09af4e0,4f732e58ed907eff,Ross Pearson,"5' 8""",155 lbs.,"69""",Orthodox,"Sep 26, 1984",20,16,0,3.68,0.4,4.09,0.62,0.74,0.35,0.75,0.0
67533c6f7a2ac5f7e09af4f7,8b2a18d3c6735083,Jordan Parsons,"5' 9""",145 lbs.,,,"Aug 26, 1990",11,2,0,3.29,0.4,2.37,0.6,1.54,0.21,0.5,1.0
67533c6f7a2ac5f7e09af4f8,86ad0ae839331bd7,Willie Parks,"5' 10""",185 lbs.,,,"Nov 04, 1983",5,2,0,0.0,0.0,0.0,0.0,0.0,0.0,0.0,0.0
67533c6f7a2ac5f7e09af4f9,64be3dc99eaa42b6,Tyra Parker,"5' 5""",115 lbs.,,Orthodox,,4,5,0,1.5,0.22,9.0,0.14,0.0,0.0,0.0,0.0
67533c6f7a2ac5f7e09af4ff,b709b534b6873744,Harvey Park,"6' 0""",155 lbs.,"70""",Orthodox,"Mar 22, 1986",12,3,0,3.77,0.5,7.21,0.33,0.0,0.0,0.0,0.0
67533c6f7a2ac5f7e09af4fd,fe1595732dfb08fc,Jae Hyun Park,"5' 8""",155 lbs.,"72""",Orthodox,"Dec 12, 2001",6,2,0,0.8,0.63,1.0,0.21,0.0,0.0,0.22,0.0
67533c6f7a2ac5f7e09af4fa,0d5cc0170c1a7e71,Mick Parkin,"6' 4""",265 lbs.,"79""",Orthodox,"Oct 02, 1995",10,0,0,4.91,0.52,4.15,0.58,1.49,0.41,0.5,0.3
67533c6f7a2ac5f7e09af500,9df394db5ca103eb,Won Sik Park,"5' 11""",154 lbs.,,Orthodox,,11,7,1,2.6,0.43,2.2,0.47,0.0,0.0,0.0,0.0
67533c6f7a2ac5f7e09af4fc,6a0b80a24f22e152,Ryan Parker,"6' 3""",235 lbs.,,Southpaw,,0,1,0,0.0,0.0,0.0,0.0,0.0,0.0,0.0,0.0
67533c6f7a2ac5f7e09af4fb,c0231720fe516994,Larry Parker,"5' 11""",205 lbs.,,Orthodox,,13,6,1,0.0,0.0,0.0,0.0,0.0,0.0,0.0,0.0
67533c6f7a2ac5f7e09af501,285ae0b4a68221f4,JunYong Park,"5' 10""",185 lbs.,"73""",Orthodox,"Feb 27, 1991",18,6,0,4.77,0.51,3.42,0.54,1.85,0.47,0.57,0.9
67533c6f7a2ac5f7e09af4fe,14ff46596ad80609,Norman Parke,"5' 11""",155 lbs.,"70""",Southpaw,"Dec 22, 1986",23,6,1,3.06,0.35,2.88,0.64,1.98,0.26,0.77,0.0
67533c6f7a2ac5f7e09af502,b671bdf981ad527d,HyunSung Park,"5' 7""",125 lbs.,"66""",Orthodox,"Nov 04, 1995",9,0,0,4.15,0.44,3.43,0.59,1.54,0.27,1.0,2.6
67533c6f7a2ac5f7e09af50b,1235b31de15d0c6e,Montserrat Conejo Ruiz,"5' 0""",115 lbs.,"61""",Southpaw,"Feb 03, 1993",10,4,0,0.79,0.27,4.96,0.37,2.05,0.83,0.33,0.8
67533c6f7a2ac5f7e09af506,749685d24e2cac50,Remco Pardoel,"6' 3""",260 lbs.,,Southpaw,,9,6,1,0.0,0.0,0.0,0.0,0.0,0.0,0.0,0.0
67533c6f7a2ac5f7e09af508,74fefd43f073cd2f,Joe Pardo,"6' 1""",210 lbs.,,Southpaw,,4,6,0,0.0,0.0,0.0,0.0,0.0,0.0,0.0,0.0
67533c6f7a2ac5f7e09af505,7573d25a078b5732,Ido Pariente,"5' 8""",155 lbs.,,Orthodox,,13,6,0,0.0,0.0,2.86,0.45,0.0,0.0,0.0,0.0
67533c6f7a2ac5f7e09af507,bd381cde8426077a,Kathryn Paprocki,"5' 3""",115 lbs.,"63""",Orthodox,"Apr 28, 1993",3,2,0,1.0,0.23,4.27,0.43,0.0,0.0,0.0,0.0
67533c6f7a2ac5f7e09af503,349aaa3da11eb587,Karo Parisyan,"5' 10""",170 lbs.,"72""",Orthodox,"Aug 28, 1982",24,11,0,2.49,0.41,2.19,0.58,5.27,0.59,0.59,1.0
67533c6f7a2ac5f7e09af509,56116537d71a578c,Bryan Pardoe,"6' 1""",205 lbs.,,Orthodox,,13,16,0,1.11,0.36,4.59,0.45,4.75,0.4,0.33,0.0
67533c6f7a2ac5f7e09af50c,49d2a08964c5eb11,Nursulton Ruziboev,"6' 5""",170 lbs.,"76""",Orthodox,"Nov 19, 1993",34,9,2,2.5,0.43,4.6,0.49,0.77,1.0,0.0,0.0
67533c6f7a2ac5f7e09af504,b5da8f7d05e85a55,Josh Parisian,"6' 4""",265 lbs.,"79""",Orthodox,"Jun 28, 1989",15,8,0,4.55,0.48,4.88,0.41,0.98,0.33,0.46,0.2
67533c6f7a2ac5f7e09af511,657c21cb133f1445,Anthony Ruiz,"6' 2""",205 lbs.,,Orthodox,"Nov 03, 1977",33,22,0,2.56,0.64,1.67,0.28,1.43,0.31,0.21,0.0
67533c6f7a2ac5f7e09af50d,03688dc3c3af3ac1,Bas Rutten,"6' 1""",205 lbs.,,Orthodox,"Feb 24, 1965",28,4,1,5.59,0.61,2.06,0.79,0.0,0.0,0.0,0.0
67533c6f7a2ac5f7e09af513,ccba80d4820ef557,Gabe Ruediger,"5' 10""",155 lbs.,,Orthodox,"Aug 29, 1977",18,8,0,1.7,0.31,5.16,0.41,2.04,0.11,0.28,0.0
67533c6f7a2ac5f7e09af510,babc0b19e89cec6e,Paul Ruiz,"5' 6""",135 lbs.,,,"Jun 23, 1987",7,4,0,1.4,0.33,1.4,0.75,0.0,0.0,1.0,20.9
67533c6f7a2ac5f7e09af516,90e7447d8b7f3f35,Murilo Rua,"5' 11""",185 lbs.,,Orthodox,"May 22, 1980",20,13,1,2.48,0.45,1.85,0.53,1.97,0.45,0.37,1.2
67533c6f7a2ac5f7e09af50e,353de740bb6c7e75,Mike Russow,"6' 1""",255 lbs.,"73""",Orthodox,"Sep 11, 1976",15,3,0,1.55,0.47,2.9,0.59,4.66,0.43,0.0,0.7
67533c6f7a2ac5f7e09af512,9c393e836a852f30,Mauricio Ruffy,"5' 11""",155 lbs.,"75""",Orthodox,"Jun 17, 1996",11,1,0,4.7,0.59,4.76,0.6,0.0,0.0,1.0,0.0
67533c6f7a2ac5f7e09af515,94070f6544c4b2a5,Rodrigo Ruas,"5' 10""",185 lbs.,,Orthodox,"Oct 06, 1977",4,5,1,1.28,0.35,7.0,0.41,0.0,0.0,0.0,0.0
67533c6f7a2ac5f7e09af50f,7b9aa973e5c04624,Eddie Ruiz,"5' 7""",155 lbs.,,Orthodox,"Jun 10, 1967",1,1,0,0.2,0.25,1.4,0.47,2.0,0.12,0.0,0.0
67533c6f7a2ac5f7e09af514,c4731f43693b96b8,Rodolfo Rubio Perez,"5' 5""",145 lbs.,,Orthodox,"Jan 29, 1987",10,16,1,1.13,0.36,1.0,0.62,2.0,0.33,0.33,0.0
67533c6f7a2ac5f7e09af517,a0f0004aadf10b71,Alexandre Pantoja,"5' 5""",125 lbs.,"67""",Orthodox,"Apr 16, 1990",28,5,0,4.41,0.49,3.97,0.5,2.61,0.47,0.68,0.8
67533c6f7a2ac5f7e09af51f,ab7c212de9f66af0,Stephen Palling,"5' 4""",143 lbs.,,,"Jan 29, 1967",11,7,1,0.0,0.0,0.0,0.0,0.0,0.0,0.0,0.0
67533c6f7a2ac5f7e09af51e,6e15f63b6c2e2c15,Brandon Royval,"5' 9""",125 lbs.,"68""",Southpaw,"Aug 16, 1992",17,7,0,4.46,0.39,3.06,0.47,0.75,0.75,0.45,1.2
67533c6f7a2ac5f7e09af518,2cd428e9606856fd,Jairzinho Rozenstruik,"6' 2""",242 lbs.,"78""",Orthodox,"Mar 17, 1988",15,5,0,3.75,0.49,2.74,0.51,0.0,0.0,0.75,0.0
67533c6f7a2ac5f7e09af51b,edad57b3dddf2168,Jared Papazian,"5' 8""",135 lbs.,"67""",Southpaw,"Feb 01, 1988",20,13,0,3.33,0.39,3.81,0.44,0.0,0.0,0.5,0.0
67533c6f7a2ac5f7e09af51d,36d811b015635b67,Yuri Panferov,"6' 1""",185 lbs.,"72""",Orthodox,"Aug 30, 1996",6,1,0,2.33,0.52,0.91,0.41,0.0,0.0,0.36,0.0
67533c6f7a2ac5f7e09af520,f31c0905045fa100,Eduardo Pamplona,"5' 11""",170 lbs.,,,"Feb 20, 1973",16,4,0,0.0,0.0,0.0,0.0,0.0,0.0,0.0,0.0
67533c6f7a2ac5f7e09af519,597db668b01c442c,Marco Ruas,"6' 1""",210 lbs.,,Orthodox,"Jan 23, 1961",9,4,2,0.0,0.0,0.0,0.0,0.0,0.0,0.0,0.0
67533c6f7a2ac5f7e09af51a,140745cbbcb023ac,Mauricio Rua,"6' 1""",205 lbs.,"76""",Orthodox,"Nov 25, 1981",27,14,1,3.57,0.5,2.79,0.54,2.01,0.48,0.49,0.7
67533c6f7a2ac5f7e09af521,2742f028399bf8c7,Ruel Panales,"5' 5""",125 lbs.,"67""",Southpaw,"Dec 07, 1996",6,2,0,2.53,0.51,5.6,0.46,1.0,0.2,0.5,0.0
67533c6f7a2ac5f7e09af524,8ddf9c51c5fdea75,Rousimar Palhares,"5' 8""",170 lbs.,"71""",Orthodox,"Feb 26, 1980",19,8,0,1.75,0.51,2.04,0.59,3.93,0.45,0.0,4.1
67533c6f7a2ac5f7e09af526,4304992c2acc187b,Bart Palaszewski,"5' 9""",145 lbs.,"70""",Orthodox,"May 30, 1983",36,17,0,2.67,0.32,3.97,0.57,0.65,0.31,0.53,0.5
67533c6f7a2ac5f7e09af523,60029bcf496bd707,Soa Palelei,"6' 4""",265 lbs.,"81""",Orthodox,"Jul 12, 1977",22,5,0,2.47,0.57,2.68,0.48,2.2,0.47,0.66,0.0
67533c6f7a2ac5f7e09af525,a6c20202c701e5ca,Sasha Palatnikov,"6' 1""",170 lbs.,"72""",Switch,"Mar 15, 1989",6,4,0,6.69,0.53,5.44,0.52,0.72,1.0,0.7,0.0
67533c6f7a2ac5f7e09af528,e530df53922f413e,Luis Pajuelo,"5' 10""",145 lbs.,"69""",Orthodox,"Dec 18, 1994",8,2,0,6.03,0.57,8.2,0.52,0.0,0.0,0.66,0.0
67533c6f7a2ac5f7e09af527,de20ffb3fc2e7629,Jose Palacios,"5' 9""",145 lbs.,,Orthodox,,3,2,0,2.67,0.7,1.0,0.79,0.0,0.0,0.5,1.7
67533c6f7a2ac5f7e09af529,ad3a5e465c76e499,Dinis Paiva Jr.,"5' 9""",145 lbs.,"71""",Southpaw,"May 26, 1988",13,8,0,2.6,0.41,2.73,0.67,0.0,0.0,0.81,0.0
67533c6f7a2ac5f7e09af52a,797ddccda75f169f,Ricky Palacios,"5' 6""",145 lbs.,,Orthodox,"Jul 05, 1987",10,1,0,7.73,0.53,3.27,0.59,0.0,0.0,1.0,0.0
67533c6f7a2ac5f7e09af52b,320edfb0332b7073,Fredson Paixao,"5' 6""",145 lbs.,"66""",Orthodox,"May 13, 1979",10,5,0,1.71,0.54,2.31,0.62,0.62,0.11,0.1,2.2
67533c6f7a2ac5f7e09af52d,a67d071163962af8,Michael Page,"6' 3""",170 lbs.,"79""",Switch,"Apr 07, 1987",22,3,0,2.38,0.65,1.45,0.54,0.44,0.25,0.63,0.0
67533c6f7a2ac5f7e09af52c,1e12c1dbbb1e2dda,Josh Paiva,"5' 6""",125 lbs.,,,"Apr 05, 1991",8,2,0,0.0,0.0,0.0,0.0,0.0,0.0,0.0,0.0
67533c6f7a2ac5f7e09af52e,55f80a8aeffcdb33,Dustin Pague,"5' 9""",135 lbs.,"74""",Orthodox,"Aug 05, 1987",12,11,0,1.65,0.53,2.96,0.41,1.03,0.44,0.55,2.6
67533c6f7a2ac5f7e09af52f,82b4e942781b1046,Raulian Paiva,"5' 8""",135 lbs.,"69""",Orthodox,"Oct 17, 1995",21,5,0,4.14,0.42,5.01,0.48,0.65,0.23,0.77,0.2
67533c6f7a2ac5f7e09af531,01dd4cdc2446f665,Gary Padilla,"5' 11""",205 lbs.,,,"May 04, 1980",12,6,0,2.2,0.27,2.0,0.76,0.0,0.0,0.5,0.0
67533c6f7a2ac5f7e09af530,06626b6287e1ae1e,Chris Padilla,"5' 9""",155 lbs.,"74""",Orthodox,"Sep 14, 1995",15,6,0,5.8,0.61,4.93,0.46,3.26,0.75,0.0,1.1
67533c6f7a2ac5f7e09af532,c96e2ae6021144a1,Damacio Page,"5' 6""",135 lbs.,"66""",Orthodox,"Sep 30, 1982",19,10,0,2.05,0.38,2.47,0.51,2.63,0.64,0.23,0.9
67533c6f7a2ac5f7e09af533,d2f43cfaf8ca3560,Fernando Padilla,"6' 1""",145 lbs.,"76""",Orthodox,"Dec 15, 1996",16,5,0,6.48,0.42,5.25,0.53,0.0,0.0,1.0,0.8
67533c6f7a2ac5f7e09af535,c51da79b0346b5b7,George Pacurariu,"5' 7""",135 lbs.,,,"Jul 28, 1984",10,5,0,4.69,0.53,2.68,0.63,5.03,1.0,1.0,5.0
67533c6f7a2ac5f7e09af534,856c4d2668a875f9,Cyrillo Padilha,"5' 11""",155 lbs.,,,"Jan 23, 1978",3,3,0,0.0,0.0,0.0,0.0,0.0,0.0,0.0,0.0
67533c6f7a2ac5f7e09af539,16b89be2f5c16fba,Larissa Pacheco,"5' 7""",135 lbs.,,Orthodox,"Sep 07, 1994",10,2,0,1.21,0.19,4.14,0.55,0.0,0.0,0.0,0.0
67533c6f7a2ac5f7e09af53c,cba3a2dfbc06ce79,Ray Routh,"5' 8""",185 lbs.,,Orthodox,,2,1,0,0.54,0.21,3.22,0.28,2.69,0.33,0.0,0.0
67533c6f7a2ac5f7e09af537,07797f10b9569cfc,Angel Pacheco,"5' 8""",135 lbs.,"70""",Orthodox,"Jan 13, 1992",7,3,0,9.5,0.39,11.47,0.41,0.0,0.0,0.28,0.0
67533c6f7a2ac5f7e09af536,8f4eeaf7a0df7c1a,Teemu Packalen,"6' 1""",155 lbs.,"75""",Orthodox,"May 22, 1987",8,3,0,2.57,0.54,3.91,0.47,2.31,0.25,1.0,1.5
67533c6f7a2ac5f7e09af53a,8cb76103cd8a1562,Nick Pace,"5' 7""",135 lbs.,"68""",Orthodox,"Apr 17, 1987",8,3,0,1.48,0.34,3.14,0.57,2.52,0.43,0.54,0.5
67533c6f7a2ac5f7e09af540,af49a6c491ca22a3,Kristian Rothaermel,"6' 0""",205 lbs.,,Open Stance,"Jan 31, 1972",4,3,0,0.75,0.5,2.49,0.41,0.0,0.0,0.0,0.0
67533c6f7a2ac5f7e09af53b,8ebc3a8da015d70c,Cam Rowston,"6' 2""",185 lbs.,"78""",Orthodox,"Jan 19, 1995",8,3,0,2.13,0.49,1.87,0.47,0.0,0.0,0.28,1.0
67533c6f7a2ac5f7e09af53d,8e382b585a92affe,Phil Rowe,"6' 3""",170 lbs.,"80""",Orthodox,"Jul 18, 1990",10,5,0,3.65,0.49,4.34,0.55,0.7,0.36,0.56,0.3
67533c6f7a2ac5f7e09af56a,f2900678e98f6d6a,Ronaldo Rodriguez,"5' 6""",125 lbs.,"65""",Orthodox,"May 07, 1999",17,2,0,2.13,0.44,3.15,0.46,1.13,0.5,0.64,1.1
67533c6f7a2ac5f7e09af55d,3b83fec860a45ca1,Tim Roman,"6' 1""",170 lbs.,,,"Jun 08, 1985",3,4,0,0.6,0.4,2.4,0.4,1.0,1.0,0.16,0.0
67533c6f7a2ac5f7e09af556,373be586f370d400,Raquel Pa'aluhi,"5' 7""",135 lbs.,,,,6,5,0,1.71,0.56,3.42,0.46,0.0,0.0,0.18,0.0
67533c6f7a2ac5f7e09af55f,c4b6099f0d25f75e,Jared Rollins,"5' 9""",170 lbs.,,Orthodox,"Jan 26, 1977",8,4,0,3.33,0.57,2.41,0.39,2.5,0.5,0.5,1.2
67533c6f7a2ac5f7e09af558,82cbb809d5ee565c,Mara Romero Borella,"5' 6""",125 lbs.,"69""",Orthodox,"Jun 03, 1986",12,9,0,2.54,0.37,2.48,0.71,1.83,0.44,0.66,0.2
67533c6f7a2ac5f7e09af4dd,bba678d312590087,Andre Pederneiras,"5' 8""",155 lbs.,,Orthodox,"Mar 22, 1967",1,1,2,0.0,0.0,0.0,0.0,0.0,0.0,0.0,0.0
67533c6f7a2ac5f7e09af565,9141bb39310773c7,Brett Rogers,"6' 5""",265 lbs.,"81""",Orthodox,"Feb 17, 1981",17,10,0,3.17,0.44,3.2,0.46,0.0,0.0,0.58,0.0
67533c6f7a2ac5f7e09af564,36f3d235493d35ad,Pete Rogers Jr.,"6' 0""",145 lbs.,,,,2,4,0,0.66,0.15,1.71,0.65,0.0,0.0,0.0,0.0
67533c6f7a2ac5f7e09af553,4a043165cf47cab2,Juancamilo Ronderos,"5' 3""",125 lbs.,"64""",Southpaw,"Feb 17, 1995",4,2,0,2.18,0.3,2.18,0.63,2.72,0.33,0.0,0.0
67533c6f7a2ac5f7e09af54c,fe2babf95de24fb1,Raul Rosas Jr.,"5' 9""",135 lbs.,"67""",Switch,"Oct 08, 2004",10,1,0,1.55,0.43,1.43,0.51,4.02,0.39,0.0,1.3
67533c6f7a2ac5f7e09af569,5ec591b78349ba7e,Christian Rodriguez,"5' 7""",145 lbs.,"71""",Orthodox,"Dec 17, 1997",11,2,0,3.65,0.47,2.56,0.58,1.07,0.54,0.65,1.1
67533c6f7a2ac5f7e09af547,598a58db87b890ee,Kevin Rosier,"6' 4""",275 lbs.,,Orthodox,,2,6,0,0.0,0.0,0.0,0.0,0.0,0.0,0.0,0.0
67533c6f7a2ac5f7e09af562,59a27d2e6d0802ac,Max Rohskopf,"6' 1""",155 lbs.,"71""",Orthodox,"Sep 27, 1994",5,1,0,1.7,0.31,5.8,0.42,3.0,0.33,0.0,1.5
67533c6f7a2ac5f7e09af548,91ea901c458e95dd,Jared Rosholt,"6' 2""",265 lbs.,"75""",Orthodox,"Aug 04, 1986",14,4,0,2.08,0.46,1.52,0.59,1.83,0.41,0.66,0.1
67533c6f7a2ac5f7e09af56e,e375cb5caf4717b6,Piera Rodriguez,"5' 3""",115 lbs.,"63""",Orthodox,"Nov 11, 1992",9,2,0,3.64,0.47,2.84,0.58,3.11,0.41,0.66,0.0
67533c6f7a2ac5f7e09af563,f304aff405c4a8fa,Brian Rogers,"5' 11""",185 lbs.,,,"Feb 15, 1984",14,9,0,4.79,0.38,5.76,0.58,1.22,0.5,1.0,0.6
67533c6f7a2ac5f7e09af544,bd58d34e39b7b12a,Ben Rothwell,"6' 4""",265 lbs.,"78""",Orthodox,"Oct 17, 1981",39,14,0,3.71,0.42,4.63,0.47,0.68,0.34,0.7,0.4
67533c6f7a2ac5f7e09af568,776d4262c4da38bf,Pete Rodriguez,"5' 9""",170 lbs.,"71""",Switch,"Nov 13, 1996",5,2,0,9.28,0.43,12.83,0.42,0.0,0.0,1.0,0.0
67533c6f7a2ac5f7e09af53e,9d7fbf438766791f,Roberta Rovel,"5' 8""",145 lbs.,,,,4,1,0,0.87,0.46,3.0,0.26,0.0,0.0,1.0,0.0
67533c6f7a2ac5f7e09af53f,8bdac25ce0bb874d,Ronda Rousey,"5' 7""",135 lbs.,"66""",Orthodox,"Feb 01, 1987",12,2,0,4.17,0.52,4.14,0.44,6.26,0.68,0.5,4.8
67533c6f7a2ac5f7e09af54a,f7faf5b19e0dec2e,Jacob Rosales,"5' 11""",155 lbs.,"74""",Orthodox,"Jul 28, 1995",13,7,0,7.19,0.46,10.66,0.44,1.12,0.18,0.5,0.6
67533c6f7a2ac5f7e09af550,0f6528b461e47462,Joao Roque,"5' 6""",155 lbs.,,Orthodox,"Jul 22, 1971",7,2,4,0.0,0.0,0.0,0.0,0.0,0.0,0.0,0.0
67533c6f7a2ac5f7e09af561,75e0d3cc2262b732,Shane Roller,"5' 10""",155 lbs.,"72""",Orthodox,"Jul 14, 1979",11,7,0,2.04,0.34,2.65,0.6,2.46,0.33,0.42,1.9
67533c6f7a2ac5f7e09af4dc,198994b47f395af0,Carlo Pedersoli Jr.,"5' 11""",170 lbs.,"75""",Southpaw,"Jun 08, 1993",11,3,0,4.17,0.37,4.12,0.61,2.91,0.44,0.0,0.0
67533c6f7a2ac5f7e09af54d,40093d1d2d78394e,Charles Rosa,"5' 9""",145 lbs.,"69""",Switch,"Aug 24, 1986",14,8,0,3.08,0.36,3.86,0.47,1.67,0.35,0.38,1.0
67533c6f7a2ac5f7e09af54b,b9163ec845c3bfc8,Hilarie Rose,"5' 3""",115 lbs.,"63""",Orthodox,"Nov 11, 1992",4,2,0,2.33,0.33,6.13,0.44,0.0,0.0,1.0,0.0
67533c6f7a2ac5f7e09af543,872b018076f831b0,Rick Roufus,"6' 0""",207 lbs.,,Southpaw,,4,6,0,0.53,0.33,1.06,0.33,0.0,0.0,0.5,0.0
67533c6f7a2ac5f7e09af55e,c0badf3243907e59,Alexandr Romanov,"6' 2""",262 lbs.,"75""",Southpaw,"Dec 11, 1990",18,3,0,3.78,0.51,2.13,0.54,4.49,0.55,0.28,0.9
67533c6f7a2ac5f7e09af555,8173f134396cb971,Cortavious Romious,"5' 4""",135 lbs.,"68""",Southpaw,"Jan 06, 1994",9,3,0,2.1,0.37,3.02,0.39,1.97,0.66,0.7,1.0
67533c6f7a2ac5f7e09af567,ab943cd2c3c17825,Marcos Rogerio de Lima,"6' 1""",253 lbs.,"75""",Orthodox,"Jun 25, 1985",22,10,1,3.7,0.57,2.9,0.51,1.4,0.45,0.59,0.5
67533c6f7a2ac5f7e09af551,3c0437fbeda06962,George Roop,"6' 1""",135 lbs.,"72""",Orthodox,"Nov 10, 1981",15,13,1,3.43,0.34,2.47,0.6,1.05,0.57,0.59,0.1
67533c6f7a2ac5f7e09af545,51c655162e462ceb,Shannon Ross,"5' 6""",125 lbs.,"66""",Switch,"May 12, 1989",13,9,0,5.96,0.39,7.39,0.55,0.0,0.0,1.0,0.0
67533c6f7a2ac5f7e09af549,4f2fcbefb668689d,Jake Rosholt,"6' 1""",185 lbs.,,Orthodox,"Feb 09, 1982",12,5,0,2.68,0.53,2.33,0.49,6.51,0.68,0.0,1.8
67533c6f7a2ac5f7e09af559,33df417d0017eb0c,Kaleio Romero,"5' 10""",145 lbs.,"69""",Switch,"Apr 19, 1996",6,2,0,2.6,0.48,3.27,0.5,1.0,0.08,0.0,1.0
67533c6f7a2ac5f7e09af566,7195e2a932686f82,Nick Roehrick,"6' 2""",205 lbs.,,Orthodox,"Jul 06, 1987",7,1,0,2.31,0.17,6.92,0.44,0.0,0.0,0.0,0.0
67533c6f7a2ac5f7e09af54f,351c4ec637380ad5,Karol Rosa,"5' 5""",135 lbs.,"67""",Orthodox,"Dec 30, 1994",18,6,0,6.49,0.56,4.91,0.49,1.2,0.46,0.68,0.0
67533c6f7a2ac5f7e09af56c,dc3b9cf7641b7ab6,Drako Rodriguez,"5' 8""",135 lbs.,"69""",Orthodox,"Jun 16, 1996",7,3,0,3.37,0.36,4.4,0.58,2.93,0.66,0.75,0.7
67533c6f7a2ac5f7e09af55c,f77c68bb4be8516d,Yoel Romero,"6' 0""",185 lbs.,"73""",Southpaw,"Apr 30, 1977",13,5,0,3.44,0.49,3.05,0.6,1.57,0.3,0.78,0.0
67533c6f7a2ac5f7e09af542,ff3a915256b899c0,Nick Rossborough,"6' 5""",205 lbs.,,,"Nov 18, 1981",26,19,1,2.8,0.35,4.33,0.35,0.0,0.0,1.0,0.0
67533c6f7a2ac5f7e09af541,749f572d1d3161fb,Khalil Rountree Jr.,"6' 1""",205 lbs.,"76""",Southpaw,"Feb 26, 1990",14,6,0,3.73,0.38,4.51,0.48,0.0,0.0,0.58,0.1
67533c6f7a2ac5f7e09af560,2804ce8dadab5770,Marcelo Rojo,"5' 8""",145 lbs.,"71""",Orthodox,"Jul 02, 1988",16,10,0,4.92,0.39,6.42,0.55,0.46,0.5,0.66,0.0
67533c6f7a2ac5f7e09af56d,8a1f3b5c526cd6e6,Daniel Rodriguez,"6' 1""",170 lbs.,"74""",Southpaw,"Dec 31, 1986",18,5,0,7.5,0.49,5.47,0.58,0.59,0.54,0.57,0.1
67533c6f7a2ac5f7e09af552,a13d755965a4ec9f,Rongzhu,"5' 9""",155 lbs.,"72""",Orthodox,"Mar 07, 2000",25,6,0,5.45,0.51,5.8,0.44,1.85,0.62,0.85,0.2
67533c6f7a2ac5f7e09af557,15ea371202eb25e1,Roberto Romero,"5' 8""",155 lbs.,"70""",Orthodox,"Jan 30, 2000",8,4,1,4.93,0.47,8.07,0.43,0.0,0.0,0.66,0.0
67533c6f7a2ac5f7e09af554,5580771f383e141f,Jesse Ronson,"5' 10""",155 lbs.,"70""",Southpaw,"Dec 24, 1985",21,12,0,3.54,0.47,3.39,0.57,0.46,0.28,0.57,0.5
67533c6f7a2ac5f7e09af56b,f6e5972c9d16c40e,Victor Rodriguez,"5' 5""",125 lbs.,"67""",Switch,"Sep 05, 1992",7,4,0,1.59,0.37,6.11,0.5,0.0,0.0,0.0,0.0
67533c6f7a2ac5f7e09af54e,11f8860028b68fcf,Aaron Rosa,"6' 4""",205 lbs.,"77""",Orthodox,"May 28, 1983",18,6,0,4.03,0.47,4.41,0.45,0.36,0.33,0.85,0.4
67533c6f7a2ac5f7e09af56f,90e0985df05e51bc,Ray Rodriguez,"5' 7""",135 lbs.,"70""",Orthodox,"Dec 10, 1987",16,8,0,0.9,0.27,3.89,0.4,1.42,0.5,0.44,0.0
67533c6f7a2ac5f7e09af570,cd2c4d30c6e13b47,Marina Rodriguez,"5' 6""",115 lbs.,"65""",Orthodox,"Apr 29, 1987",17,5,2,4.64,0.46,3.04,0.55,0.28,0.5,0.62,0.2
67533c6f7a2ac5f7e09af571,18b602842a24f7c5,Mike Rodriguez,"6' 4""",205 lbs.,"82""",Southpaw,"Nov 28, 1988",11,7,0,4.35,0.53,4.24,0.41,0.0,0.0,0.37,0.0
67533c6f7a2ac5f7e09af572,5a6e4d2f0c76a242,Manuel Rodriguez,"5' 9""",170 lbs.,,Orthodox,"Apr 25, 1985",11,5,0,0.81,0.33,3.23,0.38,9.09,0.75,0.0,0.0
67533c6f7a2ac5f7e09af575,cbf5e6f231b55443,Yair Rodriguez,"5' 11""",145 lbs.,"71""",Orthodox,"Oct 06, 1992",16,5,0,4.65,0.46,3.99,0.52,0.69,0.27,0.58,0.7
67533c6f7a2ac5f7e09af574,50cc91ce2982785d,Ricco Rodriguez,"6' 4""",265 lbs.,,Orthodox,"Aug 19, 1977",53,25,0,1.85,0.51,1.15,0.61,2.3,0.39,0.4,1.0
67533c6f7a2ac5f7e09af576,102a8fdf8cbf7467,Kleydson Rodrigues,"5' 5""",135 lbs.,"67""",Orthodox,"Oct 22, 1995",8,4,0,4.58,0.57,2.29,0.53,0.6,0.22,0.53,0.6
67533c6f7a2ac5f7e09af577,d1c65d2cf2925ddd,Gregory Rodrigues,"6' 3""",185 lbs.,"75""",Orthodox,"Feb 17, 1992",16,5,0,5.52,0.56,4.69,0.51,2.74,0.41,1.0,0.4
67533c6f7a2ac5f7e09af573,26eddcda9d6b2ffe,Paul Rodriguez,"5' 7""",155 lbs.,,Orthodox,,10,9,2,0.84,1.0,1.68,0.68,0.0,0.0,0.5,0.0
67533c6f7a2ac5f7e09af578,1abf785143f8d5ec,Kevin Roddy,"5' 11""",145 lbs.,,,,15,16,1,2.64,0.3,2.38,0.6,0.0,0.0,0.5,0.0
67533c6f7a2ac5f7e09af579,e0d3d9b564f95635,Lucas Rocha,"5' 3""",125 lbs.,"64""",Orthodox,"Aug 12, 2000",17,2,0,2.0,0.44,4.48,0.39,0.0,0.0,0.61,0.0
67533c6f7a2ac5f7e09af57a,c75b99887c8c3f5a,Keith Rockel,"6' 0""",185 lbs.,,Orthodox,,12,4,1,1.13,0.73,0.21,0.66,4.63,0.75,1.0,4.6
67533c6f7a2ac5f7e09af57b,4f736494fc733095,Carlos Eduardo Rocha,"5' 10""",170 lbs.,"73""",Orthodox,"Jul 12, 1981",9,4,0,1.24,0.34,1.85,0.55,0.0,0.0,0.52,1.4
67533c6f7a2ac5f7e09af57c,00e11b5c8b7bfeeb,Luke Rockhold,"6' 3""",185 lbs.,"77""",Southpaw,"Oct 17, 1984",16,6,0,4.1,0.49,2.68,0.53,0.7,0.29,0.65,1.0
67533c6f7a2ac5f7e09af57e,d403b1a6f278c95e,Vagner Rocha,"5' 10""",155 lbs.,"73""",Orthodox,"Jun 06, 1982",14,4,0,2.64,0.42,4.5,0.48,1.4,0.33,0.5,1.9
67533c6f7a2ac5f7e09af57f,2782235b078b72a7,Damonte Robinson,"6' 0""",155 lbs.,"77""",,"Jun 10, 1995",6,1,1,0.0,0.0,0.0,0.0,0.0,0.0,0.0,0.0
67533c6f7a2ac5f7e09af580,b2aa1e07b5b3306e,Chad Robichaux,"5' 4""",135 lbs.,,,"Aug 18, 1975",13,2,0,0.0,0.0,0.0,0.0,0.0,0.0,0.0,0.0
67533c6f7a2ac5f7e09af581,cbe79765d44bd172,Alvin Robinson,"5' 9""",155 lbs.,"68""",Southpaw,"Jul 16, 1982",15,9,0,1.57,0.5,1.29,0.51,1.24,0.5,0.25,1.2
67533c6f7a2ac5f7e09af582,1a1a4d7a29041d77,Colin Robinson,"6' 4""",243 lbs.,,Orthodox,"Nov 27, 1968",10,12,0,6.19,0.69,7.91,0.37,2.58,1.0,0.5,5.2
67533c6f7a2ac5f7e09af583,38c7f72747f4f712,Gillian Robertson,"5' 5""",115 lbs.,"63""",Orthodox,"May 17, 1995",15,8,0,2.89,0.48,2.95,0.56,2.68,0.39,0.41,1.0
67533c6f7a2ac5f7e09af584,6e0273f9478be71e,Kenny Robertson,"5' 10""",170 lbs.,"74""",Orthodox,"Feb 14, 1984",15,5,0,3.72,0.47,3.02,0.52,1.37,0.26,0.57,0.8
67533c6f7a2ac5f7e09af586,37c5366d18ed6c05,Roosevelt Roberts,"6' 2""",155 lbs.,"73""",Orthodox,"Feb 11, 1994",12,6,0,2.84,0.43,3.1,0.52,1.18,0.26,0.5,0.7
67533c6f7a2ac5f7e09af585,4604ab1de9058474,Mark Robinson,"6' 0""",265 lbs.,,Orthodox,,1,0,0,0.0,0.0,5.8,0.13,0.0,0.0,0.0,0.0
67533c6f7a2ac5f7e09af587,a6cba6bb66c1a8c9,Danny Roberts,"6' 1""",170 lbs.,"74""",Southpaw,"Jul 14, 1987",18,8,0,3.18,0.39,3.73,0.5,0.24,0.09,0.57,0.2
67533c6f7a2ac5f7e09af588,b2a2da86546ddb19,Buddy Roberts,"6' 2""",185 lbs.,,Orthodox,"Oct 17, 1982",12,3,0,2.17,0.34,2.08,0.7,0.0,0.0,0.76,0.7
67533c6f7a2ac5f7e09af589,22edaf53ad59a967,Daniel Roberts,"5' 10""",170 lbs.,"74""",Southpaw,"Aug 05, 1980",15,7,0,0.73,0.2,2.27,0.46,2.46,0.44,0.4,2.5
67533c6f7a2ac5f7e09af58a,d1e6a6536ee62517,Tyrone Roberts,"5' 9""",185 lbs.,,Orthodox,,43,12,1,0.0,0.0,0.0,0.0,0.0,0.0,0.0,0.0
67533c6f7a2ac5f7e09af58b,c5ec23983dc2d8f4,Taylor Roberts,"5' 11""",170 lbs.,,,,3,12,0,0.0,0.0,0.0,0.0,0.0,0.0,0.0,0.0
67533c6f7a2ac5f7e09af58c,c058823a2595ab09,Joey Roberts,"6' 2""",200 lbs.,,,,4,3,0,0.0,0.0,0.0,0.0,0.0,0.0,0.0,0.0
67533c6f7a2ac5f7e09af58d,35dc6220b113b7ec,Ryan Roberts,"5' 6""",155 lbs.,,Orthodox,"Jul 16, 1978",21,12,1,0.0,0.0,22.5,0.45,0.0,0.0,0.0,0.0
67533c6f7a2ac5f7e09af58e,775bad6d700d2302,David Roberts,"6' 1""",170 lbs.,,Orthodox,"Nov 15, 1975",5,8,0,0.0,0.0,0.0,0.0,0.0,0.0,0.0,0.0
67533c6f7a2ac5f7e09af591,a54a35a670d8e852,Andre Roberts,"6' 2""",345 lbs.,,Orthodox,"Feb 24, 1965",14,2,1,0.0,0.0,0.0,0.0,0.0,0.0,0.0,0.0
67533c6f7a2ac5f7e09af58f,37d5b176d438d2a5,Karl Roberson,"6' 1""",205 lbs.,"74""",Southpaw,"Oct 04, 1990",9,6,0,2.57,0.51,2.42,0.57,0.72,0.4,0.4,0.5
67533c6f7a2ac5f7e09af590,610caee730f9b89e,Kali Robbins,"5' 3""",115 lbs.,"63""",Orthodox,"Jul 05, 1984",6,3,0,3.73,0.46,9.4,0.44,2.0,0.33,0.0,0.0
67533c6f7a2ac5f7e09af592,60917f79b7271d83,Nicdali Rivera-Calanoc,"5' 3""",105 lbs.,,,"Jun 12, 1985",9,10,0,1.82,0.2,2.42,0.78,0.0,0.0,0.0,0.0
67533c6f7a2ac5f7e09af593,3b2485c8d5c8b580,Justin Robbins,"5' 5""",135 lbs.,,,"Jul 29, 1980",14,18,1,0.67,0.37,3.2,0.47,0.0,0.0,0.0,0.0
67533c6f7a2ac5f7e09af594,b44f39a5c6596953,Pedro Rizzo,"6' 1""",241 lbs.,,Orthodox,"May 03, 1974",20,11,0,1.93,0.34,3.02,0.5,0.26,0.28,0.78,0.0
67533c6f7a2ac5f7e09af595,8aabef76351401d0,Theo Rlayang,"5' 7""",145 lbs.,"65""",Orthodox,"Aug 10, 1994",5,1,0,5.93,0.48,8.4,0.4,2.0,0.4,0.0,0.0
67533c6f7a2ac5f7e09af596,c9587d81e1d33925,Jerome Rivera,"5' 10""",125 lbs.,"72""",Southpaw,"Apr 22, 1995",10,6,0,3.21,0.33,2.6,0.51,0.0,0.0,0.4,0.0
67533c6f7a2ac5f7e09af598,06a80a685ea98573,Irwin Rivera,"5' 6""",135 lbs.,"67""",Southpaw,"Feb 14, 1989",10,6,0,3.36,0.44,5.07,0.57,1.0,0.16,0.7,0.0
67533c6f7a2ac5f7e09af59b,7ea4a9f07df33a45,Francisco Rivera,"5' 8""",135 lbs.,"70""",Orthodox,"Oct 08, 1981",11,7,0,4.07,0.41,3.16,0.68,1.01,0.63,0.68,0.6
67533c6f7a2ac5f7e09af599,9c907996820d2d69,Jimmie Rivera,"5' 4""",135 lbs.,"68""",Orthodox,"Jun 29, 1989",23,5,0,4.03,0.4,3.9,0.6,0.88,0.27,0.92,0.1
67533c6f7a2ac5f7e09af59a,288aaa8f82040e02,Dante Rivera,"6' 1""",185 lbs.,,Southpaw,"Dec 08, 1974",16,7,0,2.27,0.53,4.0,0.25,0.0,0.0,0.16,0.0
67533c6f7a2ac5f7e09af59c,0f7210aa8d61af8d,Mario Rivera,"5' 10""",170 lbs.,,,,6,8,0,0.0,0.0,8.41,0.2,0.0,0.0,0.0,0.0
67533c6f7a2ac5f7e09af59d,09f579be4520394a,Diego Rivas,"5' 8""",145 lbs.,"69""",Orthodox,"Nov 11, 1991",10,2,0,1.37,0.4,2.14,0.52,1.79,0.6,0.64,0.9
67533c6f7a2ac5f7e09af59e,1c7cce2f5c17160d,Shannon Ritch,"5' 9""",190 lbs.,,Orthodox,"Sep 27, 1970",56,83,0,1.0,1.0,6.0,0.5,0.0,0.0,0.0,0.0
67533c6f7a2ac5f7e09af59f,cb46dface0e28a2c,Jorge Rivera,"6' 1""",185 lbs.,"73""",Orthodox,"Feb 28, 1972",20,9,0,3.16,0.48,2.64,0.54,0.84,0.5,0.63,0.1
67533c6f7a2ac5f7e09af5a1,9ec12134b1515f12,Maria Rios,"5' 5""",125 lbs.,,,"May 31, 1983",2,3,0,2.93,0.34,4.13,0.56,2.0,0.5,1.0,0.0
67533c6f7a2ac5f7e09af5a2,868a78f2e810a837,Albert Rios,"5' 8""",145 lbs.,,,,13,6,0,0.0,0.0,0.0,0.0,0.0,0.0,0.0,0.0
67533c6f7a2ac5f7e09af5a3,fa9746fa5d23c202,Robbie Ring,"5' 9""",145 lbs.,"68""",Orthodox,"Jul 14, 2000",6,1,0,5.11,0.38,9.15,0.38,4.04,0.33,0.0,0.0
67533c6f7a2ac5f7e09af5a4,af90b10c785ced3e,Mike Rio,"5' 10""",155 lbs.,"70""",Orthodox,"Jul 06, 1981",10,5,0,1.68,0.39,2.99,0.53,2.58,0.27,0.0,1.0
67533c6f7a2ac5f7e09af5a5,9be3728f3f7badb2,Moise Rimbon,"5' 10""",205 lbs.,,Orthodox,"Apr 20, 1977",23,11,3,0.8,0.34,1.0,0.71,1.0,0.5,0.37,0.0
67533c6f7a2ac5f7e09af5a6,c07efc18b231f170,Jordan Rinaldi,"5' 10""",145 lbs.,"72""",Orthodox,"Sep 25, 1987",14,7,0,1.56,0.35,2.32,0.59,1.45,0.35,0.2,1.2
67533c6f7a2ac5f7e09af5a7,b13da0b1a3aed3e7,Nick Ring,"6' 0""",185 lbs.,"74""",Southpaw,"Feb 10, 1979",14,4,0,3.52,0.42,3.48,0.62,1.36,0.36,0.52,0.3
67533c6f7a2ac5f7e09af5a8,995af04c697d78b7,Jason Riley,"6' 6""",245 lbs.,,,"Sep 22, 1975",10,7,0,0.0,0.0,9.68,0.33,0.0,0.0,0.5,0.0
67533c6f7a2ac5f7e09af5a9,f2c8ebbeafd45f2b,Aaron Riley,"5' 8""",155 lbs.,"69""",Southpaw,"Dec 09, 1980",30,14,1,3.45,0.34,3.78,0.61,1.18,0.34,0.6,0.1
67533c6f7a2ac5f7e09af5aa,f1a9ad7485e5024a,Jeremiah Riggs,"6' 0""",185 lbs.,,,"Dec 17, 1982",7,8,0,0.0,0.0,0.0,0.0,0.0,0.0,0.0,0.0
67533c6f7a2ac5f7e09af5ab,d512d9f204059f57,Joe Riggs,"6' 0""",185 lbs.,"70""",Southpaw,"Sep 23, 1982",44,17,0,2.41,0.51,1.69,0.57,2.45,0.55,0.62,0.6
67533c6f7a2ac5f7e09af5ad,37ed1ab2f8b819f4,Brad Riddell,"5' 7""",155 lbs.,"71""",Orthodox,"Sep 30, 1991",10,4,0,4.71,0.53,3.53,0.53,1.77,0.36,0.63,0.0
67533c6f7a2ac5f7e09af5ae,d023ae89a2a4a41e,Matthew Riddle,"6' 1""",170 lbs.,"76""",Southpaw,"Jan 14, 1986",8,3,0,3.01,0.42,2.74,0.54,3.51,0.5,0.89,0.5
67533c6f7a2ac5f7e09af5b0,98b76850b5f1e836,Dave Rickels,"5' 11""",155 lbs.,,,"Jan 05, 1989",18,4,0,4.29,0.59,5.53,0.42,0.0,0.0,0.25,0.0
67533c6f7a2ac5f7e09af5b2,ad23903ef3af7406,Rex Richards,"6' 5""",265 lbs.,,,,7,2,0,17.65,0.58,5.29,0.72,0.0,0.0,0.0,0.0
67533c6f7a2ac5f7e09af5b1,d6a740cf6e898e27,Mike Richman,"5' 8""",135 lbs.,,,"Jun 23, 1985",18,7,0,4.06,0.44,3.49,0.43,0.0,0.0,0.76,0.0
67533c6f7a2ac5f7e09af5b5,bf9bc96336922271,Alex Ricci,"5' 11""",155 lbs.,,Orthodox,"Jul 21, 1982",10,5,0,2.48,0.41,2.53,0.64,0.0,0.0,0.64,0.0
67533c6f7a2ac5f7e09af5bc,a757c06bbdba61d2,Vitor Ribeiro,"5' 8""",154 lbs.,,Orthodox,"Feb 24, 1979",20,5,0,1.0,0.28,1.95,0.48,1.58,0.26,1.0,1.2
67533c6f7a2ac5f7e09af5cc,01dfb60661153735,Paulo Renato Junior,"6' 0""",205 lbs.,"73""",Orthodox,"Jan 25, 1994",12,3,0,4.89,0.45,5.18,0.56,0.0,0.0,1.0,0.0
67533c6f7a2ac5f7e09af5c2,2e19380f34871c6a,Dominick Reyes,"6' 4""",205 lbs.,"77""",Southpaw,"Dec 26, 1989",13,4,0,4.87,0.5,3.75,0.48,0.35,0.28,0.8,0.3
67533c6f7a2ac5f7e09af5b7,d25240135aee03e5,Tabatha Ricci,"5' 1""",115 lbs.,"61""",Orthodox,"Feb 21, 1995",11,3,0,4.18,0.36,5.29,0.57,2.74,0.37,0.81,0.1
67533c6f7a2ac5f7e09af5e5,ea3ef6206c7907d5,Gideon Ray,"5' 10""",185 lbs.,,Southpaw,"May 27, 1973",17,15,1,2.08,0.4,2.58,0.53,1.49,1.0,0.0,0.0
67533c6f7a2ac5f7e09af5e6,907e60fd13407e1e,Bec Rawlings,"5' 6""",125 lbs.,"64""",Orthodox,"Feb 11, 1989",7,8,0,4.48,0.42,5.66,0.57,0.71,0.4,0.68,0.4
67533c6f7a2ac5f7e09af5df,849c5d9979df5357,Mateusz Rebecki,"5' 7""",155 lbs.,"66""",Southpaw,"Nov 03, 1992",20,2,0,4.7,0.48,4.13,0.54,3.84,0.75,0.45,0.8
67533c6f7a2ac5f7e09af5c8,edd02825c29028fe,Marco Polo Reyes,"5' 11""",155 lbs.,"71""",Orthodox,"Nov 07, 1984",8,7,0,6.0,0.37,5.52,0.59,0.0,0.0,0.46,0.0
67533c6f7a2ac5f7e09af5c6,1507214bbc7a79e2,John Renken,"6' 0""",190 lbs.,,Orthodox,,18,28,4,0.0,0.0,0.0,0.0,0.0,0.0,0.0,0.0
67533c6f7a2ac5f7e09af5ce,918db42c3637916f,Leigh Remedios,"5' 7""",155 lbs.,,Orthodox,"Jan 13, 1976",18,10,2,0.75,0.41,1.36,0.68,0.0,0.0,0.33,0.0
67533c6f7a2ac5f7e09af5c9,ce6b5b93a96dd15b,Solomon Renfro,"5' 9""",170 lbs.,"72""",Switch,"Feb 05, 1997",8,2,0,5.2,0.44,3.53,0.61,2.0,0.5,1.0,0.0
67533c6f7a2ac5f7e09af5e7,31a13532e724ca2b,Stevie Ray,"5' 10""",155 lbs.,"70""",Southpaw,"Mar 25, 1990",23,9,0,3.73,0.44,2.93,0.54,0.75,0.46,0.55,0.6
67533c6f7a2ac5f7e09af5c4,e9bbcc6530e4cbe6,Victor Reyna,"5' 11""",170 lbs.,"74""",Southpaw,"Aug 05, 1986",11,5,0,5.8,0.63,4.75,0.42,0.0,0.0,1.0,0.0
67533c6f7a2ac5f7e09af5d7,23dec7c47cb418f8,Zachary Reese,"6' 4""",185 lbs.,"77""",Switch,"Mar 24, 1994",8,1,0,5.06,0.59,2.88,0.48,4.08,0.55,0.25,2.5
67533c6f7a2ac5f7e09af5da,11337d069261bf3a,Karl Reed,"6' 3""",205 lbs.,"78""",Orthodox,"Oct 27, 1988",6,1,0,2.04,0.44,3.84,0.38,1.06,0.22,0.53,0.0
67533c6f7a2ac5f7e09af5dd,3f56b99447f00607,Paul Redmond,"5' 10""",145 lbs.,,Orthodox,"Oct 20, 1986",12,7,0,0.72,0.34,2.99,0.41,0.0,0.0,0.5,0.0
67533c6f7a2ac5f7e09af5ba,8f4616698508f24d,Will Ribeiro,"5' 8""",135 lbs.,,Orthodox,"Feb 17, 1983",10,2,0,1.83,0.28,1.64,0.74,1.15,1.0,0.5,2.9
67533c6f7a2ac5f7e09af5be,319fa1bd3176bded,Johnny Rhodes,"6' 0""",210 lbs.,,Orthodox,,2,1,0,0.0,0.0,0.0,0.0,0.0,0.0,0.0,0.0
67533c6f7a2ac5f7e09af5e0,a303588c33d8c5ae,Iony Razafiarison,"5' 3""",145 lbs.,,,"Dec 23, 1984",2,1,0,1.2,0.42,1.4,0.53,2.0,0.5,0.75,0.0
67533c6f7a2ac5f7e09af5c0,beecb672a279223e,Amanda Ribas,"5' 3""",115 lbs.,"66""",Orthodox,"Aug 26, 1993",12,5,0,4.63,0.4,3.4,0.61,2.07,0.51,0.85,0.7
67533c6f7a2ac5f7e09af5dc,49d78120e0a4f607,Greg Rebello,"6' 0""",240 lbs.,"73""",Southpaw,"Jun 13, 1982",24,8,0,2.61,0.39,2.92,0.58,0.0,0.0,0.0,0.0
67533c6f7a2ac5f7e09af5bb,972c456ff38b2015,Claudio Ribeiro,"6' 1""",185 lbs.,"77""",Orthodox,"Jul 17, 1992",11,5,0,3.59,0.51,4.9,0.3,0.56,0.5,0.66,0.0
67533c6f7a2ac5f7e09af5e8,9d61d8cb1c354867,Hussain Rasouli,"5' 6""",135 lbs.,,,,2,3,0,0.0,0.0,0.0,0.0,0.0,0.0,0.0,0.0
67533c6f7a2ac5f7e09af5d9,fb4ca5c7e4448645,John Reedy,"5' 8""",155 lbs.,,,,11,6,0,0.0,0.0,0.0,0.0,0.0,0.0,0.0,0.0
67533c6f7a2ac5f7e09af5d6,3ba3b5cc94498437,Johnny Rees,"6' 0""",170 lbs.,,Orthodox,"Oct 21, 1982",13,5,0,3.29,0.64,0.84,0.47,1.15,0.25,0.5,0.0
67533c6f7a2ac5f7e09af5de,972197a8c61ac413,Rafael Rebello,"5' 5""",135 lbs.,"67""",Orthodox,"Oct 16, 1980",9,4,0,2.19,0.32,3.29,0.58,2.82,0.33,0.75,0.5
67533c6f7a2ac5f7e09af5d4,24d98df7556ac8af,Stephen Regman,"5' 11""",185 lbs.,"76""",Orthodox,"Aug 05, 1991",9,4,0,1.41,0.6,4.93,0.23,3.52,1.0,0.0,0.0
67533c6f7a2ac5f7e09af5d1,5aedf14771ca82d2,Wilson Reis,"5' 4""",125 lbs.,"65""",Southpaw,"Jan 06, 1985",23,10,0,1.83,0.29,3.04,0.55,5.15,0.42,0.47,0.6
67533c6f7a2ac5f7e09af5b8,323d4ca260dfa0ba,Esteban Ribovics,"5' 10""",155 lbs.,"69""",Orthodox,"Apr 27, 1996",14,1,0,7.53,0.48,4.95,0.57,0.64,0.66,0.61,0.3
67533c6f7a2ac5f7e09af5cd,c7d297714d9ab1a4,Marion Reneau,"5' 6""",135 lbs.,"68""",Orthodox,"Jun 20, 1977",9,8,1,3.2,0.41,3.52,0.59,0.62,0.63,0.5,0.8
67533c6f7a2ac5f7e09af5cf,132f860d02953f4c,Goran Reljic,"6' 3""",205 lbs.,"81""",Southpaw,"Mar 20, 1984",15,8,0,1.69,0.37,2.69,0.59,1.69,0.5,0.33,1.1
67533c6f7a2ac5f7e09af5e1,c36e1f4fa755ffb4,Antony Rea,"6' 0""",205 lbs.,,Orthodox,"Jul 15, 1976",33,15,0,2.89,0.28,5.42,0.42,0.0,0.0,1.0,0.0
67533c6f7a2ac5f7e09af5c5,dc07493a87dc0a6e,Alex Reyes,"5' 11""",155 lbs.,"73""",Orthodox,"Oct 02, 1986",13,5,0,4.46,0.46,6.92,0.48,1.5,0.28,0.0,0.0
67533c6f7a2ac5f7e09af5c1,64db35f7782fe274,Gaston Reyno,"6' 0""",145 lbs.,,,"Nov 11, 1986",6,2,0,7.79,0.62,3.9,0.44,0.0,0.0,0.0,11.7
67533c6f7a2ac5f7e09af5c7,f57cf3d54a641385,Herman Renting,"6' 0""",215 lbs.,,Switch,,1,3,0,0.0,0.0,0.0,0.0,0.0,0.0,0.0,0.0
67533c6f7a2ac5f7e09af5bd,042cc07ad5a53a33,Lucrezia Ria,"5' 6""",125 lbs.,,Orthodox,"Jun 24, 1992",8,2,0,4.07,0.46,4.4,0.45,1.0,0.33,0.0,0.0
67533c6f7a2ac5f7e09af5ca,60193e707634e560,Montserrat Rendon,"5' 8""",135 lbs.,"68""",Orthodox,"Mar 16, 1989",6,1,0,3.13,0.28,3.9,0.54,3.0,0.54,1.0,0.0
67533c6f7a2ac5f7e09af5d5,e9ec08ebb3f92aa3,James Reese,"5' 9""",155 lbs.,,,"Dec 21, 1980",11,10,0,0.0,0.0,0.0,0.0,0.0,0.0,0.0,0.0
67533c6f7a2ac5f7e09af5b6,3c921b1a30fdcbdd,Mike Ricci,"6' 0""",155 lbs.,"76""",Southpaw,"Mar 18, 1986",11,5,0,1.8,0.32,1.64,0.65,0.67,1.0,0.54,0.0
67533c6f7a2ac5f7e09af55b,744e098e065cfdbe,Ricardo Romero,"6' 0""",205 lbs.,"76""",Orthodox,"Apr 15, 1978",11,3,0,2.17,0.55,4.77,0.46,1.63,0.1,1.0,3.3
67533c6f7a2ac5f7e09af5cb,1ddb480b601cefb1,Chance Rencountre,"6' 2""",170 lbs.,"75""",Southpaw,"Dec 31, 1986",14,4,0,1.1,0.2,3.62,0.49,1.35,0.26,0.16,0.3
67533c6f7a2ac5f7e09af5d3,02500fb9fd79a974,Jason Reinhardt,"5' 6""",135 lbs.,,Orthodox,"Oct 31, 1969",20,3,0,0.51,0.4,4.07,0.43,1.91,0.12,0.5,0.0
67533c6f7a2ac5f7e09af5d2,d8022d5526b1d937,Chad Reiner,"5' 11""",170 lbs.,,Orthodox,"Jun 29, 1981",33,18,0,0.53,0.2,1.97,0.46,0.99,0.33,0.25,2.0
67533c6f7a2ac5f7e09af5b9,49edd0d90f60fb7d,Brendson Ribeiro,"6' 3""",205 lbs.,"81""",Orthodox,"Sep 08, 1996",16,7,0,3.16,0.42,3.92,0.54,1.27,0.5,0.0,0.4
67533c6f7a2ac5f7e09af5db,ac7c765882f2c68c,Elise Reed,"5' 3""",115 lbs.,"63""",Orthodox,"Dec 05, 1992",8,4,0,3.5,0.53,3.15,0.53,0.49,0.6,0.56,0.0
67533c6f7a2ac5f7e09af5d0,ee7b7768a4e6dc45,Ben Reiter,"6' 3""",185 lbs.,,,"Jun 27, 1987",17,2,1,1.8,0.46,1.53,0.54,7.0,0.43,0.0,0.0
67533c6f7a2ac5f7e09af5c3,7333d6e0f6428acb,Kyle Reyes,"5' 8""",145 lbs.,,,,15,7,0,0.0,0.0,0.0,0.0,0.0,0.0,0.0,0.0
67533c6f7a2ac5f7e09af5bf,b7ad576b8ae115e6,Mike Rhodes,"6' 1""",170 lbs.,"74""",Orthodox,"Dec 04, 1989",10,5,0,3.2,0.39,4.13,0.64,0.96,0.33,0.75,0.5
67533c6f7a2ac5f7e09af55a,6f81399074fcdbba,Anthony Romero,"5' 11""",155 lbs.,"70""",Orthodox,"Feb 25, 1997",8,0,0,5.87,0.52,4.0,0.65,2.0,0.22,1.0,0.0
67533c6f7a2ac5f7e09af5eb,0be6776db31d98ec,Mitch Raposo,"5' 5""",125 lbs.,"64""",Switch,"Oct 16, 1998",9,2,0,2.29,0.33,3.32,0.51,1.94,0.6,0.5,0.0
67533c6f7a2ac5f7e09af5ec,ed069a95aaaf4f56,Raou Raou,"5' 8""",195 lbs.,,Orthodox,,0,1,0,2.01,0.16,6.75,0.6,0.0,0.0,0.0,0.0
67533c6f7a2ac5f7e09af5ea,31e1ea6fe6b682f8,David Rasouri,"5' 7""",155 lbs.,,,,2,3,0,0.0,0.0,0.0,0.0,0.0,0.0,0.0,0.0
67533c6f7a2ac5f7e09af5ed,30b577b112bef42d,Vernon Ramos Ho,"5' 6""",170 lbs.,,Orthodox,"Jun 03, 1992",3,1,0,4.0,0.25,8.0,0.55,0.0,0.0,0.0,0.0
67533c6f7a2ac5f7e09af5f8,96c05ba5ab9eccaf,Matt Ramirez,"5' 5""",125 lbs.,,,,2,3,0,3.03,0.5,0.67,0.75,2.53,0.16,1.0,0.0
67533c6f7a2ac5f7e09af5f3,1ae8f3c723aacff4,Ricardo Ramos,"5' 9""",145 lbs.,"72""",Orthodox,"Aug 01, 1995",17,6,0,3.03,0.36,3.85,0.55,2.77,0.61,0.72,0.8
67533c6f7a2ac5f7e09af5f5,e99eb0ef25885de5,Mitch Ramirez,"5' 11""",155 lbs.,"71""",Orthodox,"Nov 03, 1992",8,2,0,2.37,0.42,3.34,0.36,0.91,1.0,0.0,0.0
67533c6f7a2ac5f7e09af5fb,641ca2c2ed91b93c,Zygimantas Ramaska,"5' 11""",145 lbs.,"71""",Orthodox,"Dec 27, 1996",9,3,0,0.96,0.6,2.25,0.3,0.0,0.0,0.33,2.4
67533c6f7a2ac5f7e09af5f2,3b5f2faaa2f2c1f6,Andrew Ramm,"6' 1""",160 lbs.,,,,4,4,0,0.0,0.0,0.0,0.0,0.0,0.0,0.0,0.0
67533c6f7a2ac5f7e09af5f4,abc8e1423cf5b74e,Ian Rammel,"6' 0""",185 lbs.,,,"Jul 22, 1985",7,8,0,0.0,0.0,0.0,0.0,0.0,0.0,0.0,0.0
67533c6f7a2ac5f7e09af5fa,333b9e5c723ac873,Aleksandar Rakic,"6' 4""",205 lbs.,"78""",Orthodox,"Feb 06, 1992",14,5,0,4.16,0.5,2.91,0.51,0.66,0.23,0.85,0.1
67533c6f7a2ac5f7e09af5f1,7bc475b0fc2020ab,Luis Ramos,"5' 8""",170 lbs.,,Orthodox,"Jan 18, 1981",20,10,2,2.4,0.35,5.6,0.42,1.5,0.2,1.0,0.0
67533c6f7a2ac5f7e09af5ee,fa4dcb2c8de482ee,Dorian Ramos,"5' 8""",145 lbs.,"70""",Orthodox,"Dec 31, 1993",8,3,0,2.3,0.52,2.67,0.47,1.82,0.25,0.33,0.0
67533c6f7a2ac5f7e09af5f0,0052de90691d4a93,Davi Ramos,"5' 6""",155 lbs.,"70""",Orthodox,"Nov 05, 1986",10,4,0,2.64,0.37,3.44,0.56,1.95,0.4,0.83,0.6
67533c6f7a2ac5f7e09af5f9,ea398c802d9998ee,Thomas Ramirez,"6' 1""",410 lbs.,,Sideways,,0,1,0,0.0,0.0,0.0,0.0,0.0,0.0,0.0,0.0
67533c6f7a2ac5f7e09af5ef,6859f67468ba8489,Kevin Randleman,"5' 10""",205 lbs.,,Orthodox,"Aug 10, 1971",17,16,0,1.26,0.54,1.12,0.57,2.0,0.56,0.3,0.8
67533c6f7a2ac5f7e09af5f7,4311e9d23604205c,Steve Ramirez,"5' 7""",125 lbs.,,,,5,2,0,0.0,0.0,0.0,0.0,0.0,0.0,0.0,0.0
67533c6f7a2ac5f7e09af5fc,d1759b2b7be9be56,Hector Ramirez,"6' 0""",205 lbs.,,Orthodox,"Mar 28, 1976",10,6,1,2.27,0.41,4.6,0.56,2.3,0.55,0.66,0.5
67533c6f7a2ac5f7e09af5fe,01afe0916a40c7c5,Shavkat Rakhmonov,"6' 1""",170 lbs.,"77""",Orthodox,"Oct 23, 1994",18,0,0,4.12,0.61,2.41,0.51,1.49,0.29,1.0,1.8
67533c6f7a2ac5f7e09af600,9b1e3fb4f8cbd5b7,Ricky Rainey,"6' 1""",170 lbs.,"77""",Switch,"Jun 29, 1983",12,6,0,2.55,0.48,2.62,0.46,0.95,0.18,0.55,0.0
67533c6f7a2ac5f7e09af601,ff2c606c8bc365e3,Josh Rafferty,"6' 0""",170 lbs.,,Orthodox,"Jan 06, 1981",9,8,0,0.6,0.33,3.6,0.5,0.0,0.0,0.0,9.0
67533c6f7a2ac5f7e09af5fd,ffdeb4fbea09ce75,Jessica Rakoczy,"5' 7""",115 lbs.,,Orthodox,"Apr 14, 1977",1,5,0,2.5,0.44,3.55,0.64,0.75,0.2,0.0,0.8
67533c6f7a2ac5f7e09af603,8c169fbe1ac33637,Loik Radzhabov,"5' 11""",155 lbs.,"69""",Orthodox,"Sep 17, 1990",18,6,1,2.89,0.44,3.76,0.46,4.65,0.57,0.42,0.0
67533c6f7a2ac5f7e09af60e,efc67b07eed39794,Istela Nunes,"5' 4""",115 lbs.,"66""",Orthodox,"Jul 23, 1992",6,5,0,5.02,0.45,4.84,0.6,0.0,0.0,0.5,0.0
67533c6f7a2ac5f7e09af60c,0fd5f4b838e890cc,Said Nurmagomedov,"5' 8""",135 lbs.,"70""",Orthodox,"Apr 05, 1992",18,3,0,3.55,0.47,2.13,0.57,1.01,0.16,0.66,1.4
67533c6f7a2ac5f7e09af60b,709fadb644ee3f51,Diyar Nurgozhay,"6' 2""",205 lbs.,"74""",Southpaw,"Apr 22, 1997",10,0,0,3.52,0.52,2.7,0.66,0.0,0.0,1.0,0.0
67533c6f7a2ac5f7e09af60a,2b6fc1c02736833d,Umar Nurmagomedov,"5' 8""",135 lbs.,"69""",Orthodox,"Jan 03, 1996",18,0,0,4.46,0.63,1.36,0.63,3.98,0.5,1.0,0.4
67533c6f7a2ac5f7e09af602,45bc8f98d62bd096,Jordan Radev,"5' 7""",185 lbs.,,Southpaw,"Sep 28, 1976",23,5,0,1.35,0.23,2.38,0.66,0.0,0.0,0.8,0.0
67533c6f7a2ac5f7e09af60d,68d35296f566792b,Josiane Nunes,"5' 2""",135 lbs.,"67""",Southpaw,"Dec 23, 1993",10,3,0,5.41,0.42,5.44,0.51,0.0,0.0,0.58,0.0
67533c6f7a2ac5f7e09af608,01b39decaf0abf6a,Benji Radach,"5' 10""",185 lbs.,,Orthodox,"Apr 05, 1979",21,7,0,2.62,0.49,2.31,0.51,1.06,0.41,0.71,0.4
67533c6f7a2ac5f7e09af610,0a73acff6325c1e2,Shayilan Nuerdanbieke,"5' 8""",145 lbs.,"69""",Orthodox,"May 04, 1994",39,12,0,1.95,0.45,2.64,0.5,3.3,0.35,0.28,0.2
67533c6f7a2ac5f7e09af609,029e1293e609fd74,Abubakar Nurmagomedov,"5' 11""",170 lbs.,"72""",Orthodox,"Nov 13, 1989",17,4,1,2.78,0.53,2.61,0.65,1.25,0.22,0.88,0.0
67533c6f7a2ac5f7e09af60f,d343df8ba11f4c4e,Nina Nunes,"5' 5""",125 lbs.,"64""",Orthodox,"Dec 03, 1985",11,7,0,4.39,0.45,3.47,0.55,0.24,0.33,0.73,0.5
67533c6f7a2ac5f7e09af61a,ed9d8ee3a4239b1c,Sage Northcutt,"6' 0""",170 lbs.,"71""",Orthodox,"Mar 01, 1996",11,2,0,3.58,0.52,1.96,0.58,1.81,0.34,0.41,0.6
67533c6f7a2ac5f7e09af607,032cc3922d871c7f,Khabib Nurmagomedov,"5' 10""",155 lbs.,"70""",Orthodox,"Sep 20, 1988",29,0,0,4.1,0.48,1.75,0.65,5.32,0.48,0.84,0.8
67533c6f7a2ac5f7e09af605,6cc25d19a891f435,Gilbert Rael,"5' 8""",155 lbs.,,,,1,3,0,0.0,0.0,7.46,0.37,4.86,1.0,0.0,0.0
67533c6f7a2ac5f7e09af606,feedf3053472fe56,Charles Radtke,"5' 9""",170 lbs.,"72""",Orthodox,"Jul 09, 1990",10,4,0,3.38,0.53,3.03,0.56,0.59,0.12,1.0,0.0
67533c6f7a2ac5f7e09af617,6b0e83b094f816ac,Shohei Nose,"5' 6""",135 lbs.,"68""",Switch,"Oct 19, 1997",12,5,2,1.52,0.37,2.17,0.52,2.23,0.17,0.14,3.6
67533c6f7a2ac5f7e09af618,d665de9b4da87c22,Nick Nolte,"6' 0""",170 lbs.,,,,5,4,0,0.0,0.0,0.0,0.0,0.0,0.0,0.0,0.0
67533c6f7a2ac5f7e09af604,bc7f7f0ba3db74d2,Amir Rahnavardi,"6' 0""",205 lbs.,,Orthodox,"Dec 07, 1974",11,10,0,0.67,0.25,0.0,1.0,0.0,0.0,0.5,0.0
67533c6f7a2ac5f7e09af616,9e8e5c529057fe60,Jonatas Novaes,"5' 11""",170 lbs.,,,"Mar 02, 1981",13,5,0,0.0,0.0,0.0,0.0,0.0,0.0,0.0,0.0
67533c6f7a2ac5f7e09af615,459e4dc69ec669b2,Jason Novelli,"6' 0""",155 lbs.,,Orthodox,"Jun 08, 1979",11,3,1,1.73,0.24,3.55,0.66,0.7,0.33,1.0,0.0
67533c6f7a2ac5f7e09af614,64360e618823a8e4,Phillipe Nover,"5' 9""",145 lbs.,"72""",Orthodox,"Feb 03, 1984",11,8,1,1.79,0.35,2.48,0.56,0.99,0.28,0.44,0.7
67533c6f7a2ac5f7e09af61c,6c3b2525436cf5d4,Tom Nolan,"6' 3""",155 lbs.,"73""",Southpaw,"Mar 08, 2000",8,1,0,6.68,0.5,5.17,0.47,0.0,0.0,0.66,0.7
67533c6f7a2ac5f7e09af613,7498b3ac79a3b948,Taiyilake Nueraji,"6' 2""",170 lbs.,"75""",Southpaw,"Jan 12, 2001",9,1,0,11.01,0.48,7.39,0.58,0.0,0.0,0.0,0.0
67533c6f7a2ac5f7e09af612,3a24769a4855040a,Diego Nunes,"5' 6""",145 lbs.,"67""",Orthodox,"Nov 30, 1982",19,7,0,2.72,0.43,2.59,0.58,1.18,0.44,0.65,0.6
67533c6f7a2ac5f7e09af61b,bd4389b71fdc0ce2,Jan Nortje,"6' 1""",310 lbs.,,Southpaw,"Apr 11, 1975",2,6,0,3.32,0.51,4.5,0.32,0.0,0.0,0.66,2.9
67533c6f7a2ac5f7e09af619,f21a3d68fb9df387,Scott Norton,"5' 10""",170 lbs.,,Orthodox,"Mar 15, 1973",7,1,0,0.67,0.3,0.34,0.6,2.52,0.25,0.0,0.0
67533c6f7a2ac5f7e09af611,80fa8218c99f9c58,Amanda Nunes,"5' 8""",135 lbs.,"69""",Orthodox,"May 30, 1988",23,5,0,4.55,0.51,2.62,0.57,2.73,0.54,0.82,0.7
67533c6f7a2ac5f7e09af61d,7339d340aa2889cb,Kyle Noke,"6' 1""",170 lbs.,"76""",Southpaw,"Mar 18, 1980",22,10,1,3.23,0.5,2.09,0.64,1.53,0.54,0.66,0.8
67533c6f7a2ac5f7e09af61e,a3d1d060f9af97fe,Talita Nogueira,"5' 10""",145 lbs.,,,"Oct 13, 1985",6,0,0,0.0,0.0,0.0,0.0,0.0,0.0,0.0,0.0
67533c6f7a2ac5f7e09af61f,73e09f837f3b5ecc,Rogerio Nogueira,"6' 2""",205 lbs.,"75""",Southpaw,"Jun 02, 1976",23,10,0,2.43,0.35,2.34,0.59,0.64,0.44,0.62,0.8
67533c6f7a2ac5f7e09af621,ee9d73f4fee9cbdd,Antonio Rodrigo Nogueira,"6' 3""",240 lbs.,"77""",Orthodox,"Jun 02, 1976",34,10,1,1.95,0.42,2.4,0.55,1.3,0.29,0.36,2.4
67533c6f7a2ac5f7e09af622,e983c62faf677ab2,Pedro Nobre,"5' 5""",135 lbs.,,,"Feb 13, 1986",18,4,2,1.37,0.3,9.16,0.35,0.0,0.0,0.0,0.0
67533c6f7a2ac5f7e09af623,4c27ca8c8481f79a,Alexandre Franca Nogueira,"5' 7""",145 lbs.,,Orthodox,"Jan 15, 1978",18,6,3,0.6,0.2,4.18,0.57,0.0,0.0,0.0,0.0
67533c6f7a2ac5f7e09af624,4acf03bdec2025d7,Kyle Noblitt,"6' 2""",243 lbs.,,,"Dec 26, 1989",11,2,0,0.0,0.0,0.0,0.0,0.0,0.0,0.0,0.0
67533c6f7a2ac5f7e09af626,c68c68efaa5ca6ef,Chidi Njokuani,"6' 3""",170 lbs.,"80""",Orthodox,"Dec 31, 1988",24,10,0,4.59,0.63,2.67,0.56,0.0,0.0,0.74,0.2
67533c6f7a2ac5f7e09af625,21321cdfba797c52,Derrick Noble,"5' 9""",170 lbs.,,Southpaw,"Aug 14, 1978",27,15,1,6.21,0.4,3.79,0.59,0.0,0.0,0.0,0.0
67533c6f7a2ac5f7e09af627,7beecbe0a08cf002,Yamato Nishikawa,"5' 7""",155 lbs.,,Orthodox,"Dec 06, 2002",21,3,6,0.0,0.0,0.0,0.0,0.0,0.0,0.0,0.0
67533c6f7a2ac5f7e09af628,2c1170b825f58e57,Guangyou Ning,"5' 4""",145 lbs.,"64""",Southpaw,"Dec 15, 1981",5,4,1,2.66,0.41,1.91,0.61,1.09,0.5,0.62,0.3
67533c6f7a2ac5f7e09af629,6810d8d2dd557cf9,Soichi Nishida,"5' 11""",320 lbs.,,Orthodox,,5,10,1,0.0,0.0,0.0,0.0,0.0,0.0,0.0,0.0
67533c6f7a2ac5f7e09af62a,6bf5a7d3e081ade2,Anthony Njokuani,"6' 1""",155 lbs.,"75""",Orthodox,"Mar 01, 1980",16,12,0,3.94,0.46,2.41,0.65,0.5,0.45,0.53,0.2
67533c6f7a2ac5f7e09af62c,5cde96e0a1a1fffe,Yosuke Nishijima,"5' 9""",205 lbs.,,Orthodox,"May 15, 1973",0,5,0,1.72,0.37,5.59,0.56,0.0,0.0,0.0,0.0
67533c6f7a2ac5f7e09af62b,6c9383ffab2725a5,Akiyo Nishiura,"5' 8""",139 lbs.,,Southpaw,"Aug 08, 1983",13,8,1,1.59,0.57,1.26,0.57,0.0,0.0,0.52,0.3
67533c6f7a2ac5f7e09af62d,a9bcf8717dd12532,Mats Nilsson,"6' 1""",170 lbs.,,Orthodox,"Dec 05, 1983",11,4,1,2.99,0.39,5.62,0.63,3.87,0.83,0.44,2.3
67533c6f7a2ac5f7e09af630,22aa91e402d0fe1f,Ramsey Nijem,"5' 11""",155 lbs.,"75""",Orthodox,"Apr 01, 1988",9,6,0,3.05,0.44,1.62,0.62,5.32,0.62,0.55,1.1
67533c6f7a2ac5f7e09af660,776a58a67665a171,Nad Narimani,"5' 8""",145 lbs.,"70""",Orthodox,"Apr 14, 1987",12,4,0,3.33,0.42,3.0,0.58,1.92,0.41,0.7,0.0
67533c6f7a2ac5f7e09af64e,d1a1314976c50bef,Josh Neer,"5' 11""",170 lbs.,"72""",Orthodox,"Mar 24, 1983",36,16,1,3.29,0.46,3.63,0.58,1.09,0.34,0.46,1.3
67533c6f7a2ac5f7e09af641,1209b5134401ca53,Mario Neto,"6' 0""",229 lbs.,,Orthodox,,13,5,0,1.89,0.5,1.89,0.7,2.84,1.0,0.0,0.0
67533c6f7a2ac5f7e09af63f,952f6fa06f25a0ec,Carlos Newton,"5' 9""",170 lbs.,,Orthodox,"Aug 17, 1976",16,14,0,0.65,0.41,1.55,0.44,2.47,0.7,0.43,0.9
67533c6f7a2ac5f7e09af631,4956f60b7fa57c1a,Hans Nijman,"6' 0""",250 lbs.,,Switch,"Oct 23, 1959",9,7,0,0.0,0.0,0.0,0.0,0.0,0.0,0.0,0.0
67533c6f7a2ac5f7e09af65d,7dfb56f24fe5ddea,Bobby Nash,"6' 0""",170 lbs.,"74""",Orthodox,"Mar 26, 1990",8,4,0,3.42,0.37,3.95,0.51,2.37,0.33,1.0,1.6
67533c6f7a2ac5f7e09af654,52f7d300738961ac,Marcio Navarro,"6' 0""",155 lbs.,,,"Sep 17, 1978",14,14,0,0.0,0.0,0.0,0.0,0.0,0.0,0.0,0.0
67533c6f7a2ac5f7e09af637,1a31ef98efce7a79,Matheus Nicolau,"5' 6""",125 lbs.,"66""",Orthodox,"Jan 06, 1993",19,6,1,3.31,0.51,2.98,0.65,1.22,0.43,0.9,0.8
67533c6f7a2ac5f7e09af655,618f72750ec50b05,Danny Navarro,"5' 10""",155 lbs.,,,"May 27, 1983",17,7,0,3.83,0.32,4.62,0.57,2.17,0.25,1.0,0.0
67533c6f7a2ac5f7e09af65a,0dba4df5f34d5ff0,Rafael Natal,"6' 0""",185 lbs.,"77""",Orthodox,"Dec 25, 1982",21,9,1,3.1,0.47,2.48,0.57,2.55,0.34,0.77,0.5
67533c6f7a2ac5f7e09af65f,307064d3e0f036c2,Fabio Nascimento,"5' 10""",185 lbs.,,Orthodox,,11,6,0,2.94,0.38,4.63,0.55,0.0,0.0,0.55,0.8
67533c6f7a2ac5f7e09af636,35673bf5204524ee,Bo Nickal,"6' 1""",185 lbs.,"76""",Southpaw,"Jan 14, 1996",7,0,0,2.65,0.63,1.86,0.64,3.61,0.5,0.0,3.6
67533c6f7a2ac5f7e09af663,47b63240018d5d86,Rose Namajunas,"5' 5""",125 lbs.,"65""",Orthodox,"Jun 29, 1992",14,7,0,3.71,0.42,3.48,0.63,1.46,0.5,0.61,0.4
67533c6f7a2ac5f7e09af65b,d41937647eae9a34,Reza Nasri,"5' 11""",205 lbs.,,Orthodox,,0,1,0,0.0,0.0,0.0,0.0,0.0,0.0,0.0,0.0
67533c6f7a2ac5f7e09af653,6aae253467e8f9ce,Tafon Nchukwi,"6' 0""",185 lbs.,"77""",Orthodox,"Oct 14, 1994",6,4,0,5.57,0.52,4.11,0.54,0.76,0.57,0.64,0.0
67533c6f7a2ac5f7e09af64a,fd55393021a8c255,Gunnar Nelson,"5' 11""",170 lbs.,"72""",Switch,"Jul 28, 1988",19,5,1,1.84,0.61,3.0,0.49,1.9,0.59,0.66,1.0
67533c6f7a2ac5f7e09af645,fae67903c4fe636b,Antonio Braga Neto,"6' 3""",185 lbs.,"77""",Orthodox,"Oct 29, 1987",9,3,0,1.36,0.33,3.92,0.45,3.07,0.37,0.0,0.5
67533c6f7a2ac5f7e09af65c,d31a5546c0e9b213,Rodrigo Nascimento,"6' 2""",246 lbs.,"80""",Orthodox,"Nov 26, 1992",11,3,0,3.71,0.47,4.34,0.44,1.02,0.37,0.6,0.5
67533c6f7a2ac5f7e09af640,78f485f851891d68,Journey Newson,"5' 5""",135 lbs.,"67""",Orthodox,"Mar 07, 1989",10,5,0,2.64,0.32,2.57,0.64,0.56,0.16,0.43,0.3
67533c6f7a2ac5f7e09af648,8c57c7b8c3bab0eb,Nicolae Negumereanu,"6' 0""",205 lbs.,"78""",Orthodox,"Sep 04, 1994",13,2,0,3.58,0.41,5.56,0.39,1.02,0.28,0.62,0.0
67533c6f7a2ac5f7e09af658,154a6b3ffae264cd,Pawel Nastula,"6' 0""",230 lbs.,,Southpaw,"Jun 26, 1970",5,6,0,1.3,0.43,1.73,0.5,3.0,0.6,0.0,1.5
67533c6f7a2ac5f7e09af661,3a12a2f096a6d975,Roger Narvaez,"6' 3""",185 lbs.,,Southpaw,"Sep 09, 1983",8,3,0,2.12,0.37,3.32,0.64,0.0,0.0,0.5,0.9
67533c6f7a2ac5f7e09af635,2bd98ab77a8daa75,Stewart Nicoll,"5' 5""",125 lbs.,"65""",Orthodox,"Nov 04, 1994",8,1,0,3.02,0.47,1.13,0.4,5.66,1.0,0.0,0.0
67533c6f7a2ac5f7e09af638,330ec26453c44a59,Mike Nickels,"6' 4""",205 lbs.,,Orthodox,"Dec 13, 1971",9,5,0,4.44,0.52,1.11,0.64,11.11,0.8,0.0,2.8
67533c6f7a2ac5f7e09af659,769fa803bf9d2e3b,Nasrudin Nasrudinov,"6' 0""",205 lbs.,"71""",Orthodox,"Oct 06, 1991",9,1,0,1.03,0.87,0.29,0.75,2.2,0.5,0.4,0.0
67533c6f7a2ac5f7e09af633,5fceb45939fc0c8a,Tom Niinimaki,"5' 9""",145 lbs.,"69""",Orthodox,"Jul 25, 1982",22,8,1,1.91,0.54,2.31,0.58,2.97,0.46,0.33,0.5
67533c6f7a2ac5f7e09af64c,3f7c14c7eca7195d,Roy Nelson,"6' 0""",263 lbs.,"73""",Orthodox,"Jun 20, 1976",22,14,0,2.18,0.36,4.79,0.46,1.14,0.27,0.65,0.1
67533c6f7a2ac5f7e09af634,52a003d768f10d91,Khomkrit Niimi,"5' 2""",125 lbs.,,,,6,10,0,0.0,0.0,5.73,0.44,0.0,0.0,0.0,0.0
67533c6f7a2ac5f7e09af662,6e00cfffd54653c4,Tyson Nam,"5' 7""",125 lbs.,"68""",Orthodox,"Oct 06, 1983",21,14,1,3.87,0.33,4.97,0.65,0.0,0.0,0.87,0.0
67533c6f7a2ac5f7e09af63a,fbbbc68d368832fa,Emanuel Newton,"6' 1""",205 lbs.,,,"Jan 02, 1984",26,12,1,1.92,0.49,1.35,0.51,2.02,1.0,0.0,0.0
67533c6f7a2ac5f7e09af664,6083f497c22cc075,Yasuhito Namekawa,"5' 9""",205 lbs.,,Orthodox,"Oct 27, 1974",25,16,4,0.14,0.5,3.65,0.38,2.11,0.25,0.0,4.2
67533c6f7a2ac5f7e09af64f,5751267660c734cb,Joe Neal,"5' 6""",135 lbs.,,,"Jul 29, 1986",6,2,0,1.87,0.19,3.8,0.66,0.0,0.0,0.0,0.0
67533c6f7a2ac5f7e09af64d,1d4bbaabd8b60173,Stanislav Nedkov,"5' 11""",205 lbs.,"71""",Orthodox,"Dec 09, 1981",12,2,0,3.33,0.43,5.39,0.43,2.77,0.41,0.0,0.0
67533c6f7a2ac5f7e09af665,a00ec21cfbba17b6,Yui Chul Nam,"5' 9""",145 lbs.,,Orthodox,"Jul 16, 1981",18,8,1,3.53,0.51,2.0,0.48,1.33,0.16,0.57,0.3
67533c6f7a2ac5f7e09af652,0b534765dca35e71,Josh Neal,"6' 0""",185 lbs.,,,,5,11,0,0.0,0.0,0.0,0.0,0.0,0.0,0.0,0.0
67533c6f7a2ac5f7e09af649,31f8081c7600da93,Kyle Nelson,"5' 11""",145 lbs.,"71""",Switch,"Apr 20, 1991",16,6,1,3.51,0.45,4.72,0.51,1.06,0.2,0.73,0.6
67533c6f7a2ac5f7e09af650,b997be68943010fc,Geoff Neal,"5' 11""",170 lbs.,"75""",Southpaw,"Aug 28, 1990",16,6,0,5.05,0.51,5.44,0.57,0.56,0.5,0.87,0.1
67533c6f7a2ac5f7e09af643,1d688fa375d9431c,Eduardo Neves,"6' 2""",263 lbs.,"78""",Orthodox,"Mar 16, 2000",7,2,0,7.69,0.65,6.15,0.55,5.77,0.66,0.0,0.0
67533c6f7a2ac5f7e09af63b,69037fc7730e4225,Steven Nguyen,"5' 11""",145 lbs.,"73""",Switch,"May 19, 1993",9,2,0,7.15,0.4,7.36,0.6,0.28,1.0,0.84,0.0
67533c6f7a2ac5f7e09af632,3edf45e1717fa764,Jaimelene Nievera,"5' 5""",125 lbs.,,Orthodox,"Oct 28, 1984",7,4,0,1.67,0.53,8.73,0.33,1.79,0.16,0.0,0.0
67533c6f7a2ac5f7e09af64b,2db7fa8db6bc9632,Shane Nelson,"5' 9""",155 lbs.,"70""",Southpaw,"Nov 29, 1984",16,7,0,1.38,0.31,2.84,0.61,1.31,0.18,0.54,1.6
67533c6f7a2ac5f7e09af63e,94609dd91731d428,Jeff Newton,"6' 2""",205 lbs.,,Sideways,"Dec 11, 1966",4,2,0,0.28,0.2,1.41,0.52,0.0,0.0,0.0,8.5
67533c6f7a2ac5f7e09af647,13e62d766b709aa6,Steve Nelmark,"6' 0""",240 lbs.,,Orthodox,,2,1,0,0.0,0.0,0.0,0.0,0.0,0.0,0.0,0.0
67533c6f7a2ac5f7e09af5e3,eae431e70064e046,Abdul Razak Alhassan,"5' 10""",185 lbs.,"73""",Orthodox,"Aug 11, 1985",12,6,0,3.62,0.49,3.97,0.55,0.88,0.38,0.51,0.2
67533c6f7a2ac5f7e09af657,0c258d1d8e16e5f1,Kevin Natividad,"5' 6""",135 lbs.,"70""",Orthodox,"Apr 02, 1993",9,4,0,2.68,0.34,4.29,0.47,3.66,0.5,0.83,0.0
67533c6f7a2ac5f7e09af642,195d0d3e14a2e256,Julio Cesar Neves Jr.,"5' 8""",145 lbs.,,,"Apr 25, 1994",33,1,0,1.98,0.35,4.81,0.51,1.06,0.25,0.76,0.0
67533c6f7a2ac5f7e09af644,f562238becb9ec50,Nick Newell,"5' 10""",155 lbs.,,Southpaw,"Mar 17, 1986",14,2,0,3.53,0.46,4.07,0.36,0.0,0.0,0.33,0.0
67533c6f7a2ac5f7e09af639,2b6d855c6e280fb1,Alex Nicholson,"6' 4""",185 lbs.,"77""",Orthodox,"May 02, 1990",7,4,0,4.12,0.43,4.65,0.47,0.0,0.0,0.5,0.5
67533c6f7a2ac5f7e09af65e,253076a23d03dcd0,Allan Nascimento,"5' 8""",125 lbs.,"69""",Orthodox,"Sep 11, 1991",20,6,0,3.21,0.61,2.28,0.5,1.55,0.26,0.16,0.9
67533c6f7a2ac5f7e09af651,e503aa5c252a1b4d,Dustin Neace,"5' 9""",145 lbs.,"69""",,"Sep 12, 1986",25,21,1,2.08,0.32,2.66,0.56,0.0,0.0,0.0,1.7
67533c6f7a2ac5f7e09af646,f4db63258ecf0613,Lissette Neri,"5' 2""",145 lbs.,,,"Aug 05, 1987",6,4,0,0.0,0.0,0.0,0.0,0.0,0.0,0.0,0.0
67533c6f7a2ac5f7e09af63d,8d03ce87ca14e778,Francis Ngannou,"6' 4""",250 lbs.,"83""",Orthodox,"Sep 05, 1986",17,3,0,2.33,0.41,2.16,0.41,0.76,0.62,0.71,0.3
67533c6f7a2ac5f7e09af63c,840d2c82ea68b9aa,Ben Nguyen,"5' 5""",125 lbs.,"65""",Switch,"Aug 03, 1988",16,8,0,3.51,0.4,3.01,0.59,0.25,0.33,0.63,1.0
67533c6f7a2ac5f7e09af666,e18012194473e8b0,Yoshihiro Nakao,"6' 0""",220 lbs.,,Southpaw,"Jun 25, 1972",9,3,0,1.73,0.35,2.06,0.64,2.69,0.46,0.0,0.5
67533c6f7a2ac5f7e09af667,eb9446a4f44e19cf,Tokitaka Nakanishi,"5' 6""",135 lbs.,"66""",Orthodox,"Jul 28, 1996",12,4,0,1.1,0.44,1.57,0.45,3.0,0.37,0.0,0.0
67533c6f7a2ac5f7e09af668,d8c811df0386d5e8,Rinya Nakamura,"5' 7""",135 lbs.,"68""",Southpaw,"Mar 23, 1995",9,0,0,3.53,0.54,1.38,0.67,3.72,0.9,1.0,1.6
67533c6f7a2ac5f7e09af669,95eb112a85601a0a,Jutaro Nakao,"5' 9""",170 lbs.,,Southpaw,"Nov 30, 1970",25,19,4,0.53,0.38,1.06,0.44,0.38,0.5,0.56,0.0
67533c6f7a2ac5f7e09af66a,a196332ee4aa8a82,Daisuke Nakamura,"5' 7""",154 lbs.,,Orthodox,"Jun 10, 1980",28,19,1,0.94,0.3,1.38,0.61,0.46,0.4,0.3,3.6
67533c6f7a2ac5f7e09af66c,f9ae6914f604aa9f,Rin Nakai,"5' 1""",135 lbs.,,Orthodox,"Oct 22, 1986",19,2,1,1.57,0.33,3.9,0.6,3.0,0.18,0.75,0.5
67533c6f7a2ac5f7e09af66b,03e8df49c4a059ba,Yusaku Nakamura,"5' 5""",145 lbs.,,,"Jun 21, 1986",14,4,1,1.72,0.45,3.67,0.55,0.0,0.0,0.83,0.0
67533c6f7a2ac5f7e09af66d,b034747dc1d15491,Kazuhiro Nakamura,"5' 11""",205 lbs.,"70""",Orthodox,"Jul 16, 1979",21,13,0,1.56,0.37,1.83,0.59,1.73,0.36,0.42,0.6
67533c6f7a2ac5f7e09af66e,7a9ca95a92d7b64c,Andrews Nakahara,"6' 1""",185 lbs.,,Orthodox,"Mar 12, 1983",5,4,2,2.68,0.44,1.9,0.57,0.0,0.0,0.72,0.4
67533c6f7a2ac5f7e09af66f,50c469e0cb73be10,Yura Naito,"6' 0""",185 lbs.,"74""",Orthodox,"Apr 26, 1996",6,1,0,1.22,0.44,5.33,0.28,1.67,0.09,0.0,0.0
67533c6f7a2ac5f7e09af670,65ddc8a9ac4e8531,Keita Nakamura,"5' 11""",170 lbs.,"73""",Southpaw,"May 22, 1984",34,10,2,2.23,0.36,3.2,0.58,1.65,0.48,0.63,0.3
67533c6f7a2ac5f7e09af671,7be328bb3c2ea22e,Yukiya Naito,"6' 1""",205 lbs.,,Orthodox,,15,6,2,1.54,0.33,5.13,0.6,0.0,0.0,0.0,0.0
67533c6f7a2ac5f7e09af673,8d11d9c13e2ccdf7,Muhammad Naimov,"5' 9""",145 lbs.,"70""",Orthodox,"Aug 07, 1994",11,3,0,3.18,0.43,4.28,0.42,1.8,0.3,0.57,0.0
67533c6f7a2ac5f7e09af674,e49c2db95e572dc8,Yuji Nagata,"6' 0""",225 lbs.,,Orthodox,"Apr 24, 1968",0,2,0,1.45,0.4,14.46,0.04,0.0,0.0,0.0,0.0
67533c6f7a2ac5f7e09af675,d5ae8074631762fc,Katsuhiko Nagata,"5' 7""",154 lbs.,,Southpaw,"Oct 31, 1973",6,7,3,1.05,0.19,1.5,0.63,0.98,0.28,0.28,0.0
67533c6f7a2ac5f7e09af678,8997ee20b6a43d76,Ren Ozaki,"5' 7""",135 lbs.,"68""",Orthodox,"Dec 15, 2001",6,1,2,1.2,0.35,1.07,0.55,0.0,0.0,0.36,0.0
67533c6f7a2ac5f7e09af676,e18a19001a3f7c7d,Alptekin Ozkilic,"5' 5""",125 lbs.,"65""",Orthodox,"Mar 27, 1986",9,5,0,3.81,0.32,5.72,0.59,4.21,0.58,0.75,0.0
67533c6f7a2ac5f7e09af679,20e403a1acfef130,Valentijn Overeem,"6' 3""",230 lbs.,,Orthodox,"Aug 17, 1976",30,32,0,0.93,0.34,1.49,0.58,1.86,0.5,0.0,4.7
67533c6f7a2ac5f7e09af677,47b7e4e60813b7b2,Shungo Oyama,"5' 11""",185 lbs.,,Southpaw,"Apr 11, 1974",14,19,0,0.64,0.25,1.96,0.57,1.07,0.57,0.62,0.5
67533c6f7a2ac5f7e09af67a,342422bb6ced1e8d,Greg Nagy,"6' 1""",210 lbs.,,Orthodox,"Oct 18, 1983",1,3,0,0.41,0.5,2.69,0.37,0.0,0.0,0.0,1.2
67533c6f7a2ac5f7e09af67c,b4ad3a06ee4d660c,Alistair Overeem,"6' 4""",265 lbs.,"80""",Orthodox,"May 17, 1980",47,19,0,3.67,0.64,2.44,0.57,1.42,0.55,0.73,0.8
67533c6f7a2ac5f7e09af67b,871ce0b4a01922b6,Sidney Outlaw,"5' 8""",170 lbs.,"74""",Orthodox,"Apr 11, 1992",8,4,0,0.13,0.33,0.8,0.71,3.0,0.75,0.0,3.0
67533c6f7a2ac5f7e09af67d,47cd337b86b1af92,Zak Ottow,"5' 11""",170 lbs.,"72""",Orthodox,"Dec 22, 1986",17,7,0,2.63,0.36,2.73,0.58,0.97,0.29,0.57,0.4
67533c6f7a2ac5f7e09af67f,6b8f28da9a483049,Takafumi Otsuka,"5' 6""",139 lbs.,,Orthodox,,22,13,2,1.29,0.27,2.12,0.67,1.64,0.27,0.65,0.0
67533c6f7a2ac5f7e09af67e,7ce21433c2a53168,Quemuel Ottoni,"6' 0""",155 lbs.,"72""",Orthodox,"Oct 22, 1992",12,3,0,0.0,0.0,0.0,0.0,0.0,0.0,0.0,0.0
67533c6f7a2ac5f7e09af683,01784fbc27c68b14,Rachael Ostovich,"5' 3""",125 lbs.,"62""",Orthodox,"Feb 25, 1991",4,6,0,2.54,0.43,3.97,0.57,2.03,0.83,0.66,0.8
67533c6f7a2ac5f7e09af681,4bb9d7a32d02a03e,Craig Oxley,"5' 9""",155 lbs.,,,"Feb 14, 1973",0,3,0,0.0,0.0,0.0,0.0,0.0,0.0,0.0,0.0
67533c6f7a2ac5f7e09af68f,6b8db407d49c6e4b,Sam Oropeza,"6' 2""",170 lbs.,,,,13,3,0,7.68,0.56,1.44,0.7,3.6,0.33,1.0,0.0
67533c6f7a2ac5f7e09af68d,2f732dd9210d301f,Tito Ortiz,"6' 3""",205 lbs.,"74""",Orthodox,"Jan 23, 1975",19,12,1,2.59,0.46,2.88,0.6,2.47,0.35,0.54,0.6
67533c6f7a2ac5f7e09af680,865aa315ea62c511,Alexander Otsuka,"6' 1""",205 lbs.,,Orthodox,"Jul 17, 1971",5,13,0,0.9,0.55,1.16,0.51,1.51,0.43,0.53,0.8
67533c6f7a2ac5f7e09af685,1ef0eae31904e534,Artur Oumakhanov,"5' 7""",154 lbs.,,Orthodox,"Feb 27, 1979",9,6,0,1.2,0.33,1.67,0.82,3.0,0.75,0.33,0.0
67533c6f7a2ac5f7e09af687,5b407acfe0ef9b76,Nick Osipczak,"6' 2""",170 lbs.,"76""",Orthodox,"Dec 30, 1984",6,3,0,2.83,0.5,3.77,0.5,1.2,0.45,0.71,1.0
67533c6f7a2ac5f7e09af684,d632d156c0549e07,Nissen Osterneck,"6' 2""",185 lbs.,,Orthodox,"May 01, 1981",12,4,0,3.15,0.58,2.9,0.41,0.63,0.12,0.42,1.3
67533c6f7a2ac5f7e09af68e,bf2c8e01b07d3eb1,Myktybek Orolbai,"5' 10""",155 lbs.,"74""",Orthodox,"Feb 10, 1998",13,2,1,3.42,0.48,3.39,0.49,5.36,0.43,0.4,0.4
67533c6f7a2ac5f7e09af68b,f53c1f4ceeed8c08,Dustin Ortiz,"5' 5""",125 lbs.,"65""",Orthodox,"Dec 25, 1988",19,8,0,2.94,0.44,2.17,0.56,3.01,0.36,0.52,0.1
67533c6f7a2ac5f7e09af688,6d68c1afe954f121,Ode Osbourne,"5' 7""",125 lbs.,"73""",Southpaw,"Jan 09, 1992",12,8,0,3.26,0.4,4.01,0.45,1.21,0.28,0.63,0.6
67533c6f7a2ac5f7e09af68a,9c5828c6fd9dc948,Jorge Ortiz,"6' 0""",185 lbs.,,Orthodox,,18,9,1,3.53,0.58,2.8,0.73,0.0,0.0,0.0,0.0
67533c6f7a2ac5f7e09af682,4512e46543b960ad,Pedro Otavio,"6' 3""",245 lbs.,,Orthodox,,19,8,0,0.0,0.0,0.0,0.0,0.0,0.0,0.0,0.0
67533c6f7a2ac5f7e09af689,8eb239a52fc4ec14,Kenji Osawa,"5' 7""",135 lbs.,"66""",Orthodox,"Nov 04, 1976",20,11,2,2.34,0.35,2.14,0.63,0.91,0.58,0.68,0.7
67533c6f7a2ac5f7e09af68c,def8166ff24bd237,Brian Ortega,"5' 8""",145 lbs.,"69""",Switch,"Feb 21, 1991",16,4,0,4.08,0.37,6.59,0.49,1.07,0.26,0.55,1.1
67533c6f7a2ac5f7e09af690,887e09328cd63df1,Chibwikem Onyenegecha,"6' 3""",185 lbs.,,Orthodox,"Apr 18, 1994",5,0,0,5.6,0.55,3.4,0.52,0.0,0.0,1.0,0.0
67533c6f7a2ac5f7e09af691,318572f6f74b760d,Charlie Ontiveros,"6' 2""",155 lbs.,"74""",Switch,"Jul 04, 1991",11,9,0,1.89,0.41,5.86,0.31,0.0,0.0,0.3,0.0
67533c6f7a2ac5f7e09af692,ffe9703408fb5964,David Onama,"5' 11""",145 lbs.,"74""",Orthodox,"Jun 07, 1994",13,2,0,5.6,0.5,5.07,0.52,0.73,0.2,0.52,0.6
67533c6f7a2ac5f7e09af695,684d3aee255a3d09,Gadzhi Omargadzhiev,"6' 1""",170 lbs.,"71""",Switch,"Feb 24, 1993",13,2,0,1.8,0.39,2.2,0.39,1.35,0.3,0.6,0.5
67533c6f7a2ac5f7e09af698,8e0709784259402d,Dennis Olson,"6' 0""",170 lbs.,,,,14,11,0,1.02,0.42,5.27,0.38,2.77,0.4,0.0,0.0
67533c6f7a2ac5f7e09af699,dfbb95ca0c143988,Shana Olsen,"5' 7""",145 lbs.,,,"Dec 17, 1980",5,2,0,0.0,0.0,0.0,0.0,0.0,0.0,0.0,0.0
67533c6f7a2ac5f7e09af693,9f842be1a5337be6,Michihiro Omigawa,"5' 6""",145 lbs.,"68""",Orthodox,"Dec 19, 1975",17,14,1,2.01,0.39,3.06,0.64,1.19,0.36,0.49,1.5
67533c6f7a2ac5f7e09af694,5a9104718439ef44,Cameron Olson,"6' 1""",205 lbs.,"75""",Orthodox,"Nov 22, 1989",7,3,0,3.13,0.47,2.2,0.57,3.0,0.42,1.0,1.0
67533c6f7a2ac5f7e09af696,f2ad06f1007c481a,Alan Omer,"5' 10""",145 lbs.,,Orthodox,"Sep 14, 1988",20,5,0,3.49,0.55,2.21,0.64,1.69,0.42,0.66,0.0
67533c6f7a2ac5f7e09af697,470fedbc8563ac47,Daniel Omielanczuk,"6' 0""",247 lbs.,"74""",Southpaw,"Aug 31, 1982",19,8,1,3.09,0.57,3.29,0.47,0.56,0.26,0.68,0.1
67533c6f7a2ac5f7e09af69a,7613773461b276f4,Casey Olson,"5' 7""",145 lbs.,,Orthodox,,14,5,0,2.48,0.6,0.0,1.0,3.54,0.57,1.0,1.8
67533c6f7a2ac5f7e09af69b,4948e412fa6ab67d,Ravena Oliveira,"5' 5""",115 lbs.,"65""",Orthodox,"Feb 20, 1997",7,2,1,1.0,0.48,1.2,0.48,2.0,0.66,0.62,0.0
67533c6f7a2ac5f7e09af69c,18d01f7f8338ae72,Vinicius Oliveira,"5' 9""",135 lbs.,"70""",Switch,"Nov 30, 1995",21,3,0,5.87,0.43,2.87,0.53,1.38,0.6,0.68,0.0
67533c6f7a2ac5f7e09af69d,e96d8538d3f9d0ed,Andy Ologun,"6' 0""",154 lbs.,,Orthodox,"Jun 12, 1983",3,1,0,2.36,0.57,0.32,0.85,0.68,1.0,0.8,0.0
67533c6f7a2ac5f7e09af69e,948880beac71f028,Felipe Olivieri,"5' 9""",155 lbs.,,Orthodox,"Apr 12, 1985",14,5,0,6.68,0.58,4.6,0.57,0.0,0.0,0.71,0.0
67533c6f7a2ac5f7e09af69f,32c03df3c9760069,Wendell Oliveira Marques,"5' 10""",170 lbs.,,Orthodox,"Jun 01, 1983",29,10,0,3.77,0.47,4.4,0.47,0.0,0.0,1.0,0.0
67533c6f7a2ac5f7e09af6a0,72ea1984c52019b5,Saimon Oliveira,"5' 4""",135 lbs.,"72""",Orthodox,"Apr 21, 1991",18,5,0,2.82,0.41,3.91,0.48,1.21,0.25,0.35,1.6
67533c6f7a2ac5f7e09af6a1,1e85912c9bab7e2b,Bruno Oliveira,"6' 4""",205 lbs.,"80""",Orthodox,"May 02, 1984",8,2,0,3.44,0.33,4.92,0.54,0.0,0.0,0.0,0.0
67533c6f7a2ac5f7e09af6a2,37d752ec41ed84bb,Maria Oliveira,"5' 6""",115 lbs.,"69""",Orthodox,"Dec 12, 1996",13,7,0,5.03,0.38,5.76,0.44,0.95,0.44,0.47,0.0
67533c6f7a2ac5f7e09af6a3,07225ba28ae309b6,Charles Oliveira,"5' 10""",155 lbs.,"74""",Orthodox,"Oct 17, 1989",35,10,0,3.4,0.55,3.21,0.49,2.25,0.4,0.56,2.7
67533c6f7a2ac5f7e09af6a4,bec2746f033802c3,Jorge Oliveira,"6' 1""",205 lbs.,,,,5,3,1,0.0,0.0,0.0,0.0,0.0,0.0,0.0,0.0
67533c6f7a2ac5f7e09af6a5,acd9513399a8b09b,Ednaldo Oliveira,"6' 5""",205 lbs.,,Orthodox,"Feb 19, 1984",17,3,1,1.03,0.22,1.8,0.52,0.0,0.0,0.42,0.0
67533c6f7a2ac5f7e09af6a6,15b1b21cd743d652,Rafaello Oliveira,"5' 8""",155 lbs.,"71""",Orthodox,"Jan 26, 1982",17,8,0,2.19,0.33,3.38,0.59,2.49,0.36,0.11,1.6
67533c6f7a2ac5f7e09af6a7,57b10fca4f9c9a7a,Alex Oliveira,"5' 11""",170 lbs.,"76""",Orthodox,"Feb 21, 1988",22,12,1,2.99,0.51,2.55,0.46,2.35,0.38,0.63,0.6
67533c6f7a2ac5f7e09af6a8,0d65c432720accb9,Michal Oleksiejczuk,"6' 0""",185 lbs.,"74""",Southpaw,"Feb 22, 1995",19,9,0,5.08,0.5,4.61,0.58,1.08,0.43,0.48,0.0
67533c6f7a2ac5f7e09af6ac,4bdedbdeedff7d1d,Bolaji Oki,"5' 10""",155 lbs.,"73""",Orthodox,"Nov 15, 1995",9,2,0,5.63,0.45,2.58,0.63,2.11,0.75,0.85,0.0
67533c6f7a2ac5f7e09af6ab,98c23cb6da5b3352,Aleksei Oleinik,"6' 2""",240 lbs.,"80""",Orthodox,"Jun 20, 1977",60,17,1,3.29,0.48,3.8,0.44,1.82,0.46,0.37,1.9
67533c6f7a2ac5f7e09af6c6,5e84a859c6a82288,Michel Quinones,"5' 10""",155 lbs.,"73""",Orthodox,"Dec 22, 1984",8,3,0,2.91,0.29,5.98,0.48,0.0,0.0,0.36,0.0
67533c6f7a2ac5f7e09af6c8,36549928f90f1d36,Jose Quinonez,"5' 8""",135 lbs.,"69""",Southpaw,"Jul 28, 1990",9,5,0,3.6,0.45,3.0,0.64,2.7,0.47,0.42,0.6
67533c6f7a2ac5f7e09af6d0,aa171d55d4b5208f,Billy Quarantillo,"5' 10""",145 lbs.,"70""",Orthodox,"Dec 08, 1988",18,6,0,7.36,0.56,5.57,0.43,1.24,0.23,0.61,1.1
67533c6f7a2ac5f7e09af6db,4665cbf36b08193b,Chris Avila,"5' 10""",145 lbs.,,Orthodox,"Jan 16, 1993",5,4,0,2.37,0.3,4.17,0.48,0.0,0.0,0.46,0.0
67533c6f7a2ac5f7e09af6df,4d3b08ab127c7585,Jose Augusto,"6' 3""",251 lbs.,,,"Mar 28, 1992",6,2,0,0.0,0.0,0.0,0.0,0.0,0.0,0.0,0.0
67533c6f7a2ac5f7e09af6c7,267f4a6568abe245,Landon Quinones,"5' 9""",155 lbs.,"70""",Southpaw,"Nov 21, 1995",7,3,1,6.77,0.4,7.7,0.55,0.5,0.33,1.0,0.0
67533c6f7a2ac5f7e09af6ba,88be62d6c1e6dadb,Jose Ochoa,"5' 7""",125 lbs.,"67""",Southpaw,"Dec 31, 2000",7,1,0,3.33,0.31,3.4,0.59,0.0,0.0,1.0,1.0
67533c6f7a2ac5f7e09af6bf,56bc9ccb609df534,Chuck O'Neil,"6' 2""",170 lbs.,,,"Sep 22, 1985",17,9,0,3.13,0.37,4.4,0.72,0.0,0.0,0.0,0.0
67533c6f7a2ac5f7e09af6d2,2af2f2e26c4c0402,Hunter Azure,"5' 8""",145 lbs.,"69""",Orthodox,"Mar 02, 1992",9,2,0,3.92,0.53,2.08,0.58,1.97,0.34,0.67,1.3
67533c6f7a2ac5f7e09af6dd,ba5c6eeb8ef45f5c,Levi Avera,"6' 1""",170 lbs.,,,"May 17, 1982",18,15,0,0.0,0.0,0.0,0.0,0.0,0.0,0.0,0.0
67533c6f7a2ac5f7e09af6cd,f7b4cbe93f3bac06,Gary Quan,"5' 8""",143 lbs.,,,"Apr 11, 1971",3,5,0,0.0,0.0,0.0,0.0,0.0,0.0,0.0,0.0
67533c6f7a2ac5f7e09af6ae,32541eb5d12668b4,Takayuki Okada,"6' 1""",290 lbs.,,Orthodox,,3,3,2,0.0,0.0,0.0,0.0,0.0,0.0,0.0,0.0
67533c6f7a2ac5f7e09af6bc,6e3282d57d2467a0,Nobuhiro Obiya,"5' 8""",145 lbs.,,Orthodox,"Jan 15, 1981",12,5,1,0.63,0.28,2.53,0.55,0.5,0.5,0.41,0.5
67533c6f7a2ac5f7e09af6c1,69ea0119f6f0dfe0,Dan O'Connor,"5' 4""",115 lbs.,,,"Nov 17, 1982",6,6,0,4.0,0.56,5.1,0.54,0.0,0.0,1.0,0.0
67533c6f7a2ac5f7e09af6cf,126bdc1710a8cbf4,Qiu Lun,"5' 8""",125 lbs.,"66""",Southpaw,"Jul 08, 1997",16,9,0,3.51,0.46,1.78,0.67,0.67,0.18,0.68,0.0
67533c6f7a2ac5f7e09af6b8,2d6d6ffe5a446ea2,Christian Ocon,"5' 8""",135 lbs.,"69""",Orthodox,"Feb 05, 1996",2,1,0,1.73,0.53,5.27,0.34,0.0,0.0,0.63,0.0
67533c6f7a2ac5f7e09af6cb,2a8502954f49e682,Vinicius Queiroz,"6' 7""",220 lbs.,,Orthodox,"Aug 29, 1983",8,4,0,3.67,0.51,4.1,0.41,5.07,0.7,1.0,0.7
67533c6f7a2ac5f7e09af6c2,46effbd1135423c5,Sean O'Haire,"6' 5""",270 lbs.,,Orthodox,"Feb 25, 1971",4,2,0,8.28,0.57,22.76,0.21,0.0,0.0,0.0,0.0
67533c6f7a2ac5f7e09af6d3,9bcfb40dbcd50568,Luciano Azevedo,"6' 3""",161 lbs.,,Orthodox,"Jun 25, 1981",17,9,1,0.76,0.45,1.97,0.27,2.28,0.11,0.0,0.0
67533c6f7a2ac5f7e09af6d9,26387c19f32dda0f,Javy Ayala,"6' 1""",265 lbs.,,,"Aug 20, 1988",10,5,0,0.83,0.25,5.0,0.33,0.0,0.0,0.0,0.0
67533c6f7a2ac5f7e09af6c9,cc23ed51619421a3,Ryan Quinn,"5' 8""",145 lbs.,,,,13,7,1,2.31,0.41,1.67,0.48,0.0,0.0,0.0,1.9
67533c6f7a2ac5f7e09af6ad,aa40fe6038db56cb,JJ Okanovich,"5' 11""",155 lbs.,"76""",Orthodox,"Nov 04, 1990",7,1,0,6.93,0.55,5.27,0.5,0.0,0.0,1.0,0.0
67533c6f7a2ac5f7e09af6d8,da603332ad41f165,Saad Awad,"5' 11""",155 lbs.,,,"Jun 07, 1983",20,9,0,2.13,0.26,1.87,0.6,0.5,0.16,1.0,0.5
67533c6f7a2ac5f7e09af6cc,876f478f796495f7,Josh Quinlan,"6' 0""",170 lbs.,"72""",Orthodox,"Feb 06, 1993",6,3,0,3.57,0.42,6.38,0.53,0.34,0.11,0.71,0.0
67533c6f7a2ac5f7e09af6bb,494b0bfdbac74502,Brendan O'Reilly,"5' 7""",170 lbs.,"69""",Orthodox,"Jun 24, 1987",6,3,0,1.9,0.47,2.77,0.39,2.22,0.43,0.36,0.6
67533c6f7a2ac5f7e09af6e1,04643fd03d9159cc,Marcus Aurelio,"5' 10""",155 lbs.,"74""",Orthodox,"Aug 18, 1973",22,10,0,1.42,0.33,2.27,0.59,1.69,0.27,0.27,1.3
67533c6f7a2ac5f7e09af6ca,ddbe4fa2ea573393,Jimmy Quinlan,"6' 0""",185 lbs.,,Orthodox,"May 25, 1986",3,1,1,2.08,0.7,5.94,0.16,4.46,0.25,0.0,0.0
67533c6f7a2ac5f7e09af6b5,cfc3e7bb44685289,Trey Ogden,"5' 11""",155 lbs.,"72""",Orthodox,"Nov 14, 1989",18,6,0,3.07,0.48,3.46,0.57,2.04,0.3,1.0,0.8
67533c6f7a2ac5f7e09af6c0,338fda4ec7034c5d,Jeremiah O'Neal,"5' 8""",260 lbs.,,,"Oct 25, 1977",13,25,0,1.15,0.4,7.5,0.23,0.0,0.0,0.0,0.0
67533c6f7a2ac5f7e09af6b3,b6c4451cb13c9303,Andy Ogle,"5' 8""",145 lbs.,"69""",Orthodox,"Feb 16, 1989",9,6,0,2.24,0.44,2.23,0.5,1.44,0.26,0.58,0.0
67533c6f7a2ac5f7e09af6da,86d9dbe1bfcbade7,Julia Avila,"5' 7""",135 lbs.,"68""",Orthodox,"May 11, 1988",9,3,0,2.59,0.43,2.86,0.5,0.54,0.33,0.5,0.3
67533c6f7a2ac5f7e09af6b7,7facc9c45d792985,Kaan Ofli,"5' 7""",145 lbs.,"66""",Orthodox,"Jun 19, 1993",12,3,1,1.85,0.42,4.77,0.53,0.0,0.0,0.0,0.0
67533c6f7a2ac5f7e09af6b1,6a8a06b542e1516d,Michiyoshi Ohara,"5' 10""",205 lbs.,,Orthodox,,0,2,0,0.28,0.29,3.13,0.48,0.0,0.0,0.33,0.0
67533c6f7a2ac5f7e09af6b0,01daf32100ed7517,Koji Oishi,"5' 8""",170 lbs.,,Orthodox,"May 31, 1977",25,10,10,1.43,0.09,17.86,0.43,0.0,0.0,0.0,0.0
67533c6f7a2ac5f7e09af6d4,063649e21bc9d6d5,Luiz Azeredo,"5' 9""",154 lbs.,,Orthodox,"Jun 10, 1976",15,10,0,2.16,0.39,2.76,0.57,1.07,0.5,0.45,0.3
67533c6f7a2ac5f7e09af6c5,20bcc9966affb19c,Jake O'Brien,"6' 3""",205 lbs.,"76""",Orthodox,"Sep 25, 1984",15,4,0,1.31,0.31,1.92,0.69,6.39,0.54,0.25,0.2
67533c6f7a2ac5f7e09af6d7,46d0a888d87d91ac,Abu Azaitar,"5' 9""",185 lbs.,"76""",Orthodox,"Mar 10, 1986",14,4,1,4.38,0.43,4.32,0.51,1.0,0.37,0.42,0.0
67533c6f7a2ac5f7e09af6b6,f43907e75f8d9baa,Richard Odoms,"6' 5""",265 lbs.,,Orthodox,"May 08, 1975",13,3,0,0.0,0.0,0.0,0.0,0.0,0.0,0.0,0.0
67533c6f7a2ac5f7e09af6b4,4b2390cfaceb91d8,Naoya Ogawa,"6' 4""",255 lbs.,,Orthodox,"Mar 31, 1968",7,2,0,2.41,0.42,1.66,0.47,1.25,1.0,0.66,1.2
67533c6f7a2ac5f7e09af6dc,033d19259f589457,Anthony Avila,"5' 7""",145 lbs.,,,"Dec 29, 1988",13,5,0,0.0,0.0,0.0,0.0,0.0,0.0,0.0,0.0
67533c6f7a2ac5f7e09af6ce,52cae54377b433b7,Nate Quarry,"6' 0""",185 lbs.,"72""",Open Stance,"Mar 18, 1972",12,4,0,4.96,0.44,2.8,0.66,0.25,0.33,0.6,0.0
67533c6f7a2ac5f7e09af6bd,b50a426a33da0012,Sean O'Malley,"5' 11""",135 lbs.,"72""",Switch,"Oct 24, 1994",18,2,0,6.7,0.61,3.48,0.6,0.29,0.42,0.61,0.3
67533c6f7a2ac5f7e09af6c3,d25b93992f285953,TJ O'Brien,"6' 2""",155 lbs.,,Orthodox,"Jan 01, 1987",20,8,0,3.77,0.46,4.78,0.57,0.94,1.0,0.0,0.0
67533c6f7a2ac5f7e09af6b9,0845c81e37d3bcb3,Volkan Oezdemir,"6' 2""",205 lbs.,"75""",Orthodox,"Sep 19, 1989",20,8,0,4.95,0.48,4.22,0.55,0.5,0.29,0.8,0.1
67533c6f7a2ac5f7e09af6be,04835018f90b118c,Casey O'Neill,"5' 6""",125 lbs.,"69""",Orthodox,"Oct 07, 1997",10,2,0,7.89,0.52,5.65,0.57,1.45,0.34,0.7,0.7
67533c6f7a2ac5f7e09af5e9,8c90c1563972e44d,Ed Ratcliff,"5' 10""",155 lbs.,"71""",Orthodox,"Mar 05, 1983",7,3,0,2.71,0.38,2.96,0.63,0.28,0.16,0.53,0.0
67533c6f7a2ac5f7e09af6e0,8753e125f4499816,Blas Avena,"6' 0""",170 lbs.,"74""",Orthodox,"Jun 30, 1983",8,7,0,2.34,0.47,3.36,0.43,2.37,0.8,0.5,1.8
67533c6f7a2ac5f7e09af656,6a96ad1bc34fb113,Ismail Naurdiev,"5' 10""",185 lbs.,"74""",Orthodox,"Aug 18, 1996",24,7,0,3.41,0.53,1.52,0.66,1.6,0.4,0.72,0.2
67533c6f7a2ac5f7e09af6aa,33454ad90754cb49,Kazuki Okubo,"5' 11""",175 lbs.,,Orthodox,,7,9,0,1.53,0.38,1.97,0.46,0.51,0.25,0.36,2.0
67533c6f7a2ac5f7e09af6d1,d365ee924f5cc3fc,Bao Quach,"5' 3""",145 lbs.,,Orthodox,"Sep 04, 1979",19,10,1,0.0,0.0,0.0,0.0,0.0,0.0,0.0,0.0
67533c6f7a2ac5f7e09af6af,acff437707625fc7,Yushin Okami,"6' 2""",170 lbs.,"75""",Southpaw,"Jul 21, 1981",34,12,0,2.06,0.38,2.25,0.6,1.98,0.39,0.84,0.5
67533c6f7a2ac5f7e09af6de,956dcac65e7b34d6,David Avellan,"5' 9""",185 lbs.,,Orthodox,,2,1,0,3.33,0.25,10.0,0.57,0.0,0.0,0.0,0.0
67533c6f7a2ac5f7e09af6c4,cb52f9490c2dc069,Sean O'Connell,"6' 1""",205 lbs.,"74""",Orthodox,"Sep 02, 1983",17,9,0,5.46,0.48,6.77,0.45,0.0,0.0,0.3,0.5
67533c6f7a2ac5f7e09af6e2,196ed28337adc630,Pat Audinwood,"6' 0""",155 lbs.,,Orthodox,"Apr 16, 1986",11,2,1,1.17,0.12,4.31,0.41,0.8,0.5,0.0,0.0
67533c6f7a2ac5f7e09af6e4,55ee431411ccf07a,Olivier Aubin-Mercier,"5' 9""",155 lbs.,"70""",Southpaw,"Feb 23, 1989",11,5,0,2.48,0.51,2.97,0.55,2.36,0.33,0.7,0.5
67533c6f7a2ac5f7e09af6e3,fd7acf42bd6e7e95,Bazigit Atajev,"6' 1""",230 lbs.,,Orthodox,,17,1,0,0.87,0.41,3.14,0.49,1.0,0.33,0.0,0.0
67533c6f7a2ac5f7e09af6e5,210935fd21670f6d,Rich Attonito,"5' 10""",170 lbs.,"72""",Orthodox,"Jun 16, 1977",10,5,0,2.28,0.47,2.13,0.59,0.74,0.37,0.75,0.0
67533c6f7a2ac5f7e09af6e9,ff222167cce02919,Bruno Assis,"6' 2""",185 lbs.,,Orthodox,"May 23, 1992",8,4,0,1.27,0.43,3.2,0.36,2.0,0.5,0.66,1.0
67533c6f7a2ac5f7e09af6ee,9be6020024133293,Cyril Asker,"6' 0""",247 lbs.,"74""",Orthodox,"Dec 24, 1985",9,4,0,3.35,0.39,5.82,0.35,4.41,0.62,1.0,0.9
67533c6f7a2ac5f7e09af6f0,b1d19449397541dc,Askar Askarov,"5' 6""",125 lbs.,"67""",Orthodox,"Oct 09, 1992",14,1,1,3.05,0.54,2.8,0.57,2.6,0.24,0.66,0.4
67533c6f7a2ac5f7e09af6ef,5c10da56d712ac9c,Khusein Askhabov,"5' 8""",145 lbs.,"69""",Orthodox,"Feb 13, 1995",23,1,0,2.0,0.26,4.13,0.56,0.0,0.0,0.66,0.0
67533c6f7a2ac5f7e09af6e8,d0d7160824278840,Junior Assuncao,"5' 9""",145 lbs.,"72""",Orthodox,"Jun 24, 1981",16,6,0,3.31,0.62,2.06,0.44,2.43,0.24,0.66,0.7
67533c6f7a2ac5f7e09af6ea,2f13e4020cea5b38,Raphael Assuncao,"5' 5""",135 lbs.,"66""",Orthodox,"Jul 19, 1982",28,10,0,3.22,0.42,2.5,0.66,1.65,0.39,0.78,0.2
67533c6f7a2ac5f7e09af6ec,06827d70c53ff0d9,Scott Askham,"6' 3""",185 lbs.,"75""",Southpaw,"May 20, 1988",14,4,0,3.03,0.46,3.52,0.52,0.44,0.18,0.65,0.7
67533c6f7a2ac5f7e09af6e7,399afbabc02376b5,Tom Aspinall,"6' 5""",256 lbs.,"78""",Orthodox,"Apr 11, 1993",15,3,0,8.07,0.67,2.89,0.65,3.27,1.0,1.0,1.6
67533c6f7a2ac5f7e09af6ed,0b31f87be71ebbb1,Ben Askren,"5' 11""",170 lbs.,"73""",Orthodox,"Jul 18, 1984",19,2,0,3.64,0.49,5.66,0.36,4.33,0.55,0.0,0.9
67533c6f7a2ac5f7e09af6e6,01c9e4013afce141,Michael Aswell,"5' 8""",145 lbs.,"69""",Orthodox,"Sep 27, 2000",9,2,0,10.33,0.5,6.8,0.52,0.0,0.0,0.57,0.0
67533c6f7a2ac5f7e09af6f1,2abc414136504554,Askar Askar,"5' 7""",145 lbs.,"69""",Orthodox,"Aug 19, 1994",11,1,0,0.0,0.0,0.0,0.0,0.0,0.0,0.0,0.0
67533c6f7a2ac5f7e09af6f2,8be9deb7d6b36354,Asjabharan,"5' 6""",135 lbs.,,,"Jul 31, 1992",7,6,0,0.0,0.0,0.0,0.0,0.0,0.0,0.0,0.0
67533c6f7a2ac5f7e09af6f3,c739c2995a275314,Yanal Ashmouz,"5' 9""",155 lbs.,"69""",Orthodox,"Mar 31, 1995",8,1,0,2.94,0.5,4.54,0.55,4.8,0.5,0.6,0.0
67533c6f7a2ac5f7e09af6f4,d26a0988c9dc9886,Arman Ashimov,"5' 6""",125 lbs.,,,"Jan 14, 1992",11,3,1,0.0,0.0,0.0,0.0,0.0,0.0,0.0,0.0
67533c6f7a2ac5f7e09af6f6,a373085066dbfb54,Teddy Ash,"6' 1""",185 lbs.,"73""",Switch,"Dec 27, 1989",14,5,0,7.27,0.61,6.8,0.28,0.0,0.0,1.0,0.0
67533c6f7a2ac5f7e09af6eb,6e8f1bcdda94ff45,Ibo Aslan,"6' 3""",205 lbs.,"77""",Orthodox,"Apr 23, 1996",14,1,0,8.34,0.5,4.34,0.64,0.0,0.0,1.0,0.0
67533c6f7a2ac5f7e09af6f5,d33da8a3d82bdb62,Kai Asakura,"5' 8""",125 lbs.,"69""",Orthodox,"Oct 31, 1993",21,4,0,0.0,0.0,0.0,0.0,0.0,0.0,0.0,0.0
67533c6f7a2ac5f7e09af6f7,49f78022126bf4a4,Cesar Arzamendia,"5' 11""",155 lbs.,,Orthodox,"Jan 31, 1991",8,3,0,5.37,0.45,5.2,0.56,7.32,0.75,0.0,2.4
67533c6f7a2ac5f7e09af700,bf0e700106d00e55,Austin Arnett,"6' 0""",145 lbs.,"72""",Orthodox,"Oct 22, 1991",16,6,0,4.52,0.41,6.38,0.62,0.44,0.18,0.57,0.2
67533c6f7a2ac5f7e09af6f9,2dea80c069847321,Gilles Arsene,"5' 9""",190 lbs.,,Southpaw,,1,1,0,0.06,0.1,2.45,0.32,0.0,0.0,0.0,0.0
67533c6f7a2ac5f7e09af701,1effd880e1f1bb30,Garrett Armfield,"5' 6""",135 lbs.,"70""",Orthodox,"Oct 09, 1996",10,5,0,5.35,0.53,3.64,0.56,1.1,0.5,0.64,0.6
67533c6f7a2ac5f7e09af70d,36541f1e6c5d4955,Viviane Araujo,"5' 4""",125 lbs.,"68""",Orthodox,"Nov 21, 1986",13,6,0,4.04,0.47,4.87,0.56,1.86,0.43,0.8,0.7
67533c6f7a2ac5f7e09af6fc,c136b2a8852da5bd,Akbarh Arreola,"5' 10""",155 lbs.,"71""",Southpaw,"Jan 14, 1983",23,11,1,2.32,0.45,4.01,0.56,1.07,1.0,0.33,0.4
67533c6f7a2ac5f7e09af70b,87f8699fdcc2c404,Alice Ardelean,"5' 3""",115 lbs.,"62""",Orthodox,"Apr 19, 1992",9,7,0,4.97,0.45,4.97,0.52,1.0,0.4,1.0,0.0
67533c6f7a2ac5f7e09af6fa,61fb8098ccf81c7f,Antonio Arroyo,"6' 3""",185 lbs.,"73""",Orthodox,"Jul 01, 1989",9,5,0,2.82,0.66,2.02,0.5,1.14,0.41,0.41,0.2
67533c6f7a2ac5f7e09af6fd,de62052b2ede65ba,Matt Arroyo,"5' 10""",170 lbs.,"72""",Orthodox,"Sep 01, 1982",3,3,0,1.62,0.47,2.01,0.58,2.12,0.36,1.0,5.3
67533c6f7a2ac5f7e09af702,9a7ffa80766caa51,Hashem Arkhagha,"6' 2""",185 lbs.,"75""",Orthodox,"Sep 11, 1989",6,1,0,1.84,0.44,8.97,0.43,0.0,0.0,0.5,0.0
67533c6f7a2ac5f7e09af6fe,a90c200c3fbb22c4,Eli Aronov,"5' 10""",185 lbs.,"72""",Orthodox,"Jun 06, 1996",6,1,0,8.92,0.68,6.49,0.38,12.16,1.0,0.0,0.0
67533c6f7a2ac5f7e09af6fb,770b9d4813c25902,Chalid Arrab,"5' 11""",205 lbs.,,Orthodox,"May 28, 1975",7,3,0,1.56,0.34,1.63,0.56,3.05,0.75,0.37,1.0
67533c6f7a2ac5f7e09af70c,269d103c96a4c3a5,Kenji Arai,"5' 10""",145 lbs.,,Southpaw,"Oct 05, 1979",15,15,5,8.79,0.27,10.29,0.39,0.0,0.0,0.0,0.0
67533c6f7a2ac5f7e09af6f8,91e3388e69060e69,Veta Arteaga,"5' 7""",125 lbs.,,,,3,1,0,3.2,0.36,1.92,0.65,0.0,0.0,0.4,0.0
67533c6f7a2ac5f7e09af70e,1ccff7f0cfdf85eb,Erik Apple,"6' 0""",170 lbs.,,Orthodox,"Aug 26, 1977",10,3,0,0.0,0.0,0.54,0.81,0.0,0.0,0.0,8.1
67533c6f7a2ac5f7e09af707,1291edf2d566a71a,Julio Arce,"5' 7""",145 lbs.,"70""",Southpaw,"Oct 27, 1989",19,6,0,4.36,0.36,3.05,0.68,0.46,0.28,0.96,0.3
67533c6f7a2ac5f7e09af708,3738e68d2261e60f,Andrei Arlovski,"6' 3""",240 lbs.,"77""",Orthodox,"Feb 04, 1979",34,24,0,3.82,0.45,3.22,0.57,0.37,0.35,0.76,0.2
67533c6f7a2ac5f7e09af705,e4ba58725825412d,Dan Argueta,"5' 7""",135 lbs.,"68""",Southpaw,"Aug 13, 1993",9,3,0,2.48,0.43,3.44,0.5,4.36,0.35,0.55,1.4
67533c6f7a2ac5f7e09af710,73ef22f25d0f70e2,Romie Aram,"5' 10""",170 lbs.,,Orthodox,"Dec 02, 1977",7,1,0,1.8,0.35,2.83,0.5,2.5,0.62,0.83,0.0
67533c6f7a2ac5f7e09af713,4665f9f909cd7214,Shinsho Anzai,"5' 7""",170 lbs.,"70""",Orthodox,"Dec 01, 1985",10,3,0,3.23,0.58,3.75,0.45,1.83,0.16,0.75,0.0
67533c6f7a2ac5f7e09af711,79ded75550efc139,Shinya Aoki,"5' 11""",154 lbs.,,Southpaw,"May 09, 1983",39,7,0,0.97,0.58,1.25,0.58,2.54,0.41,0.6,4.0
67533c6f7a2ac5f7e09af714,78d48d3874dacafd,Azunna Anyanwu,"6' 1""",251 lbs.,,Orthodox,"Aug 05, 1981",14,5,0,2.47,0.42,2.47,0.69,0.65,1.0,0.0,0.0
67533c6f7a2ac5f7e09af716,dbea8c1cb327ab3d,Igor Araujo,"6' 1""",170 lbs.,"77""",Orthodox,"Dec 06, 1980",25,9,0,1.52,0.42,2.86,0.49,0.86,0.15,0.22,0.6
67533c6f7a2ac5f7e09af70a,d25e39e74efb0a77,Art Arciniega,"5' 8""",145 lbs.,,,"Oct 15, 1981",15,7,0,1.53,0.46,2.73,0.51,0.0,0.0,0.5,1.0
67533c6f7a2ac5f7e09af70f,71002dbc1743b9a7,Felipe Arantes,"5' 8""",135 lbs.,"73""",Orthodox,"Feb 09, 1988",18,10,1,2.37,0.45,2.66,0.64,0.93,0.47,0.41,0.7
67533c6f7a2ac5f7e09af704,05fbfe628658c538,Ricardo Arona,"5' 11""",205 lbs.,,Orthodox,"Jul 17, 1978",14,5,0,1.66,0.48,1.15,0.57,2.41,0.48,0.58,1.2
67533c6f7a2ac5f7e09af712,7d420039bbfe7c1a,Aoriqileng,"5' 7""",135 lbs.,"69""",Orthodox,"Jun 25, 1993",25,12,0,4.65,0.49,5.46,0.48,1.2,0.46,0.58,0.0
67533c6f7a2ac5f7e09af718,25b31165758402dd,Adam Antolin,"5' 5""",125 lbs.,"63""",Orthodox,"Feb 28, 1982",12,3,0,5.73,0.52,5.0,0.69,0.0,0.0,1.0,0.0
67533c6f7a2ac5f7e09af717,cc49ada1ea955b13,Vanilto Antunes,"6' 0""",170 lbs.,"72""",Orthodox,"Dec 28, 1994",16,7,0,5.49,0.48,14.27,0.43,0.0,0.0,0.0,0.0
67533c6f7a2ac5f7e09af719,0c1a04afca64e38f,Josh Appelt,"5' 10""",255 lbs.,,Southpaw,"Jun 19, 1983",15,7,0,1.35,0.4,11.5,0.32,0.0,0.0,0.33,0.0
67533c6f7a2ac5f7e09af71b,e06fd1260ac865a7,Yoji Anjo,"5' 11""",205 lbs.,,Orthodox,"Mar 28, 1967",0,5,1,0.0,0.0,3.13,0.25,0.0,0.0,0.0,0.0
67533c6f7a2ac5f7e09af71a,af997f7611673880,Gadzhimurad Antigulov,"5' 11""",205 lbs.,"70""",Orthodox,"Feb 09, 1987",20,8,0,2.08,0.55,4.21,0.4,5.08,0.36,0.0,1.4
67533c6f7a2ac5f7e09af71c,c7c39e2fb70248b3,Chad Anheliger,"5' 6""",135 lbs.,"64""",Orthodox,"Dec 01, 1986",13,8,0,3.11,0.46,2.76,0.53,0.68,0.3,0.38,0.5
67533c6f7a2ac5f7e09af71d,d802174b0c0c1f4e,Magomed Ankalaev,"6' 3""",205 lbs.,"75""",Orthodox,"Jun 02, 1992",20,1,1,3.64,0.52,2.37,0.58,0.92,0.31,0.86,0.0
67533c6f7a2ac5f7e09af71e,d6a3e131ad4ba064,Angga,"5' 7""",145 lbs.,"68""",Orthodox,"Jan 13, 1989",13,3,0,3.56,0.38,3.77,0.53,0.0,0.0,0.33,0.0
67533c6f7a2ac5f7e09af721,00debc804e2b1cd4,Dylan Andrews,"6' 1""",185 lbs.,"74""",Switch,"Nov 15, 1979",18,7,0,2.21,0.5,2.72,0.46,2.83,0.5,0.57,0.4
67533c6f7a2ac5f7e09af72b,a0e75f4a13eb73f1,Megan Anderson,"6' 0""",145 lbs.,"72""",Orthodox,"Feb 11, 1990",11,5,0,1.76,0.46,3.35,0.37,0.52,0.25,0.53,0.5
67533c6f7a2ac5f7e09af727,9bad58fa651d6196,Jermaine Andre,"5' 7""",200 lbs.,,Orthodox,,14,4,0,0.0,0.0,0.0,0.0,0.0,0.0,0.0,0.0
67533c6f7a2ac5f7e09af728,6a1901c62ab3870f,Jessica Andrade,"5' 1""",125 lbs.,"62""",Orthodox,"Sep 25, 1991",26,13,0,6.44,0.5,5.51,0.54,2.23,0.54,0.72,0.3
67533c6f7a2ac5f7e09af72a,b03a0c78ca45facf,Liam Anderson,"6' 3""",185 lbs.,"75""",Orthodox,"Jan 13, 1995",6,3,0,3.0,0.52,6.53,0.31,1.0,0.2,0.5,0.0
67533c6f7a2ac5f7e09af729,17615148dd4be6f6,Tatsuya Ando,"5' 4""",145 lbs.,"68""",Southpaw,"Apr 26, 1990",14,4,1,0.93,0.19,4.93,0.5,0.0,0.0,0.0,0.0
67533c6f7a2ac5f7e09af74c,c61b49cec6abd6b9,Rico Altamirano,"5' 10""",170 lbs.,,,,4,3,0,0.0,0.0,0.0,0.0,0.0,0.0,0.0,0.0
67533c6f7a2ac5f7e09af736,87a1dc546b1c5caf,Makwan Amirkhani,"5' 10""",145 lbs.,"72""",Southpaw,"Nov 08, 1988",17,9,0,1.33,0.44,2.98,0.46,3.96,0.43,0.35,1.1
67533c6f7a2ac5f7e09af756,67a992d4cff22466,Ericka Almeida,"5' 6""",115 lbs.,,Orthodox,"Mar 05, 1989",7,3,0,1.07,0.39,3.33,0.43,0.5,0.33,0.37,0.0
67533c6f7a2ac5f7e09af735,70fa1c64a2c439ef,Alen Amedovski,"5' 10""",185 lbs.,"74""",Orthodox,"Apr 06, 1988",8,4,0,0.99,0.3,3.85,0.46,0.0,0.0,0.0,0.0
67533c6f7a2ac5f7e09af74e,49b130de1da2e1bf,Sarah Alpar,"5' 4""",135 lbs.,"63""",Southpaw,"Jun 01, 1991",9,6,0,2.36,0.44,6.06,0.38,1.61,0.26,0.2,0.4
67533c6f7a2ac5f7e09af73e,20821819c401ced8,Andre Amado,"6' 0""",154 lbs.,,Orthodox,,6,4,1,2.27,0.24,5.91,0.63,0.0,0.0,0.2,0.0
67533c6f7a2ac5f7e09af73f,029afd138865d20a,Rafael Alves,"5' 8""",155 lbs.,"68""",Orthodox,"Nov 14, 1990",20,12,0,1.85,0.48,3.3,0.58,0.29,0.25,0.44,1.5
67533c6f7a2ac5f7e09af731,23a8c33869bf5392,Karl Amoussou,"5' 11""",185 lbs.,,Orthodox,"Nov 21, 1985",27,7,2,1.47,0.34,2.67,0.54,0.0,0.0,0.25,1.0
67533c6f7a2ac5f7e09af745,e741536153227386,Sean Alvarez,"6' 0""",235 lbs.,,Orthodox,"Jul 14, 1971",4,3,0,0.89,0.37,3.25,0.47,0.0,0.0,0.0,0.0
67533c6f7a2ac5f7e09af72c,19ba965651486013,Derek Anderson,"6' 0""",155 lbs.,,,"Feb 02, 1990",14,3,0,3.97,0.37,3.08,0.61,0.34,0.14,0.6,0.0
67533c6f7a2ac5f7e09af75a,c4fe2e9a06ea5bcb,Ben Alloway,"5' 11""",170 lbs.,"76""",Orthodox,"Feb 19, 1981",18,8,0,1.28,0.49,1.9,0.59,0.62,0.5,0.26,0.0
67533c6f7a2ac5f7e09af759,8d3273573b85be09,Asu Almabayev,"5' 4""",125 lbs.,"65""",Orthodox,"Jan 25, 1994",21,2,0,2.11,0.56,1.02,0.59,5.08,0.5,0.5,1.7
67533c6f7a2ac5f7e09af753,41e83a89929d1327,Jailton Almeida,"6' 3""",205 lbs.,"79""",Orthodox,"Jun 26, 1991",21,3,0,2.46,0.64,0.72,0.4,6.85,0.59,0.75,2.6
67533c6f7a2ac5f7e09af757,91186547a7f3f758,Ricardo Almeida,"6' 0""",170 lbs.,"74""",Orthodox,"Nov 29, 1976",13,5,0,2.02,0.49,1.2,0.61,3.74,0.38,0.31,1.2
67533c6f7a2ac5f7e09af738,41cc71cbf210e0fe,Hyder Amil,"5' 9""",145 lbs.,"70""",Switch,"May 28, 1990",10,0,0,6.31,0.57,2.23,0.61,0.64,0.33,0.78,1.9
67533c6f7a2ac5f7e09af71f,047a91d3d9c79b05,Collin Anglin,"5' 9""",145 lbs.,"71""",Orthodox,"Feb 20, 1993",8,3,0,4.59,0.48,5.54,0.51,2.28,0.66,1.0,0.0
67533c6f7a2ac5f7e09af743,dc5a6b2fdb27e7dc,Amilcar Alves,"6' 0""",170 lbs.,,Southpaw,"Aug 08, 1988",15,12,0,0.5,0.46,2.02,0.3,0.0,0.0,0.53,0.0
67533c6f7a2ac5f7e09af75e,6ebe96a116e79e52,John Allan,"6' 1""",205 lbs.,"75""",Orthodox,"Feb 22, 1993",13,7,0,3.56,0.42,5.74,0.52,1.4,0.71,0.5,0.8
67533c6f7a2ac5f7e09af72f,1ffc38f67785797b,Lowell Anderson,"5' 6""",160 lbs.,,Orthodox,,0,1,0,0.0,0.0,0.0,0.0,0.0,0.0,0.0,0.0
67533c6f7a2ac5f7e09af74b,dc7927cd622676a7,Victor Altamirano,"5' 8""",125 lbs.,"70""",Switch,"Jan 23, 1991",12,5,0,4.58,0.53,3.82,0.53,2.88,0.38,0.63,0.0
67533c6f7a2ac5f7e09af75c,adf9a901308fb8e3,Daniel Allen,"6' 0""",155 lbs.,"75""",Southpaw,"Aug 10, 1992",5,0,0,7.6,0.51,5.87,0.53,2.0,0.66,1.0,0.0
67533c6f7a2ac5f7e09af722,46e2ca71fd5089cb,Reese Andy,"6' 0""",205 lbs.,,Orthodox,"Mar 31, 1973",7,3,0,2.87,0.5,3.5,0.58,0.67,0.2,0.4,0.0
67533c6f7a2ac5f7e09af74f,c6bf75775b278ed8,Mauricio Alonso,"6' 2""",170 lbs.,,,"Feb 27, 1980",13,7,0,5.74,0.34,1.91,0.67,0.0,0.0,0.0,0.0
67533c6f7a2ac5f7e09af744,4438482bd1d5a029,Jaime Alvarez,"5' 8""",125 lbs.,"69""",Orthodox,"Mar 08, 1988",6,1,0,2.73,0.4,4.53,0.56,1.0,0.33,0.5,0.0
67533c6f7a2ac5f7e09af737,bc7d1ad49fcb2d08,Jaqueline Amorim,"5' 3""",115 lbs.,"68""",Orthodox,"Jun 24, 1995",9,1,0,3.05,0.52,1.72,0.63,1.78,0.28,0.0,5.3
67533c6f7a2ac5f7e09af75b,a4dc0f2b95df4cc1,Bekzat Almakhan,"5' 7""",135 lbs.,"68""",Orthodox,"Oct 08, 1997",11,2,0,0.2,0.18,4.53,0.3,0.0,0.0,0.0,0.0
67533c6f7a2ac5f7e09af751,710f0f8c5d5c9d41,Lucas Almeida,"5' 11""",145 lbs.,"71""",Orthodox,"Jan 31, 1991",15,3,0,4.94,0.43,4.92,0.46,0.0,0.0,0.5,0.0
67533c6f7a2ac5f7e09af747,31ee470ef5dc8d7f,Thiago Alves,"5' 9""",170 lbs.,"70""",Orthodox,"Oct 03, 1983",23,15,0,3.73,0.41,3.42,0.62,0.71,0.6,0.63,0.3
67533c6f7a2ac5f7e09af726,1562b12763cc8d67,Alex Andrade,"5' 11""",200 lbs.,,Orthodox,"May 14, 1974",10,5,0,0.2,0.36,2.6,0.53,0.0,0.0,0.25,0.8
67533c6f7a2ac5f7e09af748,58bbef3770bb2dfc,Joel Alvarez,"6' 3""",155 lbs.,"77""",Orthodox,"Mar 02, 1993",21,3,0,4.39,0.52,3.36,0.51,0.0,0.0,0.42,1.2
67533c6f7a2ac5f7e09af740,d317a5e2b3f88c5f,Warlley Alves,"5' 11""",185 lbs.,"72""",Orthodox,"Jan 04, 1991",15,8,0,3.04,0.48,3.95,0.5,1.22,0.5,0.62,0.8
67533c6f7a2ac5f7e09af73d,247fbbfafea60bb1,Maiara Amanajas dos Santos,"5' 5""",115 lbs.,,Southpaw,"Jul 11, 1987",7,3,0,5.53,0.35,24.47,0.33,0.0,0.0,1.0,0.0
67533c6f7a2ac5f7e09af758,088aa1b19b2dc14a,John Dave Almanza,"5' 7""",125 lbs.,"67""",Southpaw,"Mar 22, 2004",6,1,0,1.92,0.41,5.75,0.27,0.0,0.0,0.0,0.0
67533c6f7a2ac5f7e09af74d,e87a13e02c01331d,Ali AlQaisi,"5' 6""",135 lbs.,"68""",Orthodox,"Sep 23, 1990",8,5,0,2.43,0.42,1.97,0.56,3.5,0.29,0.6,1.0
67533c6f7a2ac5f7e09af749,430c533614d45813,Patricia Alujas,"5' 4""",115 lbs.,"64""",Orthodox,"May 08, 1996",9,3,0,5.83,0.31,9.25,0.44,0.0,0.0,0.0,0.0
67533c6f7a2ac5f7e09af73b,d562b12b8fe88336,JJ Ambrose,"5' 10""",170 lbs.,,Orthodox,,28,7,0,3.16,0.69,6.32,0.33,0.0,0.0,0.5,0.0
67533c6f7a2ac5f7e09af733,53adf5b845d91e4a,Bertrand Amoussou,"5' 8""",190 lbs.,,Orthodox,,1,1,0,6.75,0.39,2.01,0.83,0.0,0.0,0.0,0.0
67533c6f7a2ac5f7e09af752,f16ddfa31236efed,Estefani Almeida,"5' 4""",125 lbs.,,Orthodox,"Oct 17, 1988",7,3,0,3.13,0.37,6.07,0.42,0.0,0.0,0.0,0.0
67533c6f7a2ac5f7e09af73c,1e327b281ef6a745,Adlan Amagov,"6' 2""",170 lbs.,"76""",Orthodox,"Oct 30, 1986",14,2,1,3.29,0.47,0.82,0.78,5.84,0.56,1.0,0.0
67533c6f7a2ac5f7e09af732,cad24459b28592ca,Eryk Anders,"6' 1""",185 lbs.,"75""",Southpaw,"Apr 21, 1987",16,8,0,3.41,0.47,4.17,0.5,1.79,0.26,0.79,0.1
67533c6f7a2ac5f7e09af720,e20ad078a7d63361,Julius Anglickas,"6' 3""",205 lbs.,,Orthodox,"Jul 23, 1991",5,1,0,4.62,0.78,1.86,0.5,4.47,0.5,0.6,1.1
67533c6f7a2ac5f7e09af725,d221ee27afc7a60e,Viscardi Andrade,"5' 11""",170 lbs.,"75""",Orthodox,"Mar 08, 1984",19,6,0,3.26,0.42,2.77,0.63,1.93,0.5,0.66,0.3
67533c6f7a2ac5f7e09af724,1fd9f744105024a8,Juan Andres Luna,"5' 7""",125 lbs.,"72""",Orthodox,"Aug 20, 1995",12,1,0,3.27,0.31,3.0,0.65,0.0,0.0,0.0,0.0
67533c6f7a2ac5f7e09af75d,2f181c0467965b98,Brendan Allen,"6' 2""",185 lbs.,"75""",Orthodox,"Dec 28, 1995",24,6,0,3.79,0.53,3.83,0.46,1.67,0.39,0.58,1.3
67533c6f7a2ac5f7e09af755,2b074403b7c6cdb4,Thomas Almeida,"5' 7""",145 lbs.,"70""",Southpaw,"Jul 31, 1991",22,5,0,4.84,0.43,4.93,0.61,0.17,0.14,0.75,0.0
67533c6f7a2ac5f7e09af74a,c11036da9162cb5f,Mike Altman,"5' 10""",185 lbs.,,Orthodox,,1,4,0,1.56,0.2,2.08,0.75,0.0,0.0,0.0,0.0
67533c6f7a2ac5f7e09af72d,5e4eec08896c9423,Corey Anderson,"6' 3""",205 lbs.,"79""",Orthodox,"Sep 22, 1989",14,5,0,4.43,0.46,2.22,0.59,4.89,0.5,0.83,0.0
67533c6f7a2ac5f7e09af6d5,ee18ff42063174df,Ottman Azaitar,"5' 8""",155 lbs.,"71""",Switch,"Feb 20, 1990",13,2,0,5.73,0.51,4.96,0.48,0.0,0.0,1.0,0.0
67533c6f7a2ac5f7e09af742,d156513a19acf856,Sam Alvey,"6' 2""",185 lbs.,"75""",Southpaw,"May 06, 1986",33,18,1,3.28,0.44,3.63,0.52,0.06,0.14,0.82,0.1
67533c6f7a2ac5f7e09af730,9199e0735b83dd32,Andy Anderson,"5' 6""",240 lbs.,,,"Jul 16, 1974",0,1,0,0.0,0.0,0.0,0.0,0.0,0.0,0.0,0.0
67533c6f7a2ac5f7e09af746,33a331684283900f,Eddie Alvarez,"5' 9""",155 lbs.,"69""",Orthodox,"Jan 11, 1984",29,6,0,4.32,0.41,4.39,0.55,2.92,0.36,0.92,0.5
67533c6f7a2ac5f7e09af72e,8738eacd62e82a32,Matt Andersen,"6' 2""",230 lbs.,,Southpaw,"May 29, 1971",14,8,1,0.0,0.0,0.0,0.0,0.0,0.0,0.0,0.0
67533c6f7a2ac5f7e09af739,c912f676692c353a,Jimmy Ambriz,"6' 2""",315 lbs.,,Southpaw,"Jan 26, 1970",17,21,1,0.83,0.29,3.76,0.4,3.13,0.57,1.0,0.8
67533c6f7a2ac5f7e09af6d6,6eaec40f724852f4,Jessin Ayari,"6' 0""",155 lbs.,"73""",Orthodox,"May 31, 1992",16,6,0,3.53,0.37,3.59,0.58,0.0,0.0,0.5,0.3
67533c6f7a2ac5f7e09af75f,6db394bf6c3b017c,Leon Aliu,"6' 0""",185 lbs.,"74""",Orthodox,"Jul 14, 1989",10,2,0,6.32,0.5,10.11,0.38,0.0,0.0,0.0,0.0
67533c6f7a2ac5f7e09af760,040a74bb0a465c54,Arnold Allen,"5' 8""",145 lbs.,"70""",Southpaw,"Jan 22, 1994",20,3,0,3.45,0.41,2.88,0.61,0.93,0.47,0.75,0.3
67533c6f7a2ac5f7e09af764,e17770faae3ca54c,Amir Aliakbari,"6' 3""",250 lbs.,,,"Jun 10, 1984",10,1,0,0.0,0.0,0.0,0.0,0.0,0.0,0.0,0.0
67533c6f7a2ac5f7e09af769,b757c73f443d4fca,Olaf Alfonso,"6' 2""",170 lbs.,,Orthodox,"Aug 06, 1974",8,12,0,1.65,0.38,4.77,0.53,0.37,0.07,0.22,0.7
67533c6f7a2ac5f7e09af76a,9abc648e76c4493a,Bill Algeo,"6' 0""",145 lbs.,"73""",Switch,"Jun 09, 1989",18,9,0,5.88,0.51,4.38,0.47,1.03,0.5,0.55,0.1
67533c6f7a2ac5f7e09af773,7460ddef986d3144,Jose Alday,"5' 7""",135 lbs.,"68""",Orthodox,"Sep 14, 1991",14,6,1,3.13,0.44,3.13,0.58,0.0,0.0,0.57,0.0
67533c6f7a2ac5f7e09af772,d35298b6df168456,Talita Alencar,"5' 1""",115 lbs.,"58""",Orthodox,"Oct 17, 1990",5,1,1,2.49,0.28,4.8,0.52,2.0,0.13,0.5,0.0
67533c6f7a2ac5f7e09af763,ca28cdf526d6b6e9,Nurullo Aliev,"5' 10""",155 lbs.,"72""",Orthodox,"Dec 08, 2000",9,0,0,2.5,0.51,0.46,0.59,3.06,0.44,0.0,0.0
67533c6f7a2ac5f7e09af765,e70de1859b7ee78e,Sultan Aliev,"5' 11""",170 lbs.,"74""",Orthodox,"Sep 17, 1984",15,3,0,1.41,0.45,2.2,0.56,1.76,0.38,1.0,0.0
67533c6f7a2ac5f7e09af76b,d53482bef23235ba,Marcio Alexandre Junior,"6' 0""",185 lbs.,"75""",Southpaw,"May 05, 1989",17,4,0,1.61,0.45,2.89,0.42,0.35,0.2,0.66,0.7
67533c6f7a2ac5f7e09af770,7a15f3694c5cbc02,John Alessio,"5' 10""",155 lbs.,"72""",Orthodox,"Jul 05, 1979",35,17,0,2.1,0.39,2.91,0.54,1.85,0.38,0.7,1.2
67533c6f7a2ac5f7e09af76e,8fd76e1b49c00ae2,Kenneth Alexander,"5' 9""",155 lbs.,,Orthodox,"Sep 25, 1977",7,6,0,0.88,0.19,2.2,0.66,4.71,0.26,0.0,0.0
67533c6f7a2ac5f7e09af76f,fe5a9547479396ab,Jim Alers,"5' 9""",145 lbs.,"71""",Orthodox,"Oct 14, 1986",13,3,0,2.9,0.4,4.38,0.56,2.26,0.41,0.8,0.3
67533c6f7a2ac5f7e09af771,103e2e33a60683e1,Irina Alekseeva,"5' 8""",135 lbs.,"67""",Orthodox,"Jun 27, 1990",5,2,0,3.84,0.43,3.55,0.48,0.87,0.2,1.0,0.9
67533c6f7a2ac5f7e09af762,b07aed698fba8624,Ikram Aliskerov,"6' 0""",185 lbs.,"76""",Southpaw,"Dec 07, 1992",15,2,0,7.03,0.6,7.27,0.36,1.82,0.33,0.0,1.8
67533c6f7a2ac5f7e09af768,4b37a0bc2ab4cae1,Pablo Alfonso,"5' 8""",145 lbs.,,,"May 09, 1983",9,7,0,0.0,0.0,0.0,0.0,0.0,0.0,0.0,0.0
67533c6f7a2ac5f7e09af766,669a3cb6e394f515,Royce Alger,"5' 10""",199 lbs.,,Orthodox,,3,2,0,0.0,0.0,0.0,0.0,0.0,0.0,0.0,0.0
67533c6f7a2ac5f7e09af76d,0541480fbf719d86,Houston Alexander,"6' 0""",205 lbs.,"72""",Orthodox,"Mar 22, 1972",17,15,1,3.06,0.54,3.2,0.52,1.19,0.57,0.33,0.0
67533c6f7a2ac5f7e09af76c,11583163f45c7b31,Lucas Alexander,"5' 11""",145 lbs.,"73""",Orthodox,"Jul 28, 1995",8,4,0,5.23,0.55,1.83,0.71,0.0,0.0,0.57,0.0
67533c6f7a2ac5f7e09af774,6fd953151d981979,JJ Aldrich,"5' 5""",125 lbs.,"67""",Southpaw,"Sep 29, 1992",13,7,0,3.88,0.46,4.38,0.6,0.66,0.23,0.66,0.0
67533c6f7a2ac5f7e09af776,d0f3959b4a9747e6,Jose Aldo,"5' 7""",135 lbs.,"70""",Orthodox,"Sep 09, 1986",32,9,0,3.62,0.46,3.72,0.6,0.49,0.53,0.92,0.1
67533c6f7a2ac5f7e09af779,1e38bba6738b7b10,Alfonso Alcarez,"5' 3""",145 lbs.,,,"Jun 10, 1970",1,3,1,0.0,0.0,0.0,0.0,0.0,0.0,0.0,0.0
67533c6f7a2ac5f7e09af777,578ef12674df1e6a,Irene Aldana,"5' 9""",135 lbs.,"68""",Orthodox,"Mar 26, 1988",15,8,0,5.19,0.39,6.64,0.56,0.15,0.5,0.77,0.2
67533c6f7a2ac5f7e09af77e,184b955181bdef52,Wes Albritton,"5' 10""",188 lbs.,,Orthodox,,0,1,0,0.0,0.0,0.0,0.0,0.0,0.0,0.0,0.0
67533c6f7a2ac5f7e09af778,d26934530dc5b248,Gilbert Aldana,"6' 1""",250 lbs.,,Orthodox,"Aug 25, 1977",6,2,0,2.91,0.54,6.26,0.26,2.57,0.4,0.33,0.0
67533c6f7a2ac5f7e09af77f,e76d9f656ceb82ab,Aleksandra Albu,"5' 2""",115 lbs.,"63""",Orthodox,"Jul 14, 1990",3,2,0,4.83,0.47,5.56,0.38,2.27,0.5,0.77,0.4
67533c6f7a2ac5f7e09af775,c487223b0289bda9,Hector Aldana,"5' 11""",170 lbs.,"72""",Orthodox,"Aug 17, 1988",4,3,0,3.59,0.38,5.08,0.59,0.93,1.0,0.0,0.0
67533c6f7a2ac5f7e09af77d,2f95a3c6d58b2aad,Iuri Alcantara,"5' 9""",135 lbs.,"71""",Southpaw,"Aug 04, 1980",35,10,0,2.72,0.45,2.79,0.49,1.44,0.62,0.6,0.8
67533c6f7a2ac5f7e09af77a,7c6e87729e824ef4,Ildemar Alcantara,"6' 2""",185 lbs.,"78""",Orthodox,"Nov 18, 1982",21,11,0,1.93,0.38,2.63,0.5,2.0,0.68,0.81,0.9
67533c6f7a2ac5f7e09af78a,1fc64507a0cb38cf,Rostem Akman,"5' 10""",170 lbs.,"72""",Switch,"Dec 19, 1991",6,2,0,1.8,0.25,3.97,0.57,1.0,0.4,0.87,0.0
67533c6f7a2ac5f7e09af78c,2eada40ac8801559,Hitomi Akano,"5' 4""",135 lbs.,,Southpaw,"Jul 27, 1974",18,10,0,0.59,0.45,2.58,0.55,0.0,0.0,0.08,0.5
67533c6f7a2ac5f7e09af785,6d35bf94f7d30241,Amir Albazi,"5' 5""",125 lbs.,"68""",Orthodox,"Oct 27, 1993",17,2,0,2.72,0.34,3.71,0.61,1.39,0.32,0.5,0.5
67533c6f7a2ac5f7e09af788,38b50fd1e1b5b656,Razak Al-Hassan,"6' 2""",205 lbs.,,Orthodox,"May 14, 1982",13,5,0,3.27,0.39,3.14,0.6,0.65,0.14,0.57,0.0
67533c6f7a2ac5f7e09af78b,49dea784f6cfed71,Ashiek Ajim,"5' 8""",135 lbs.,"71""",Switch,"Jun 19, 1994",6,2,0,5.0,0.4,11.25,0.25,0.0,0.0,0.0,0.0
67533c6f7a2ac5f7e09af784,2144954270be834d,Javi Alanis,"5' 6""",135 lbs.,,,,0,4,0,0.0,0.0,0.0,0.0,0.0,0.0,0.0,0.0
67533c6f7a2ac5f7e09af789,597499ac7a5aac62,Abdul-Kareem Al-Selwady,"5' 8""",155 lbs.,"69""",Orthodox,"Apr 10, 1995",15,4,0,4.14,0.34,3.6,0.59,2.32,0.3,0.2,0.0
67533c6f7a2ac5f7e09af786,7578cc6bd750206b,Herdem Alacabek,"6' 2""",205 lbs.,"75""",Orthodox,"Jun 07, 1991",5,1,0,3.84,0.65,6.66,0.23,2.06,0.5,0.42,0.0
67533c6f7a2ac5f7e09af791,ae071698e1a3ccd4,Christian Aguilera,"5' 9""",170 lbs.,"72""",Switch,"Nov 25, 1991",14,8,0,2.54,0.37,4.04,0.48,0.0,0.0,0.6,0.0
67533c6f7a2ac5f7e09af78d,16690d100f995f8f,Omari Akhmedov,"6' 0""",185 lbs.,"73""",Orthodox,"Oct 12, 1987",21,6,1,2.97,0.34,2.84,0.55,2.58,0.45,0.65,0.2
67533c6f7a2ac5f7e09af790,c051c2e12d692b8a,Jesus Aguilar,"5' 4""",125 lbs.,"62""",Orthodox,"Mar 13, 1996",11,2,0,1.46,0.51,1.26,0.58,1.75,0.33,0.36,1.8
67533c6f7a2ac5f7e09af78f,9e3dbb9c68ed5d1a,Mike Aina,"5' 9""",155 lbs.,,Orthodox,,14,6,1,2.87,0.33,6.33,0.59,0.0,0.0,0.71,0.0
67533c6f7a2ac5f7e09af78e,0978385b2bd9ef9b,Nick Aguirre,"5' 9""",135 lbs.,"74""",Southpaw,"Jan 15, 1996",7,2,0,0.73,0.33,2.89,0.45,1.16,0.2,0.33,0.6
67533c6f7a2ac5f7e09af796,501821d7fb7b95c1,Fabio Aguiar,"6' 0""",185 lbs.,,,"Feb 10, 1988",17,1,0,0.0,0.0,0.0,0.0,0.0,0.0,0.0,0.0
67533c6f7a2ac5f7e09af794,8f382b3baa954d2a,Jessica Aguilar,"5' 3""",115 lbs.,"63""",Orthodox,"May 08, 1982",20,8,0,4.93,0.5,7.19,0.53,0.94,0.25,0.5,0.2
67533c6f7a2ac5f7e09af793,cf946e03ba2e7666,Kevin Aguilar,"5' 7""",155 lbs.,"73""",Orthodox,"Sep 07, 1988",17,5,0,3.96,0.4,4.81,0.52,0.16,0.16,0.78,0.0
67533c6f7a2ac5f7e09af797,44aa652b181bcf68,Marcelo Aguiar,"5' 10""",170 lbs.,,Orthodox,,2,3,1,0.0,0.0,0.0,0.0,0.0,0.0,0.0,0.0
67533c6f7a2ac5f7e09af795,6cadc0a0ba7dc015,Edwin Aguilar,"5' 10""",185 lbs.,,,,26,19,0,0.0,0.0,0.0,0.0,0.0,0.0,0.0,0.0
67533c6f7a2ac5f7e09af783,1897b7b913736a7c,Alatengheili,"5' 5""",135 lbs.,"66""",Orthodox,"Dec 14, 1991",17,9,2,2.64,0.32,4.67,0.57,1.99,0.45,0.75,0.0
67533c6f7a2ac5f7e09af787,1cf1310684a841f5,Mostapha Al-Turk,"6' 2""",245 lbs.,"77""",Orthodox,"Jul 14, 1973",6,6,0,1.36,0.19,3.61,0.53,0.0,0.0,0.0,0.0
67533c6f7a2ac5f7e09af792,b0550072e5f0afa7,Yoshihiro Akiyama,"5' 10""",170 lbs.,"75""",Orthodox,"Jul 29, 1975",14,6,0,3.1,0.41,3.62,0.57,2.29,0.67,0.92,1.0
67533c6f7a2ac5f7e09af782,7bd94b60d7521e4a,John Albert,"5' 8""",135 lbs.,"68""",Orthodox,"Oct 13, 1986",6,5,0,3.05,0.49,2.82,0.35,0.0,0.0,0.5,6.1
67533c6f7a2ac5f7e09af780,c482c8605455a213,Junior Albini,"6' 3""",264 lbs.,"74""",Orthodox,"Mar 15, 1991",14,6,0,3.98,0.51,6.08,0.52,1.54,0.37,1.0,0.0
67533c6f7a2ac5f7e09af761,1e13936d708bcff7,George Allen,"6' 2""",205 lbs.,,Open Stance,"Jan 13, 1967",13,19,2,0.8,0.38,3.1,0.43,0.0,0.0,0.5,0.0
67533c6f7a2ac5f7e09af799,1338e2c7480bdf9e,Israel Adesanya,"6' 4""",185 lbs.,"80""",Switch,"Jul 22, 1989",24,4,0,4.0,0.48,3.21,0.56,0.05,0.12,0.75,0.1
67533c6f7a2ac5f7e09af79a,ebc5af72ad5a28cb,Nick Agallar,"5' 8""",155 lbs.,,Orthodox,"Jan 13, 1979",24,6,0,0.69,0.11,4.56,0.42,0.0,0.0,0.0,0.0
67533c6f7a2ac5f7e09af79b,0e9869d712e81f8f,Sam Adkins,"6' 3""",225 lbs.,,Orthodox,"Apr 26, 1965",7,20,2,0.0,0.0,0.0,0.0,0.0,0.0,0.0,0.0
67533c6f7a2ac5f7e09af79c,a08ddd04eaffd81d,Mariya Agapova,"5' 6""",125 lbs.,"68""",Southpaw,"Apr 07, 1997",10,5,0,4.43,0.54,3.62,0.52,0.55,0.66,0.45,0.8
67533c6f7a2ac5f7e09af79d,a77633a989013265,Anthony Adams,"6' 1""",185 lbs.,"76""",Orthodox,"Jan 13, 1988",8,2,0,3.17,0.41,5.93,0.44,0.0,0.0,0.0,0.0
67533c6f7a2ac5f7e09af79f,7a846fcbf182a7c8,Mohamed Ado,"5' 11""",170 lbs.,"76""",Switch,"May 03, 2000",5,1,0,1.66,0.83,0.33,0.75,4.97,0.5,0.5,5.0
67533c6f7a2ac5f7e09af79e,79cb2a690b9ba5e8,Zarrukh Adashev,"5' 5""",125 lbs.,"65""",Southpaw,"Jul 29, 1992",4,4,0,3.65,0.4,3.04,0.64,0.0,0.0,1.0,0.5
67533c6f7a2ac5f7e09af7a0,83b00f7597e5ac83,Juan Adams,"6' 5""",265 lbs.,"80""",Orthodox,"Jan 16, 1992",5,3,0,7.09,0.55,4.06,0.34,0.91,0.66,0.57,0.0
67533c6f7a2ac5f7e09af7c0,effd9de9937996f8,Tyron Woodley,"5' 9""",170 lbs.,"74""",Orthodox,"Apr 07, 1982",19,7,1,2.36,0.48,2.76,0.54,1.06,0.4,0.87,0.4
67533c6f7a2ac5f7e09af7c4,aa79d5399571068e,Brandon Wolff,"5' 9""",170 lbs.,,Orthodox,"Oct 18, 1975",7,5,0,0.47,0.33,10.91,0.19,0.0,0.0,0.0,0.0
67533c6f7a2ac5f7e09af7b0,2296125b6c362355,Wulijiburen,"5' 9""",135 lbs.,"69""",Orthodox,"Mar 01, 1989",20,9,0,1.61,0.42,3.02,0.56,3.28,0.42,0.77,0.4
67533c6f7a2ac5f7e09af7d8,f9a20a17d712ef7c,Cole Williams,"6' 0""",170 lbs.,"73""",Orthodox,"Dec 15, 1983",11,3,0,0.31,0.27,5.34,0.23,0.0,0.0,0.25,0.0
67533c6f7a2ac5f7e09af7cf,b8e6393c39cb9740,Sean Wilson,"5' 8""",145 lbs.,,,"Oct 20, 1982",36,29,0,1.01,0.31,5.88,0.62,0.0,0.0,0.0,0.0
67533c6f7a2ac5f7e09af7c5,a7e3f02fe2b2fe30,Danyelle Wolf,"5' 11""",145 lbs.,"70""",Orthodox,"Sep 08, 1983",1,1,0,2.37,0.25,4.57,0.47,0.0,0.0,0.77,0.5
67533c6f7a2ac5f7e09af7a9,b361180739bed4b0,David Abbott,"6' 0""",265 lbs.,,Switch,,10,15,0,1.35,0.3,3.55,0.38,1.07,0.33,0.66,0.0
67533c6f7a2ac5f7e09af7be,7a47e068f8017019,Val Woodburn,"5' 8""",170 lbs.,"74""",Orthodox,"Aug 10, 1993",7,2,0,1.6,0.35,4.93,0.36,1.92,1.0,0.5,0.0
67533c6f7a2ac5f7e09af7a7,c9f6385af6df66d7,Papy Abedi,"5' 11""",185 lbs.,,Southpaw,"Jun 30, 1978",10,4,0,2.8,0.55,3.15,0.48,3.47,0.57,0.5,1.3
67533c6f7a2ac5f7e09af7d4,ce1e867808ef5fce,Justin Willis,"6' 1""",264 lbs.,"78""",Southpaw,"Jul 19, 1987",8,2,0,3.37,0.59,2.57,0.57,0.96,0.66,0.36,0.0
67533c6f7a2ac5f7e09af7ab,841695e02c99a521,Mansur Abdul-Malik,"6' 2""",185 lbs.,"79""",Orthodox,"Oct 07, 1997",7,0,0,6.61,0.54,4.21,0.53,0.0,0.0,0.75,0.0
67533c6f7a2ac5f7e09af7aa,c0ed7b208197e8de,Hiroyuki Abe,"5' 6""",145 lbs.,,Orthodox,,8,15,3,1.71,0.36,3.11,0.63,0.0,0.0,0.33,0.0
67533c6f7a2ac5f7e09af7ce,7b3503352cd53abb,Westin Wilson,"6' 1""",145 lbs.,"73""",Southpaw,"Jan 24, 1989",17,9,0,1.68,0.33,5.72,0.31,1.68,0.16,0.33,8.4
67533c6f7a2ac5f7e09af7b8,78e501478a36a018,Khama Worthy,"5' 11""",155 lbs.,"74""",Orthodox,"Oct 15, 1986",16,9,0,4.18,0.48,4.45,0.46,0.0,0.0,0.57,0.7
67533c6f7a2ac5f7e09af7dc,b8e2f10efb6eca85,Carter Williams,"6' 1""",265 lbs.,,Orthodox,,4,5,0,1.55,0.36,2.32,0.58,2.9,0.33,1.0,0.0
67533c6f7a2ac5f7e09af7ca,53f84637dfffab7a,Eric Wisely,"5' 8""",145 lbs.,,Southpaw,"Jul 25, 1984",26,9,1,1.42,0.47,2.08,0.56,0.0,0.0,0.27,0.9
67533c6f7a2ac5f7e09af7b5,e78f601035d677f2,Justin Wren,"6' 2""",265 lbs.,,Orthodox,"Apr 27, 1987",13,2,0,3.43,0.35,2.07,0.64,0.0,0.0,1.0,0.0
67533c6f7a2ac5f7e09af7bb,de3ed2e152520c8d,Cal Worsham,"5' 11""",230 lbs.,,Orthodox,,13,10,0,0.0,0.0,0.0,0.0,0.0,0.0,0.0,0.0
67533c6f7a2ac5f7e09af7b3,fdbefee0827e1567,Wu Yanan,"5' 8""",135 lbs.,"66""",Orthodox,"Apr 18, 1996",13,6,0,4.23,0.41,4.95,0.49,0.62,0.3,0.63,0.2
67533c6f7a2ac5f7e09af7d6,d35f734c56a89103,Karl Williams,"6' 3""",235 lbs.,"79""",Orthodox,"Jan 06, 1990",10,2,0,2.68,0.48,2.15,0.55,4.2,0.48,1.0,0.2
67533c6f7a2ac5f7e09af7b1,aac6edb0d5e0b7e9,Marcin Wrzosek,"5' 9""",155 lbs.,,,"Oct 14, 1987",12,4,0,3.47,0.43,4.07,0.43,3.0,0.25,0.33,0.0
67533c6f7a2ac5f7e09af7ae,59a9d6dac61c2540,Nariman Abbasov,"5' 8""",155 lbs.,"66""",Orthodox,"Feb 01, 1994",28,4,0,3.0,0.2,5.67,0.46,0.0,0.0,0.66,0.0
67533c6f7a2ac5f7e09af7c2,daa89f01e1c0f42a,Xue Do Won,"5' 7""",165 lbs.,,,,0,1,0,0.0,0.0,0.0,0.0,0.0,0.0,0.0,0.0
67533c6f7a2ac5f7e09af7a8,5140122c3eecd307,Daichi Abe,"5' 11""",170 lbs.,"71""",Orthodox,"Nov 27, 1991",6,2,0,3.8,0.33,4.49,0.56,0.33,0.5,0.0,0.0
67533c6f7a2ac5f7e09af7af,15df64c02b6b0fde,Danny Abbadi,"5' 11""",155 lbs.,,Orthodox,"Jul 03, 1983",4,6,0,3.29,0.38,4.41,0.57,0.0,0.0,0.77,0.0
67533c6f7a2ac5f7e09af7d7,990bd63726a577f8,Tim Williams,"6' 2""",185 lbs.,"76""",Orthodox,"Jul 03, 1986",15,5,0,3.07,0.38,3.55,0.48,1.81,0.4,1.0,0.0
67533c6f7a2ac5f7e09af7c7,7f9f528cb72a6ed1,Travis Wiuff,"6' 3""",205 lbs.,,Orthodox,"Mar 15, 1978",75,21,0,0.48,0.3,4.03,0.41,4.84,0.57,0.44,1.2
67533c6f7a2ac5f7e09af7a5,aa6e591c2a2cdecd,Ricardo Abreu,"5' 11""",185 lbs.,,Orthodox,"Apr 27, 1984",5,1,0,3.79,0.31,3.98,0.68,2.13,0.42,1.0,0.7
67533c6f7a2ac5f7e09af7a3,989b85f6540c86b1,John Adajar,"5' 9""",170 lbs.,"75""",Orthodox,"Jun 22, 1991",6,2,0,3.9,0.52,6.28,0.44,0.0,0.0,0.0,0.0
67533c6f7a2ac5f7e09af7c8,5f3805dda9661cba,Jason Witt,"5' 10""",170 lbs.,"70""",Orthodox,"Nov 07, 1986",19,9,0,2.15,0.44,2.54,0.52,6.9,0.48,1.0,0.9
67533c6f7a2ac5f7e09af7c9,cd12227edd3f134b,Keith Wisniewski,"6' 0""",170 lbs.,,Orthodox,"Oct 25, 1981",28,15,1,2.32,0.52,4.86,0.42,1.57,0.4,0.78,0.3
67533c6f7a2ac5f7e09af7cb,b45d6b73f4ca4467,Andre Winner,"5' 11""",155 lbs.,"73""",Orthodox,"Nov 09, 1981",21,11,2,2.52,0.33,4.57,0.51,0.0,0.0,0.74,0.0
67533c6f7a2ac5f7e09af7c3,b99b3620839ea911,Karolina Wojcik,"5' 2""",115 lbs.,,Orthodox,"Dec 09, 1994",9,2,0,2.67,0.65,0.87,0.62,2.0,0.66,1.0,1.0
67533c6f7a2ac5f7e09af7b7,eb6edce3028f05c0,Eric Wray,"6' 0""",170 lbs.,,Orthodox,,5,1,0,1.76,0.48,3.12,0.28,4.07,0.66,0.0,2.0
67533c6f7a2ac5f7e09af7da,e26bd53b751d61d9,Jordan Williams,"6' 1""",185 lbs.,"75""",Southpaw,"Oct 13, 1990",9,6,0,5.83,0.5,5.46,0.35,1.11,0.5,0.85,0.0
67533c6f7a2ac5f7e09af754,d615d6a10a4704cd,Magno Almeida,"6' 0""",155 lbs.,,,"Jun 06, 1985",10,3,0,1.67,0.36,2.6,0.41,0.0,0.0,0.4,5.0
67533c6f7a2ac5f7e09af7bc,8de471543d9c933e,Salvador Woods,"5' 11""",170 lbs.,,,"Feb 05, 1985",8,17,0,0.0,0.0,0.0,0.0,0.0,0.0,0.0,0.0
67533c6f7a2ac5f7e09af7a4,1c5879330d42255f,Daniel Acacio,"5' 8""",180 lbs.,,Orthodox,"Dec 27, 1977",30,18,0,3.52,0.36,2.85,0.62,0.33,0.2,0.81,0.0
67533c6f7a2ac5f7e09af7bd,4682bc59d5f55145,Sean Woodson,"6' 2""",145 lbs.,"78""",Orthodox,"Jun 07, 1992",12,1,1,5.58,0.46,4.19,0.58,0.66,0.62,0.84,0.4
67533c6f7a2ac5f7e09af7b4,c878270af633eb11,Jordan Wright,"6' 2""",205 lbs.,"77""",Orthodox,"Oct 07, 1991",12,5,0,4.1,0.56,6.03,0.31,2.09,0.45,1.0,0.4
67533c6f7a2ac5f7e09af7ad,2f5cbecbbe18bac4,Shamil Abdurakhimov,"6' 3""",235 lbs.,"76""",Orthodox,"Sep 02, 1981",20,8,0,2.41,0.44,3.02,0.55,1.01,0.23,0.45,0.1
67533c6f7a2ac5f7e09af7d0,eb29176b03dfa888,Matt Wiman,"5' 10""",155 lbs.,"68""",Orthodox,"Sep 19, 1983",16,10,0,3.17,0.5,3.57,0.51,2.13,0.37,0.56,1.5
67533c6f7a2ac5f7e09af7ac,3329d692aea4dc28,Hamdy Abdelwahab,"6' 2""",264 lbs.,"72""",Southpaw,"Jan 22, 1993",5,0,0,3.87,0.52,3.13,0.59,3.0,0.75,0.0,0.0
67533c6f7a2ac5f7e09af7c1,12f91bfa8f1f723b,Joanne Wood,"5' 6""",125 lbs.,"65""",Orthodox,"Dec 23, 1985",17,8,0,7.1,0.51,4.89,0.51,1.52,0.55,0.58,0.3
67533c6f7a2ac5f7e09af7d9,2558ae2e5671e318,Khaos Williams,"6' 0""",170 lbs.,"77""",Orthodox,"Mar 30, 1994",15,3,0,5.81,0.39,5.42,0.42,0.0,0.0,0.8,0.0
67533c6f7a2ac5f7e09af7db,39330403ad27c2bb,Patrick Williams,"5' 8""",135 lbs.,"73""",Orthodox,"Sep 07, 1981",8,6,0,4.12,0.51,4.12,0.52,2.71,0.41,1.0,0.5
67533c6f7a2ac5f7e09af7cc,483a953b18d73bb3,Deron Winn,"5' 6""",185 lbs.,"70""",Orthodox,"Jun 13, 1989",7,3,0,4.55,0.44,6.21,0.46,4.28,0.52,0.4,0.0
67533c6f7a2ac5f7e09af7a1,2620f3eb21c79614,Scott Adams,"6' 0""",225 lbs.,,Southpaw,,8,1,0,0.0,0.0,0.0,0.0,0.0,0.0,0.0,0.0
67533c6f7a2ac5f7e09af750,64d47ef881a437a4,Cesar Almeida,"6' 1""",185 lbs.,"74""",Orthodox,"Mar 28, 1988",6,1,0,4.12,0.57,2.18,0.47,0.0,0.0,0.57,0.3
67533c6f7a2ac5f7e09af7cd,fc9a9559a05f2704,Eddie Wineland,"5' 7""",135 lbs.,"69""",Orthodox,"Jun 26, 1984",24,16,1,3.4,0.29,3.76,0.68,0.34,0.33,0.86,0.1
67533c6f7a2ac5f7e09af7d2,a56607a451e4c70d,Chris Wilson,"6' 1""",170 lbs.,"75""",Orthodox,"Jun 07, 1977",18,10,0,2.32,0.5,1.36,0.55,1.31,0.5,0.6,1.6
67533c6f7a2ac5f7e09af7a6,7279654c7674cd24,Klidson Abreu,"6' 0""",205 lbs.,"74""",Orthodox,"Dec 24, 1992",15,4,0,2.05,0.4,2.9,0.55,0.64,0.2,0.8,0.0
67533c6f7a2ac5f7e09af7bf,329e403448756217,Nathaniel Wood,"5' 6""",145 lbs.,"69""",Orthodox,"May 08, 1993",20,6,0,5.75,0.51,4.0,0.56,1.56,0.48,0.72,0.5
67533c6f7a2ac5f7e09af7dd,6f812143641ceff8,Rubin Williams,"6' 1""",185 lbs.,,Orthodox,"Apr 09, 1976",0,1,0,0.0,0.0,1.39,0.6,0.0,0.0,0.0,0.0
67533c6f7a2ac5f7e09af7e1,cfaf010d5b389c09,Mike Wilkinson,"5' 7""",145 lbs.,"66""",Orthodox,"Sep 15, 1987",9,4,0,2.35,0.38,3.7,0.35,0.92,0.14,0.55,0.9
67533c6f7a2ac5f7e09af7e0,b63e800c18e011b5,Tedd Williams,"6' 1""",275 lbs.,,Orthodox,"Dec 19, 1969",7,1,0,0.0,0.0,0.0,0.0,0.0,0.0,0.0,0.0
67533c6f7a2ac5f7e09af7df,826475cc758e60e6,Rob Wilkinson,"6' 3""",185 lbs.,"80""",Orthodox,"Feb 22, 1992",11,2,0,2.74,0.5,5.66,0.39,4.47,0.25,0.0,0.0
67533c6f7a2ac5f7e09af7de,6291ac0a3726732f,Pete Williams,"6' 3""",235 lbs.,,Orthodox,"Jul 10, 1975",12,6,0,0.61,0.62,2.77,0.4,1.84,0.4,0.16,0.9
67533c6f7a2ac5f7e09af7e3,338a11d3674eb2d4,Aaron Wilkinson,"5' 10""",155 lbs.,,Orthodox,"Jan 31, 1987",11,7,0,0.0,0.0,0.0,1.0,7.32,1.0,0.0,0.0
67533c6f7a2ac5f7e09af7e2,852454c572675334,James Wilks,"6' 1""",170 lbs.,"75""",Orthodox,"May 04, 1978",7,4,0,1.82,0.45,2.03,0.5,1.27,0.22,0.66,3.8
67533c6f7a2ac5f7e09af7e4,781014fb7e8e647a,Joe Wilk,"5' 9""",145 lbs.,,,"Apr 12, 1982",19,11,0,1.0,0.54,2.0,0.72,0.0,0.0,0.0,0.0
67533c6f7a2ac5f7e09af7e9,13935768cf8aeb86,Josh Wick,"5' 9""",155 lbs.,"69""",Switch,"Oct 04, 1994",12,6,0,0.65,0.6,6.52,0.41,0.0,0.0,0.8,0.0
67533c6f7a2ac5f7e09af7e7,4a482a0100cfcd0a,Justin Wilcox,"5' 6""",155 lbs.,,Orthodox,"Mar 12, 1979",14,7,0,3.82,0.28,2.63,0.71,1.43,0.16,1.0,0.0
67533c6f7a2ac5f7e09af7e5,a6c2f5381d575920,Orlando Wiet,"5' 10""",170 lbs.,,Southpaw,,1,5,0,0.0,0.0,0.0,0.0,0.0,0.0,0.0,0.0
67533c6f7a2ac5f7e09af7e6,60884f31ead1609c,Jonathan Wiezorek,"6' 3""",250 lbs.,,Southpaw,"Feb 10, 1978",11,2,0,1.27,0.58,5.47,0.31,1.91,0.2,0.0,0.0
67533c6f7a2ac5f7e09af7e8,b3d21b2610dcfaeb,Emily Whitmire,"5' 5""",125 lbs.,"63""",Orthodox,"May 24, 1991",4,5,0,2.5,0.31,2.98,0.54,1.9,0.66,0.7,0.5
67533c6f7a2ac5f7e09af7ea,efa1f6b42c86793c,Adam Wieczorek,"6' 5""",250 lbs.,"81""",Orthodox,"Feb 05, 1992",10,2,0,1.68,0.38,1.87,0.48,0.41,0.33,0.58,0.4
67533c6f7a2ac5f7e09af7eb,e1147d3d2dabe1ce,Robert Whittaker,"6' 0""",185 lbs.,"73""",Orthodox,"Dec 20, 1990",27,8,0,4.54,0.43,3.41,0.59,0.8,0.38,0.81,0.0
67533c6f7a2ac5f7e09af7ed,129537073431e52e,Garett Whiteley,"6' 0""",155 lbs.,"72""",Orthodox,"Dec 13, 1980",7,3,0,3.72,0.48,4.04,0.46,0.0,0.0,0.27,0.9
67533c6f7a2ac5f7e09af80c,d7b2c0b53883ee80,Kyle Watson,"6' 0""",155 lbs.,,Southpaw,"Aug 09, 1979",13,8,1,3.67,0.35,3.25,0.62,0.0,0.0,1.0,0.0
67533c6f7a2ac5f7e09af809,92aafa8f4b26269b,Walel Watson,"5' 11""",135 lbs.,"75""",Orthodox,"Jul 16, 1984",14,10,0,2.1,0.29,3.79,0.43,0.0,0.0,0.61,1.4
67533c6f7a2ac5f7e09af808,6809c31286b08d97,Tom Watson,"6' 1""",185 lbs.,"73""",Orthodox,"Jul 13, 1982",17,9,0,4.01,0.44,4.41,0.5,0.15,0.07,0.43,0.0
67533c6f7a2ac5f7e09af805,f40ec51dd4de47c3,Jonavin Webb,"5' 10""",170 lbs.,,Orthodox,"Apr 28, 1989",9,2,0,1.47,0.3,2.27,0.64,2.5,0.31,0.4,1.0
67533c6f7a2ac5f7e09af802,326a001926ffb7ec,Darian Weeks,"5' 11""",170 lbs.,"72""",Orthodox,"Nov 23, 1993",5,3,0,4.49,0.51,4.56,0.51,2.0,0.3,1.0,0.0
67533c6f7a2ac5f7e09af7ff,7b9dade6bedaabbe,Daniel Weichel,"5' 10""",145 lbs.,"70""",,"Nov 22, 1984",39,9,0,5.71,0.42,4.05,0.61,0.84,0.5,0.83,0.0
67533c6f7a2ac5f7e09af7f3,e57f0b06ea39e360,Coty Wheeler,"5' 6""",135 lbs.,"67""",Orthodox,"Oct 11, 1978",14,5,0,1.88,0.22,3.16,0.59,0.87,0.37,0.33,2.6
67533c6f7a2ac5f7e09af7fc,9ccdd2ce45903f34,Mark Weir,"6' 2""",185 lbs.,,Southpaw,"Sep 19, 1967",21,18,1,1.54,0.56,2.5,0.38,0.8,0.5,0.25,2.4
67533c6f7a2ac5f7e09af7fb,3a8176e15b9887c1,Chris Weidman,"6' 2""",185 lbs.,"78""",Orthodox,"Jun 17, 1984",16,7,0,3.18,0.45,3.22,0.51,3.44,0.42,0.65,0.8
67533c6f7a2ac5f7e09af7f0,4debc6c4c6249690,Patrik White,"6' 0""",155 lbs.,"72""",Orthodox,"Jun 11, 1993",9,2,0,9.77,0.49,6.28,0.6,0.0,0.0,0.5,0.0
67533c6f7a2ac5f7e09af817,c4c4c7dd26c15d91,Brian Warren,"6' 0""",185 lbs.,,Orthodox,,18,17,1,1.16,0.21,4.63,0.57,0.0,0.0,0.0,0.0
67533c6f7a2ac5f7e09af814,8a19676a3388845a,Idris Wasi,"6' 0""",186 lbs.,,,"Dec 11, 1989",2,14,0,0.4,0.31,3.53,0.46,0.0,0.0,0.2,0.0
67533c6f7a2ac5f7e09af7ee,22d1e00e1aabb7c9,Mike Whitehead,"6' 1""",205 lbs.,,Orthodox,"Jun 29, 1981",27,8,0,1.62,0.33,2.36,0.59,3.59,0.43,0.77,0.3
67533c6f7a2ac5f7e09af816,1e47dba648ea438c,Merritt Warren,"5' 10""",155 lbs.,,Southpaw,,3,3,0,0.0,0.0,0.0,0.0,0.0,0.0,0.0,0.0
67533c6f7a2ac5f7e09af800,d66a46de8d705353,Jeremiah Wells,"5' 9""",170 lbs.,"74""",Switch,"Oct 30, 1986",12,4,1,2.41,0.43,1.31,0.48,3.08,0.44,0.8,0.8
67533c6f7a2ac5f7e09af804,d44a84409bf0da64,Stephanie Webber,"5' 6""",135 lbs.,,,,2,2,0,0.91,0.8,3.85,0.15,6.79,0.4,0.0,0.0
67533c6f7a2ac5f7e09af7f6,d181689653115b6a,Steve White,"5' 11""",175 lbs.,,,,1,4,0,0.0,0.0,0.0,0.0,0.0,0.0,0.0,0.0
67533c6f7a2ac5f7e09af7f9,5f5763b3a4de8dd4,Dustin West,"5' 11""",170 lbs.,,,,6,6,0,0.0,0.0,0.0,0.0,0.0,0.0,0.0,0.0
67533c6f7a2ac5f7e09af7ef,1dafccb62a0f98ec,Robert Whiteford,"5' 9""",145 lbs.,"69""",Southpaw,"Apr 12, 1983",14,4,0,2.33,0.46,1.99,0.62,1.9,0.3,0.45,0.0
67533c6f7a2ac5f7e09af810,2de91c2244ad7e89,Dominic Waters,"6' 1""",170 lbs.,"79""",Orthodox,"Apr 11, 1989",9,5,0,0.48,0.23,2.53,0.39,4.07,0.52,0.28,0.0
67533c6f7a2ac5f7e09af80e,eb04b9d31e938edb,Michelle Waterson-Gomez,"5' 3""",115 lbs.,"62""",Orthodox,"Jan 06, 1986",18,13,0,3.42,0.46,4.25,0.48,1.39,0.33,0.69,0.6
67533c6f7a2ac5f7e09af803,b9c03e7a4557e542,Royston Wee,"5' 7""",135 lbs.,"67""",Orthodox,"Nov 15, 1986",4,1,0,1.1,0.6,2.45,0.49,3.38,0.81,0.0,0.0
67533c6f7a2ac5f7e09af7fa,492b202d2064e7a9,Fabricio Werdum,"6' 4""",231 lbs.,"77""",Orthodox,"Jul 30, 1977",24,9,1,3.59,0.52,2.64,0.55,1.75,0.31,0.31,1.2
67533c6f7a2ac5f7e09af7f8,b51841e7c594090d,Mike Wessel,"6' 0""",260 lbs.,,Orthodox,"Dec 02, 1977",15,8,0,1.82,0.56,6.43,0.22,6.29,0.5,0.0,0.0
67533c6f7a2ac5f7e09af7f2,3dd949593346dbc3,Craig White,"6' 2""",170 lbs.,"76""",Orthodox,"Jul 01, 1990",14,9,0,1.23,0.4,3.28,0.39,0.0,0.0,0.5,0.8
67533c6f7a2ac5f7e09af812,efaf544314bb5c2e,Ron Waterman,"6' 2""",280 lbs.,,Orthodox,"Nov 23, 1965",16,6,2,0.84,0.5,1.37,0.42,4.19,0.69,0.5,2.8
67533c6f7a2ac5f7e09af807,7c9f96f9a6a5cd50,Brok Weaver,"6' 0""",155 lbs.,"73""",Southpaw,"Dec 05, 1991",15,6,0,4.78,0.64,4.35,0.46,0.41,0.1,0.66,0.4
67533c6f7a2ac5f7e09af801,69888118d968ba52,Joshua Weems,"5' 8""",135 lbs.,"69""",Orthodox,"May 05, 1994",11,3,0,5.25,0.64,3.34,0.61,4.77,0.4,1.0,0.0
67533c6f7a2ac5f7e09af7fe,f1b2a4365799c48b,Christian Wellisch,"6' 2""",234 lbs.,"77""",Orthodox,"Sep 13, 1975",8,5,0,3.12,0.27,3.04,0.56,1.22,0.42,0.45,1.2
67533c6f7a2ac5f7e09af7fd,2e45d08b3f2f02c8,Malcolm Wellmaker,"5' 10""",135 lbs.,"71""",Switch,"Jun 04, 1994",8,0,0,8.05,0.66,7.65,0.54,0.0,0.0,1.0,0.0
67533c6f7a2ac5f7e09af7f5,12458872d6afae1b,Vernon White,"6' 0""",205 lbs.,,Southpaw,"Dec 03, 1971",26,33,2,2.11,0.38,2.2,0.54,0.88,0.28,0.44,0.0
67533c6f7a2ac5f7e09af7f7,ec2d13a87d3d9541,Sheldon Westcott,"6' 1""",170 lbs.,"71""",Southpaw,"Aug 20, 1984",10,3,1,2.26,0.4,3.73,0.37,3.23,0.37,0.14,0.0
67533c6f7a2ac5f7e09af815,2abe38b81d68a24a,Kengo Watanabe,"6' 4""",220 lbs.,,Orthodox,"Jan 31, 1976",8,13,3,0.6,0.4,3.4,0.35,1.0,1.0,0.37,0.0
67533c6f7a2ac5f7e09af813,951ffadfc4e917ea,Kazuhisa Watanabe,"5' 6""",139 lbs.,,,"May 18, 1983",0,1,0,0.62,0.5,0.94,0.0,0.0,0.0,0.14,0.0
67533c6f7a2ac5f7e09af80f,31dbfbe4e7a6727c,Trey Waters,"6' 5""",170 lbs.,"77""",Orthodox,"Feb 21, 1995",9,1,0,6.43,0.44,5.61,0.56,0.44,0.33,0.85,0.9
67533c6f7a2ac5f7e09af7ec,b6debbda44d4a5a0,Mitch Whitesel,"5' 9""",185 lbs.,,,"Jul 12, 1981",17,27,0,0.0,0.0,0.0,0.0,0.0,0.0,0.0,0.0
67533c6f7a2ac5f7e09af7f1,c17041f1bb5768d8,Alex White,"6' 0""",155 lbs.,"71""",Southpaw,"Oct 22, 1988",13,6,0,3.76,0.42,3.07,0.6,0.92,0.28,0.71,0.5
67533c6f7a2ac5f7e09af811,103e2e67919379c5,Andy Waters,"6' 0""",170 lbs.,,,,1,2,0,0.0,0.0,0.0,0.0,0.0,0.0,0.0,0.0
67533c6f7a2ac5f7e09af818,c0c1bc0766df4c00,Joe Warren,"5' 6""",135 lbs.,,Orthodox,"Oct 31, 1976",15,6,0,2.15,0.46,2.39,0.52,6.14,0.46,0.6,0.0
67533c6f7a2ac5f7e09af819,ba5e253af86db1a8,Terrion Ware,"5' 8""",135 lbs.,"71""",Orthodox,"Mar 31, 1986",17,9,0,4.02,0.32,6.07,0.5,0.5,0.22,0.44,0.0
67533c6f7a2ac5f7e09af81b,d538f13ab21d9633,Joshua Wang-Kim,"5' 9""",135 lbs.,"71""",Switch,"Nov 16, 1992",5,2,0,2.95,0.4,4.43,0.6,1.17,1.0,0.66,0.0
67533c6f7a2ac5f7e09af81a,e81dd0bb8a64b550,Charlie Ward,"5' 11""",170 lbs.,,Orthodox,"Dec 17, 1980",3,3,0,1.64,0.19,7.21,0.53,0.0,0.0,0.0,0.0
67533c6f7a2ac5f7e09af827,0c670b443c3d269f,Jim Wallhead,"5' 10""",170 lbs.,,Orthodox,"Mar 14, 1984",29,11,0,3.19,0.26,6.65,0.49,0.0,0.0,1.0,0.0
67533c6f7a2ac5f7e09af843,96eff1a628adcc7f,Teila Tuli,"6' 0""",430 lbs.,,Orthodox,"Jun 14, 1969",0,1,0,0.0,0.0,0.0,0.0,0.0,0.0,0.0,0.0
67533c6f7a2ac5f7e09af84b,1ed32eaaba9ffe10,Jumabieke Tuerxun,"5' 7""",135 lbs.,,Orthodox,"Apr 17, 1986",19,4,1,1.6,0.28,3.08,0.59,0.47,0.11,0.66,0.9
67533c6f7a2ac5f7e09af81f,69e8c632135af48b,Anying Wang,"6' 0""",170 lbs.,,Orthodox,"Apr 04, 1991",2,1,0,1.32,0.26,1.63,0.44,0.0,0.0,0.33,0.0
67533c6f7a2ac5f7e09af840,cd3d7e37ff2d679c,Ricky Turcios,"5' 9""",135 lbs.,"71""",Orthodox,"Jun 05, 1993",13,4,0,4.63,0.37,3.34,0.55,0.89,0.25,0.45,0.5
67533c6f7a2ac5f7e09af84a,53ec9cb470e1a4ea,Jon Tuck,"5' 11""",155 lbs.,"73""",Orthodox,"Aug 28, 1984",10,5,0,3.0,0.4,3.74,0.6,0.42,0.33,0.5,1.0
67533c6f7a2ac5f7e09af823,b4c96c3d9139bf0e,Patrick Walsh,"5' 11""",185 lbs.,,,"Nov 28, 1988",10,3,0,2.03,0.19,2.83,0.64,3.0,0.54,1.0,1.5
67533c6f7a2ac5f7e09af834,aeb6c57b9bd8bc3a,Chase Waldon,"6' 1""",185 lbs.,"75""",Orthodox,"Sep 19, 1986",11,2,0,1.03,0.28,6.72,0.38,7.76,0.33,0.0,0.0
67533c6f7a2ac5f7e09af854,5bf31a46becc1204,Michael Trizano,"5' 11""",145 lbs.,"71""",Orthodox,"Dec 31, 1991",11,3,0,3.63,0.53,4.4,0.5,0.36,0.66,0.72,0.5
67533c6f7a2ac5f7e09af84d,2f43a3e82661fa99,Rei Tsuruya,"5' 6""",125 lbs.,"68""",Orthodox,"Jun 22, 2002",10,0,0,2.28,0.6,1.31,0.46,5.45,0.5,0.5,2.5
67533c6f7a2ac5f7e09af83b,4d8fa64202cee4c1,Jalin Turner,"6' 3""",155 lbs.,"77""",Southpaw,"May 18, 1995",14,8,0,5.6,0.48,4.57,0.41,0.79,0.55,0.74,1.1
67533c6f7a2ac5f7e09af84f,e14b5aa06eea9653,Abel Trujillo,"5' 8""",155 lbs.,"70""",Orthodox,"Sep 18, 1983",15,8,0,2.65,0.41,2.31,0.59,2.18,0.45,0.4,0.4
67533c6f7a2ac5f7e09af83f,17cb6d8e8187f304,Nyamjargal Tumendemberel,"5' 7""",125 lbs.,"71""",Orthodox,"Mar 22, 1998",8,1,0,3.13,0.38,3.29,0.51,2.42,0.31,0.52,2.4
67533c6f7a2ac5f7e09af856,d2d37e8eeb3abc8d,Frank Trigg,"5' 9""",170 lbs.,"71""",Southpaw,"May 07, 1972",21,9,0,2.79,0.46,1.9,0.56,2.35,0.47,0.75,0.8
67533c6f7a2ac5f7e09af835,6b7bc7eaf2465387,Neil Wain,"5' 10""",242 lbs.,,Orthodox,,13,4,0,2.64,0.5,8.57,0.43,0.0,0.0,0.5,0.0
67533c6f7a2ac5f7e09af825,303a05a7aa3ff761,Richard Walsh,"6' 0""",170 lbs.,"73""",Orthodox,"Dec 01, 1988",9,5,0,3.84,0.46,2.72,0.58,1.55,0.4,0.66,0.2
67533c6f7a2ac5f7e09af846,63f8775391301891,Blair Tugman,"6' 0""",135 lbs.,,,,10,6,0,2.25,0.53,0.93,0.5,7.5,0.6,0.0,0.0
67533c6f7a2ac5f7e09af851,8abf70f79e9e27c2,Tor Troeng,"6' 2""",185 lbs.,,Orthodox,"Jan 25, 1983",16,7,1,1.16,0.46,3.26,0.32,0.62,0.07,0.66,0.3
67533c6f7a2ac5f7e09af821,476414d2f18cd059,Andy Wang,"5' 6""",155 lbs.,,Orthodox,"May 28, 1977",7,8,1,3.43,0.36,10.29,0.62,0.0,0.0,0.0,0.0
67533c6f7a2ac5f7e09af836,8f2939f5fd9cca1e,TJ Waldburger,"5' 11""",170 lbs.,"75""",Orthodox,"Apr 25, 1988",16,9,0,2.02,0.51,2.39,0.4,3.03,0.46,0.4,4.8
67533c6f7a2ac5f7e09af82e,bf41b5131545da12,Crafton Wallace,"6' 0""",185 lbs.,,Orthodox,"Nov 10, 1975",18,6,1,1.55,0.44,2.36,0.47,0.0,0.0,0.42,0.0
67533c6f7a2ac5f7e09af82f,4333a8e70a672eb7,Brogan Walker,"5' 4""",125 lbs.,"67""",Switch,"Aug 02, 1988",8,4,0,2.04,0.3,3.7,0.47,0.0,0.0,0.11,0.0
67533c6f7a2ac5f7e09af831,c21f26bbde777573,Johnny Walker,"6' 6""",205 lbs.,"82""",Orthodox,"Mar 30, 1992",21,9,0,3.87,0.53,3.12,0.44,0.45,1.0,0.57,0.9
67533c6f7a2ac5f7e09af829,95cf6be9071e68b0,Randall Wallace,"5' 11""",185 lbs.,"73""",Orthodox,"Mar 01, 1989",15,6,0,1.13,0.38,4.11,0.45,2.13,0.5,0.0,0.0
67533c6f7a2ac5f7e09af848,da816417a579a0bd,Gavin Tucker,"5' 6""",145 lbs.,"66""",Southpaw,"Jun 17, 1986",13,3,0,4.29,0.44,4.18,0.57,3.13,0.44,0.53,1.5
67533c6f7a2ac5f7e09af81e,2997e7fe3c9d3d4a,Wang Cong,"5' 6""",125 lbs.,"66""",Southpaw,"May 15, 1992",6,1,0,5.81,0.46,1.63,0.7,1.16,0.5,1.0,2.3
67533c6f7a2ac5f7e09af83c,56f4b81ec4db61af,Courtney Turner,"6' 2""",170 lbs.,,,,0,3,0,0.0,0.0,0.0,0.0,0.0,0.0,0.0,0.0
67533c6f7a2ac5f7e09af852,6d48a2df51749d91,Antonio Trocoli,"6' 6""",185 lbs.,"79""",Orthodox,"Dec 06, 1990",12,5,0,1.29,0.5,5.79,0.23,0.84,0.11,0.5,0.8
67533c6f7a2ac5f7e09af820,efb9a43415a56d34,Sai Wang,"6' 0""",170 lbs.,,Southpaw,"Jan 14, 1986",20,6,1,3.17,0.46,2.27,0.53,0.0,0.0,0.77,0.0
67533c6f7a2ac5f7e09af837,885adaff8fe15cf7,Austin Tweedy,"5' 9""",155 lbs.,,Orthodox,"Sep 25, 1990",8,2,0,4.29,0.66,6.43,0.0,0.0,0.0,0.0,0.0
67533c6f7a2ac5f7e09af844,aceffa19749c4dc0,Zubaira Tukhugov,"5' 8""",155 lbs.,"68""",Orthodox,"Jan 15, 1991",20,6,1,3.17,0.39,3.07,0.63,2.13,0.39,1.0,0.0
67533c6f7a2ac5f7e09af83d,4dcfb28c011c11b2,Wellington Turman,"6' 0""",170 lbs.,"72""",Orthodox,"Jul 22, 1996",18,8,0,3.23,0.51,4.17,0.45,1.55,0.2,0.42,0.8
67533c6f7a2ac5f7e09af81d,2721bb808bb2523c,Curt Warburton,"6' 0""",155 lbs.,"73""",Orthodox,,13,6,0,2.13,0.42,3.44,0.43,2.35,0.5,0.83,0.9
67533c6f7a2ac5f7e09af838,c9cf753cfdf77fc2,Marcin Tybura,"6' 3""",249 lbs.,"78""",Orthodox,"Nov 09, 1985",26,9,0,3.57,0.49,3.26,0.55,1.42,0.33,0.77,0.1
67533c6f7a2ac5f7e09af849,eae48ff31db420c2,Arman Tsarukyan,"5' 7""",155 lbs.,"72""",Orthodox,"Oct 11, 1996",22,3,0,3.79,0.48,1.84,0.53,3.25,0.37,0.75,0.0
67533c6f7a2ac5f7e09af845,c62fbc117d57b943,Tai Tuivasa,"6' 2""",264 lbs.,"75""",Southpaw,"Mar 16, 1993",15,8,0,3.77,0.46,5.18,0.44,0.0,0.0,0.57,0.0
67533c6f7a2ac5f7e09af828,4078de7181a19142,James Wallace,"5' 10""",155 lbs.,"69""",Orthodox,"Nov 17, 1992",5,2,0,0.52,0.28,3.41,0.35,0.0,0.0,0.0,0.0
67533c6f7a2ac5f7e09af83a,6291decf7f3b6608,James Wade,"5' 10""",205 lbs.,,,,4,11,0,0.0,0.0,0.0,0.0,0.0,0.0,0.0,0.0
67533c6f7a2ac5f7e09af841,ff6a1f63c254127e,Albert Tumenov,"5' 11""",170 lbs.,"73""",Orthodox,"Dec 26, 1991",18,4,0,3.76,0.42,3.34,0.58,0.2,0.2,0.75,0.0
67533c6f7a2ac5f7e09af824,d57e6a8971b6d2bd,Erick Wanderlei,"6' 1""",205 lbs.,,Orthodox,,3,3,0,0.63,0.41,2.66,0.4,3.8,0.66,0.0,1.9
67533c6f7a2ac5f7e09af839,c8097968da5e5f13,Chris Wade,"5' 10""",155 lbs.,"70""",Orthodox,"Sep 30, 1987",12,3,0,1.7,0.53,1.75,0.51,2.6,0.51,0.55,1.1
67533c6f7a2ac5f7e09af82c,f5779a2303ed76ec,Valter Walker,"6' 6""",265 lbs.,"78""",Orthodox,"Dec 14, 1997",12,1,0,1.86,0.52,3.16,0.42,4.52,0.75,0.0,0.8
67533c6f7a2ac5f7e09af84c,df05aa15b2d66f57,Chris Tuchscherer,"6' 2""",258 lbs.,"76""",Orthodox,"Sep 08, 1975",21,4,0,1.35,0.31,3.17,0.47,1.19,0.18,0.0,0.6
67533c6f7a2ac5f7e09af830,e6147d5ab3685899,Donny Walker,"5' 9""",135 lbs.,,,"Jan 04, 1980",15,10,0,1.81,0.37,3.85,0.46,0.0,0.0,0.57,1.7
67533c6f7a2ac5f7e09af833,18944a1a6ac1becf,Andre Walker,"5' 11""",205 lbs.,,Southpaw,,1,5,0,2.28,0.31,4.36,0.34,0.0,0.0,0.0,0.0
67533c6f7a2ac5f7e09af826,83c6c3e0f8bde8ee,Cory Walmsley,"6' 0""",205 lbs.,,Orthodox,,8,2,0,0.79,1.0,1.18,0.5,0.0,0.0,0.0,0.0
67533c6f7a2ac5f7e09af84e,e6b233a007cb06c4,Reynaldo Trujillo,"5' 9""",155 lbs.,,,"Jan 01, 1982",21,19,0,0.0,0.0,0.0,0.0,0.0,0.0,0.0,0.0
67533c6f7a2ac5f7e09af855,0cf9f5518d6063bb,Angelo Trevino,"5' 11""",170 lbs.,,Switch,"Jun 10, 1993",7,3,0,5.19,0.54,3.9,0.47,0.0,0.0,1.0,0.0
67533c6f7a2ac5f7e09af83e,82529ce93cd9a2cf,Anton Turkalj,"6' 4""",205 lbs.,"78""",Orthodox,"Jun 10, 1996",8,4,0,2.45,0.42,3.42,0.54,4.98,0.41,0.16,0.0
67533c6f7a2ac5f7e09af82b,b9415726dc3ec526,Rodney Wallace,"5' 9""",205 lbs.,"72""",Switch,"Nov 21, 1981",26,15,1,1.13,0.46,3.44,0.45,6.0,0.54,0.28,1.0
67533c6f7a2ac5f7e09af82d,1ad381c8994c4e5b,Ben Wall,"5' 10""",155 lbs.,,Orthodox,"Mar 25, 1989",8,7,1,1.47,0.29,8.53,0.29,0.0,0.0,1.0,0.0
67533c6f7a2ac5f7e09af842,9384e71bca6c409d,Marco Tulio,"6' 0""",185 lbs.,"74""",Orthodox,"Jun 13, 1994",12,1,0,4.42,0.51,2.78,0.58,1.33,0.2,0.0,0.7
67533c6f7a2ac5f7e09af850,cc18abc046b382c9,Aaron Trujillo,"5' 5""",125 lbs.,,,,0,1,0,0.0,0.0,0.0,0.0,0.0,0.0,0.0,0.0
67533c6f7a2ac5f7e09af832,bd92e38aef641673,Herschel Walker,"6' 1""",215 lbs.,,Orthodox,"Mar 03, 1962",2,0,0,3.42,0.67,0.45,0.46,1.94,1.0,1.0,0.0
67533c6f7a2ac5f7e09af81c,67cd6495280b0a57,Brennan Ward,"5' 10""",170 lbs.,"71""",,"Jun 28, 1988",14,5,0,7.2,0.6,2.76,0.52,0.0,0.0,1.0,3.6
67533c6f7a2ac5f7e09af847,b9aa7d230865b5fe,Tom Tuggle,"6' 2""",250 lbs.,,Orthodox,,0,3,0,0.0,0.0,2.14,0.0,32.14,1.0,0.0,0.0
67533c6f7a2ac5f7e09af853,cb1c09c8126dbee0,Damien Trites,"5' 11""",165 lbs.,,,"Aug 23, 1979",7,6,0,0.0,0.0,0.0,0.0,0.0,0.0,0.0,0.0
67533c6f7a2ac5f7e09af7d1,cd01f0b768a32475,Jonathan Wilson,"6' 2""",205 lbs.,"75""",Southpaw,"Jul 17, 1987",7,3,0,2.92,0.48,5.65,0.56,0.37,1.0,0.8,0.0
67533c6f7a2ac5f7e09af85b,ff2ec83f44000f78,Slim Trabelsi,"6' 3""",235 lbs.,,,"May 09, 1993",5,0,0,0.0,0.0,0.0,0.0,0.0,0.0,0.0,0.0
67533c6f7a2ac5f7e09af85c,20ec0061400178ca,Roberto Traven,"6' 3""",227 lbs.,,Orthodox,"Sep 16, 1968",6,4,1,0.92,0.5,2.77,0.57,0.0,0.0,0.0,0.0
67533c6f7a2ac5f7e09af863,d2036f31c035e0d1,Jose Torres,"5' 4""",125 lbs.,"65""",Orthodox,"Aug 02, 1992",8,1,0,4.37,0.36,9.84,0.5,1.28,0.33,0.75,0.0
67533c6f7a2ac5f7e09af865,e4e0f310b3cf23a8,Alex Torres,"5' 10""",145 lbs.,,Orthodox,"May 29, 1988",5,4,0,2.47,0.37,2.73,0.69,2.0,0.22,0.5,0.0
67533c6f7a2ac5f7e09af868,54f64b5e283b0ce7,Ilia Topuria,"5' 7""",145 lbs.,"69""",Orthodox,"Jan 21, 1997",16,0,0,4.69,0.47,3.84,0.64,2.02,0.61,0.92,1.1
67533c6f7a2ac5f7e09af870,8e893f269d5696b2,Tyler Toner,"5' 8""",145 lbs.,"70""",Orthodox,"Mar 31, 1983",15,7,0,2.95,0.52,2.13,0.62,0.0,0.0,0.54,0.4
67533c6f7a2ac5f7e09af874,866fd7b1a6c90e7f,Dusko Todorovic,"6' 1""",185 lbs.,"74""",Orthodox,"May 19, 1994",12,5,0,5.35,0.57,4.8,0.46,0.92,0.12,0.45,0.0
67533c6f7a2ac5f7e09af861,971aebf56267de20,Desmond Torres,"5' 6""",135 lbs.,"69""",Orthodox,"Jan 06, 1997",7,2,0,4.8,0.64,11.78,0.48,0.0,0.0,1.0,0.0
67533c6f7a2ac5f7e09af86a,33b2f68ef95252e0,Miguel Torres,"5' 9""",135 lbs.,"76""",Orthodox,"Jan 18, 1981",44,9,0,3.98,0.43,1.86,0.74,0.0,0.0,0.17,1.6
67533c6f7a2ac5f7e09af86d,9de7c97e1c0d7927,Masanori Tonooka,"5' 8""",185 lbs.,,Orthodox,,1,2,0,0.16,0.05,1.09,0.36,0.0,0.0,0.0,0.0
67533c6f7a2ac5f7e09af873,2d5fbe2103f97053,Hideo Tokoro,"5' 7""",135 lbs.,,Orthodox,"Aug 22, 1977",34,29,2,1.78,0.37,2.01,0.65,0.87,0.34,0.44,2.3
67533c6f7a2ac5f7e09af86f,19f8a2f6eecd92ac,Puja Tomar,"5' 4""",115 lbs.,"59""",Southpaw,"Dec 05, 1993",9,4,0,6.33,0.47,5.6,0.44,0.0,0.0,1.0,0.0
67533c6f7a2ac5f7e09af872,679ae8c4fd022c6b,Anatoly Tokov,"5' 10""",185 lbs.,,,"Feb 17, 1990",25,2,0,3.51,0.72,0.54,0.66,2.03,1.0,1.0,0.0
67533c6f7a2ac5f7e09af864,e175a261a280f7cb,Abram Torres,"5' 10""",170 lbs.,,,"Oct 29, 1982",4,3,0,0.0,0.0,0.0,0.0,0.0,0.0,0.0,0.0
67533c6f7a2ac5f7e09af85f,3f7dab21b6c971bc,Dequan Townsend,"6' 3""",205 lbs.,"79""",Orthodox,"May 11, 1986",21,12,0,1.23,0.34,3.92,0.38,0.0,0.0,0.46,0.0
67533c6f7a2ac5f7e09af862,2e7878927067fdca,Manuel Torres,"5' 10""",155 lbs.,"73""",Switch,"Mar 25, 1995",15,3,0,7.17,0.55,4.53,0.52,2.26,0.66,0.88,1.1
67533c6f7a2ac5f7e09af869,918d9d89d4d52acc,Anthony Torres,"5' 8""",170 lbs.,,Orthodox,"Jul 31, 1978",5,3,0,3.54,0.48,7.52,0.45,0.0,0.0,1.0,2.2
67533c6f7a2ac5f7e09af871,c4af2feb4b58bc3b,Kazuki Tokudome,"5' 11""",155 lbs.,"73""",Southpaw,"Mar 04, 1987",18,7,1,2.26,0.41,3.63,0.53,2.0,0.38,0.78,0.0
67533c6f7a2ac5f7e09af85e,cbf1c7ba5408a66f,Salim Touahri,"5' 10""",170 lbs.,"72""",Orthodox,"Sep 28, 1989",10,4,0,2.6,0.46,2.87,0.58,0.0,0.0,0.83,0.0
67533c6f7a2ac5f7e09af860,c8d46028907bcece,Eduardo Torres Caut,"5' 7""",135 lbs.,"70""",Orthodox,"Apr 26, 1995",16,2,0,1.1,0.34,1.24,0.65,2.06,0.33,0.5,0.0
67533c6f7a2ac5f7e09af85d,04076783ca83d6ae,Minoru Toyonaga,"5' 11""",195 lbs.,,Southpaw,,2,5,0,0.0,0.0,0.0,0.0,0.0,0.0,0.0,0.0
67533c6f7a2ac5f7e09af86e,d10b35152277cf98,James Toney,"5' 9""",220 lbs.,,Orthodox,"Aug 24, 1968",0,1,0,0.0,0.0,2.41,0.27,0.0,0.0,0.0,0.0
67533c6f7a2ac5f7e09af876,3e8118c1ab52f211,Tuco Tokkos,"6' 4""",205 lbs.,"76""",Orthodox,"Jun 30, 1990",10,4,0,3.26,0.43,4.57,0.45,1.96,1.0,0.33,0.0
67533c6f7a2ac5f7e09af87c,9eb069062a0cfc13,Nolan Ticman,"5' 6""",125 lbs.,,Orthodox,"May 17, 1988",4,3,0,2.57,0.47,2.53,0.67,0.0,0.0,0.6,0.0
67533c6f7a2ac5f7e09af879,0112352cb32f5026,Denis Tiuliulin,"6' 1""",185 lbs.,"77""",Orthodox,"May 17, 1988",10,10,0,3.61,0.41,5.23,0.38,0.96,0.42,0.72,0.0
67533c6f7a2ac5f7e09af882,a566371ba2ad7152,Josh Thomson,"5' 10""",155 lbs.,"71""",Orthodox,"Sep 21, 1978",22,9,0,2.59,0.47,2.12,0.64,1.92,0.39,0.54,1.3
67533c6f7a2ac5f7e09af886,319c15b8aac5bfde,Noah Thomas,"5' 9""",135 lbs.,,Orthodox,"Mar 27, 1981",14,7,0,0.44,0.13,4.99,0.33,0.0,0.0,0.0,1.3
67533c6f7a2ac5f7e09af87e,083e15da67d9b0fa,Josh Thornburg,"6' 0""",170 lbs.,,,"May 24, 1984",8,8,0,1.2,0.5,3.13,0.38,2.0,0.66,0.42,2.0
67533c6f7a2ac5f7e09af880,9e30f69cc0869301,James Thompson,"6' 5""",265 lbs.,,Orthodox,"Dec 16, 1978",20,16,0,5.13,0.52,3.19,0.41,3.14,0.36,0.53,1.3
67533c6f7a2ac5f7e09af877,274ca7b799b402cc,Andrew Todhunter,"6' 0""",185 lbs.,,Switch,"Nov 30, 1987",8,0,0,0.0,0.0,0.0,0.0,0.0,0.0,0.0,0.0
67533c6f7a2ac5f7e09af87f,fea8acf9bfcf09ec,Simeon Thoresen,"6' 1""",170 lbs.,"79""",Orthodox,"Mar 14, 1984",17,6,1,3.85,0.43,3.85,0.64,1.12,0.4,0.5,1.7
67533c6f7a2ac5f7e09af87d,4a28cb716c19157a,Stephen Thompson,"6' 0""",170 lbs.,"75""",Orthodox,"Feb 11, 1983",17,8,1,4.11,0.46,3.02,0.55,0.25,0.41,0.63,0.0
67533c6f7a2ac5f7e09af87b,1d1b85389a05df69,Chris Tickle,"5' 9""",155 lbs.,,,"Feb 01, 1982",9,9,0,1.07,0.4,1.13,0.43,1.0,0.25,0.2,2.0
67533c6f7a2ac5f7e09af881,75e5fec9f72910ef,Gleison Tibau,"5' 10""",155 lbs.,"71""",Southpaw,"Oct 07, 1983",33,14,0,1.95,0.31,2.51,0.63,4.08,0.53,0.92,0.8
67533c6f7a2ac5f7e09af884,ed5f04f833459877,Treston Thomison,"5' 8""",145 lbs.,,,,10,6,0,0.0,0.0,0.0,0.0,0.0,0.0,0.0,0.0
67533c6f7a2ac5f7e09af887,2b33e57c4d0a4502,Joel Thomas,"5' 10""",170 lbs.,,,,5,2,0,0.0,0.0,0.0,0.0,0.0,0.0,0.0,0.0
67533c6f7a2ac5f7e09af885,7d3caf0f96f1b33d,Nick Thompson,"6' 1""",170 lbs.,"74""",Orthodox,"Jun 23, 1981",38,14,1,1.87,0.42,1.8,0.49,1.06,1.0,0.35,2.6
67533c6f7a2ac5f7e09af883,dcdd511ff757f15c,Oli Thompson,"6' 1""",242 lbs.,"75""",Orthodox,"Jan 02, 1980",17,10,0,1.66,0.46,5.31,0.46,0.0,0.0,0.5,0.5
67533c6f7a2ac5f7e09af888,b732b326c362fb62,Ryan Thomas,"6' 0""",170 lbs.,,Orthodox,"Nov 05, 1984",20,8,0,2.01,0.36,4.17,0.3,5.59,0.33,0.0,2.2
67533c6f7a2ac5f7e09af88b,30a09e43f15f1d75,Paulo Thiago,"5' 11""",170 lbs.,"74""",Orthodox,"Jan 25, 1981",18,9,0,1.71,0.39,1.99,0.63,1.42,0.31,0.63,1.2
67533c6f7a2ac5f7e09af889,40a604761ca7d64d,Din Thomas,"5' 9""",155 lbs.,,Orthodox,"Sep 28, 1976",26,9,0,1.85,0.37,2.6,0.59,1.38,0.52,0.76,1.2
67533c6f7a2ac5f7e09af893,60f86c449cd31e23,Jeff Terry,"6' 2""",205 lbs.,,,,2,3,0,1.09,0.5,9.27,0.19,0.0,0.0,1.0,0.0
67533c6f7a2ac5f7e09af88f,34f88592c0ab7a54,Elias Theodorou,"6' 1""",185 lbs.,"75""",Orthodox,"May 31, 1988",16,3,0,4.19,0.42,2.39,0.53,1.27,0.28,0.59,0.0
67533c6f7a2ac5f7e09af890,d34636a85f0f4c90,Motonobu Tezuka,"5' 7""",135 lbs.,,Southpaw,"Aug 29, 1987",28,12,7,0.87,0.23,2.8,0.51,1.5,0.11,0.0,0.5
67533c6f7a2ac5f7e09af88e,545092d13c67aa49,Alexia Thainara,"5' 4""",115 lbs.,"67""",,"Nov 20, 1995",11,1,0,6.73,0.39,3.07,0.71,3.0,1.0,0.0,1.0
67533c6f7a2ac5f7e09af891,fbf0537e420e698e,Daniel Teymur,"5' 5""",145 lbs.,"69""",Orthodox,"Feb 03, 1988",7,4,0,3.08,0.46,3.93,0.56,0.56,0.18,0.6,0.3
67533c6f7a2ac5f7e09af88c,638cfec7ec559d6e,Brandon Thatch,"6' 2""",170 lbs.,"74""",Switch,"Jul 11, 1985",11,5,0,2.7,0.42,3.63,0.52,1.36,0.66,0.5,0.7
67533c6f7a2ac5f7e09af88d,f0264252e191da22,Jason Thacker,"5' 10""",185 lbs.,,Orthodox,"Aug 18, 1975",0,1,0,0.63,0.33,17.05,0.32,0.0,0.0,0.0,0.0
67533c6f7a2ac5f7e09af867,cce79e827569f26e,Ronys Torres,"5' 7""",155 lbs.,,Orthodox,"Aug 13, 1975",35,5,0,0.87,0.26,1.93,0.57,4.0,0.47,0.16,0.5
67533c6f7a2ac5f7e09af892,2747c60e42d9d75f,David Teymur,"5' 9""",155 lbs.,"73""",Southpaw,"May 01, 1989",8,2,0,4.69,0.43,3.53,0.55,0.94,0.33,0.77,0.0
67533c6f7a2ac5f7e09af897,5befa793316d3469,James Terry,"5' 10""",170 lbs.,,Orthodox,"Mar 16, 1981",19,9,0,3.23,0.32,4.77,0.64,3.31,0.36,0.75,0.0
67533c6f7a2ac5f7e09af896,4123fd4dcc1fe937,David Terrell,"6' 1""",185 lbs.,,Southpaw,"Jan 09, 1978",6,2,0,2.34,0.63,2.71,0.37,5.54,0.5,0.0,5.5
67533c6f7a2ac5f7e09af895,b9aa0024f295609e,Dave Terrel,"5' 8""",170 lbs.,,Southpaw,"May 10, 1978",7,7,0,2.62,0.43,2.8,0.48,3.28,0.38,1.0,0.0
67533c6f7a2ac5f7e09af8a9,c5ccd878231c5407,Ramon Taveras,"5' 8""",135 lbs.,"70""",Southpaw,"Jan 09, 1994",10,2,0,4.63,0.45,5.41,0.65,0.0,0.0,1.0,0.0
67533c6f7a2ac5f7e09af8a8,9b74de674c355425,Paul Taylor,"6' 0""",155 lbs.,"72""",Orthodox,"Dec 15, 1979",11,6,1,4.44,0.47,4.47,0.55,0.27,0.25,0.56,0.5
67533c6f7a2ac5f7e09af898,87911d22a79d3203,Taneisha Tennant,"5' 7""",145 lbs.,"70""",Orthodox,"Jun 15, 1989",5,1,0,5.67,0.55,3.4,0.71,0.0,0.0,1.0,0.0
67533c6f7a2ac5f7e09af89a,1dab0d1d81dd06db,Tra Telligman,"6' 2""",233 lbs.,,Orthodox,"Feb 07, 1965",7,5,1,1.83,0.35,3.02,0.56,0.87,1.0,0.8,0.0
67533c6f7a2ac5f7e09af899,7d0a1968b38ca439,Ramazan Temirov,"5' 4""",125 lbs.,"63""",Orthodox,"Jan 31, 1997",18,2,0,8.12,0.41,1.41,0.75,0.0,0.0,0.0,0.0
67533c6f7a2ac5f7e09af89d,5bb70ebd65075c5c,Shawn Teed,"6' 5""",265 lbs.,,Orthodox,"Feb 13, 1992",5,2,0,1.4,0.42,13.31,0.21,0.0,0.0,0.0,0.0
67533c6f7a2ac5f7e09af8a4,88e53ec16b801740,Torrance Taylor,"5' 7""",155 lbs.,,,,13,8,1,0.0,0.0,0.0,0.0,0.0,0.0,0.0,0.0
67533c6f7a2ac5f7e09af8a1,f5431394fb284bb9,James Te Huna,"6' 2""",185 lbs.,"75""",Orthodox,"Sep 29, 1981",16,9,0,4.04,0.51,2.99,0.62,2.75,0.37,0.58,0.2
67533c6f7a2ac5f7e09af875,9ce6d5a03af801b7,Darren Till,"6' 0""",185 lbs.,"74""",Southpaw,"Dec 24, 1992",18,5,1,2.3,0.46,3.31,0.56,0.55,0.46,0.69,0.0
67533c6f7a2ac5f7e09af8c0,1dc56b59cb28425d,Oleg Taktarov,"6' 0""",210 lbs.,,Orthodox,"Aug 26, 1967",17,5,2,0.0,0.0,0.0,0.0,0.0,0.0,0.0,0.0
67533c6f7a2ac5f7e09af8b5,64788ee44b062ded,Michinori Tanaka,"5' 5""",135 lbs.,"67""",Orthodox,"Oct 04, 1990",11,3,0,1.97,0.37,1.99,0.5,2.4,0.38,0.43,0.2
67533c6f7a2ac5f7e09af8cd,e13abac8089a801a,Justin Tafa,"6' 0""",264 lbs.,"74""",Southpaw,"Dec 13, 1993",7,4,0,4.09,0.54,5.02,0.47,0.0,0.0,0.5,0.0
67533c6f7a2ac5f7e09af8ca,a25b71fe5e31fa97,Nobuhiko Takada,"6' 0""",220 lbs.,,Southpaw,"Apr 12, 1962",2,6,2,0.31,0.24,1.92,0.39,1.15,0.2,0.0,0.0
67533c6f7a2ac5f7e09af8c6,6420efac0578988b,Yoshiki Takahashi,"5' 11""",199 lbs.,,Southpaw,"Mar 13, 1969",30,27,3,2.26,0.51,6.47,0.44,0.0,0.0,0.66,2.3
67533c6f7a2ac5f7e09af8b8,c95fbc085e17a532,Akitoshi Tamura,"5' 9""",135 lbs.,"70""",Orthodox,"May 31, 1980",21,18,2,3.73,0.43,1.94,0.78,0.0,0.0,0.2,1.0
67533c6f7a2ac5f7e09af8cf,0c277f3ff66b0208,Virgil Zwicker,"6' 2""",205 lbs.,"74""",,"Jun 26, 1982",15,6,1,3.34,0.48,4.87,0.39,1.31,0.3,0.5,0.0
67533c6f7a2ac5f7e09af8b3,078b732efa497f49,Kasey Tanner,"5' 7""",135 lbs.,"69""",Orthodox,"Jan 11, 1992",6,1,0,6.6,0.5,6.67,0.63,2.0,0.33,0.0,0.0
67533c6f7a2ac5f7e09af89b,17923f676f100e16,Tallison Teixeira,"6' 7""",258 lbs.,"83""",Orthodox,"Dec 07, 1999",7,0,0,14.87,0.54,9.74,0.58,0.0,0.0,0.0,0.0
67533c6f7a2ac5f7e09af8c8,8f5c8850b2484173,Mairbek Taisumov,"5' 9""",155 lbs.,"73""",Orthodox,"Aug 08, 1988",27,6,0,2.98,0.39,3.03,0.64,1.34,0.63,0.88,0.0
67533c6f7a2ac5f7e09af8be,49858bf46dabf6fb,Nordine Taleb,"6' 1""",170 lbs.,"74""",Orthodox,"Jun 10, 1981",15,7,0,3.66,0.51,2.62,0.66,1.94,0.76,0.73,0.0
67533c6f7a2ac5f7e09af89f,b47c9ea5f2895d6e,Cam Teague,"5' 10""",145 lbs.,"69""",Orthodox,"Feb 13, 1998",7,1,0,5.87,0.27,20.14,0.35,0.0,0.0,0.0,0.0
67533c6f7a2ac5f7e09af8ab,0c6d9ea8306c029e,Brad Tavares,"6' 1""",185 lbs.,"74""",Orthodox,"Dec 21, 1987",20,11,0,3.43,0.43,3.31,0.55,0.74,0.26,0.8,0.0
67533c6f7a2ac5f7e09af8cb,b4537562f88ac582,Khalid Taha,"5' 5""",135 lbs.,"69""",Orthodox,"Feb 15, 1992",13,5,0,2.64,0.32,4.12,0.46,0.0,0.0,0.61,0.2
67533c6f7a2ac5f7e09af89c,86061eaba822bfea,John Teixeira,"5' 7""",145 lbs.,,Orthodox,"Nov 18, 1986",21,2,2,3.36,0.35,3.2,0.63,1.0,0.27,0.71,0.7
67533c6f7a2ac5f7e09af8b0,b96619b3acd7d9da,Miesha Tate,"5' 6""",135 lbs.,"65""",Orthodox,"Aug 18, 1986",20,9,0,2.62,0.45,2.98,0.51,2.02,0.31,0.55,1.3
67533c6f7a2ac5f7e09af8c9,9bf126927843e184,Joe Taimanglo,"5' 4""",135 lbs.,,,"Jun 27, 1984",23,7,1,4.18,0.42,4.55,0.59,5.45,0.4,1.0,1.4
67533c6f7a2ac5f7e09af8bb,bfd4d50591033a1f,Eli Tamez,"5' 7""",135 lbs.,,,"Aug 22, 1985",10,0,0,0.0,0.0,0.0,0.0,0.0,0.0,0.0,0.0
67533c6f7a2ac5f7e09af8b4,8f2d9ee27f206f1f,Evan Tanner,"6' 0""",185 lbs.,"74""",Orthodox,"Feb 11, 1971",32,8,0,3.05,0.59,2.64,0.56,2.55,0.43,0.25,1.3
67533c6f7a2ac5f7e09af8c4,0d16bdb7d32e88e9,Hiroyuki Takaya,"5' 6""",139 lbs.,,Orthodox,"Jun 10, 1977",21,14,2,3.18,0.33,3.16,0.6,0.9,0.45,0.66,0.0
67533c6f7a2ac5f7e09af8b7,ad3041e61896b975,Jason Tan,"5' 10""",170 lbs.,,Orthodox,"Dec 17, 1981",5,3,0,0.69,0.29,7.37,0.18,0.0,0.0,0.0,0.0
67533c6f7a2ac5f7e09af8c7,4461d7e47375a895,Tatsuro Taira,"5' 7""",125 lbs.,"70""",Orthodox,"Jan 27, 2000",16,1,0,2.99,0.6,2.69,0.46,2.73,0.44,0.45,1.6
67533c6f7a2ac5f7e09af8ad,8a59d346dc976a10,Thiago Tavares,"5' 7""",145 lbs.,"70""",Orthodox,"Nov 08, 1984",21,7,1,2.0,0.4,2.31,0.62,3.83,0.42,0.62,1.5
67533c6f7a2ac5f7e09af8bd,6aab5c20395ee722,Murtaza Talha,"6' 0""",205 lbs.,"74""",Orthodox,"Jul 10, 1996",6,1,0,4.91,0.58,8.29,0.3,0.0,0.0,1.0,0.0
67533c6f7a2ac5f7e09af8cc,c15fa95b9a12fde4,Junior Tafa,"6' 3""",240 lbs.,"75""",Orthodox,"Sep 21, 1996",6,3,0,3.36,0.49,2.84,0.51,0.0,0.0,0.77,0.0
67533c6f7a2ac5f7e09af8c1,d856a0080ac09ed7,Yoshihiro Takayama,"6' 5""",280 lbs.,,Orthodox,"Sep 19, 1968",1,4,0,3.4,0.54,5.69,0.29,0.67,0.33,0.55,0.0
67533c6f7a2ac5f7e09af8bc,eaa0a728cc91ef60,Tsuyoshi Tamakairiki,"6' 0""",220 lbs.,,Orthodox,,0,3,0,0.0,0.0,26.67,0.5,0.0,0.0,0.0,0.0
67533c6f7a2ac5f7e09af8af,0eec866a077889f0,Manny Tapia,"5' 5""",135 lbs.,"67""",Orthodox,"Mar 14, 1981",12,14,1,2.69,0.21,4.74,0.58,0.49,0.4,0.66,0.2
67533c6f7a2ac5f7e09af8c3,01f86e2d604e2f3c,Yoko Takahashi,"5' 8""",150 lbs.,,,"Apr 20, 1973",15,12,2,5.11,0.54,8.78,0.48,0.0,0.0,0.0,0.0
67533c6f7a2ac5f7e09af8ac,ef927e4fe2117ab8,Deividas Taurosevicius,"5' 9""",145 lbs.,"68""",Southpaw,"Aug 28, 1977",17,5,0,2.13,0.43,1.82,0.59,2.0,0.28,0.5,0.3
67533c6f7a2ac5f7e09af8c2,a7724f51e32e763e,Makoto Takimoto,"5' 7""",205 lbs.,,Southpaw,"Dec 08, 1979",6,5,0,1.37,0.39,1.71,0.55,1.48,0.5,0.25,1.1
67533c6f7a2ac5f7e09af8ae,7abf7f8778472b7b,Aaron Tau,"5' 4""",135 lbs.,"66""",Switch,"Aug 21, 1993",8,1,0,5.07,0.56,5.0,0.58,0.0,0.0,0.54,0.0
67533c6f7a2ac5f7e09af8bf,6e743a33d56bdaa4,Payton Talbott,"5' 10""",135 lbs.,"70""",Switch,"Sep 09, 1998",9,0,0,8.38,0.55,3.57,0.51,0.0,0.0,0.9,0.5
67533c6f7a2ac5f7e09af8ba,30e8b4505f5ccf92,Kiyoshi Tamura,"5' 11""",185 lbs.,,Southpaw,"Dec 17, 1969",32,13,3,2.44,0.53,1.44,0.6,0.58,0.6,0.45,0.2
67533c6f7a2ac5f7e09af8d2,f70144caea5c4c80,Eugenio Tadeu,"5' 8""",160 lbs.,,Orthodox,,2,3,0,0.0,0.0,0.0,0.0,0.0,0.0,0.0,0.0
67533c6f7a2ac5f7e09af8b2,b9124c308671e303,Otari Tanzilovi,"5' 10""",135 lbs.,"70""",Orthodox,"Apr 09, 1998",9,1,0,4.53,0.72,3.33,0.55,4.0,0.25,0.0,0.0
67533c6f7a2ac5f7e09af8c5,4f74c8be51db8a37,Daiju Takase,"6' 0""",170 lbs.,,Southpaw,"Apr 20, 1978",12,15,2,0.49,0.3,1.64,0.47,0.84,0.17,0.21,1.2
67533c6f7a2ac5f7e09af8d7,3ecd936bd8814108,Cat Zingano,"5' 6""",145 lbs.,"68""",Southpaw,"Jul 01, 1982",10,4,0,2.57,0.61,1.63,0.47,2.77,0.65,0.42,0.8
67533c6f7a2ac5f7e09af8b9,57bf89d42364d39e,Issei Tamura,"5' 5""",135 lbs.,"63""",Orthodox,"Mar 12, 1984",10,8,0,1.89,0.53,4.58,0.44,0.92,0.25,0.33,0.0
67533c6f7a2ac5f7e09af8b1,37ac9e0f4fc86171,Gary Tapusoa,"5' 7""",185 lbs.,,,,8,3,0,0.0,0.0,0.0,0.0,0.0,0.0,0.0,0.0
67533c6f7a2ac5f7e09af8d6,108afe61a26bcbf4,Igor Zinoviev,"6' 1""",199 lbs.,,Orthodox,,4,1,2,0.0,0.0,0.0,0.0,0.0,0.0,0.0,0.0
67533c6f7a2ac5f7e09af8d8,1e4f273069fb9e85,Fares Ziam,"6' 1""",155 lbs.,"75""",Orthodox,"Mar 21, 1997",16,4,0,2.92,0.5,1.66,0.66,1.28,0.36,0.67,0.3
67533c6f7a2ac5f7e09af8a0,7ff97850e8c32bda,Glover Teixeira,"6' 2""",205 lbs.,"76""",Orthodox,"Oct 28, 1979",33,9,0,3.73,0.49,4.43,0.51,2.11,0.33,0.6,0.9
67533c6f7a2ac5f7e09af8d5,0aa74d04c196800c,Errol Zimmerman,"6' 3""",185 lbs.,,Orthodox,"Apr 20, 1986",0,1,0,2.95,0.42,0.0,0.0,0.0,0.0,0.0,0.0
67533c6f7a2ac5f7e09af8a5,637a4d8825464c62,Anthony Taylor,"5' 7""",145 lbs.,,,,1,3,0,0.0,0.0,0.0,0.0,0.0,0.0,0.0,0.0
67533c6f7a2ac5f7e09af8a6,49bddfee9ed54cf3,Louis Taylor,"5' 11""",185 lbs.,,Orthodox,"May 12, 1979",13,4,0,2.06,0.32,1.24,0.68,2.48,0.28,1.0,0.0
67533c6f7a2ac5f7e09af89e,de9e331b3e6bae70,Ewerton Teixeira,"6' 1""",242 lbs.,,,"Feb 13, 1982",3,1,0,2.0,0.39,3.22,0.35,0.0,0.0,0.33,0.0
67533c6f7a2ac5f7e09af8d0,1291dd6b8ab4d952,George Zuniga,"5' 9""",185 lbs.,,,,3,1,0,7.64,0.38,5.45,0.37,0.0,0.0,1.0,0.0
67533c6f7a2ac5f7e09af8d1,523af801b3429015,Allan Zuniga,"5' 7""",155 lbs.,"70""",Orthodox,"Apr 04, 1992",13,1,0,3.93,0.52,1.8,0.61,0.0,0.0,0.57,1.0
67533c6f7a2ac5f7e09af8a7,dd992d569aaebee6,Jesse Taylor,"6' 0""",170 lbs.,"73""",Orthodox,"Jan 02, 1983",31,15,0,1.94,0.65,0.55,0.38,7.28,0.5,1.0,3.1
67533c6f7a2ac5f7e09af8a3,b76c6268dc1d3c05,Danielle Taylor,"5' 0""",115 lbs.,"60""",Orthodox,"Oct 25, 1989",9,4,0,2.75,0.29,3.31,0.71,0.2,0.2,0.7,0.2
67533c6f7a2ac5f7e09af8d9,4b4fc3ddc307bc73,James Zikic,"6' 2""",205 lbs.,,Orthodox,"Mar 01, 1977",21,10,2,1.47,0.35,1.6,0.44,0.5,0.25,0.74,0.5
67533c6f7a2ac5f7e09af8de,fd52e5f9ab25c94c,Daermisi Zhawupasi,"5' 8""",135 lbs.,"68""",Switch,"Sep 15, 1999",9,2,0,1.86,0.4,2.36,0.55,7.74,0.65,0.53,1.4
67533c6f7a2ac5f7e09af8db,6f4ec5aa3eced219,Zhu Kangjie,"5' 6""",145 lbs.,"70""",Orthodox,"Jan 16, 1996",20,4,0,3.5,0.54,1.03,0.69,0.5,1.0,0.52,0.0
67533c6f7a2ac5f7e09af8dc,07047eb7d17fb0a2,Daria Zhelezniakova,"5' 9""",135 lbs.,"68""",Orthodox,"Jan 23, 1996",9,2,0,3.29,0.38,1.7,0.79,0.8,1.0,0.5,0.0
67533c6f7a2ac5f7e09af8dd,55fa6ce3e522c8bb,Zhalgas Zhumagulov,"5' 4""",125 lbs.,"66""",Switch,"Aug 29, 1988",14,9,0,5.24,0.43,5.86,0.52,1.3,0.19,0.75,0.2
67533c6f7a2ac5f7e09af8ea,fd7ab338e4953644,Manolo Zecchini,"5' 8""",145 lbs.,"68""",Orthodox,"Oct 22, 1996",11,4,0,2.34,0.21,6.75,0.46,0.0,0.0,0.0,0.0
67533c6f7a2ac5f7e09af8ec,fe5ca7ef93c3f6a7,Roger Zapata,"5' 11""",170 lbs.,,Southpaw,"May 09, 1986",4,2,0,2.6,0.51,2.13,0.36,0.0,0.0,0.81,1.4
67533c6f7a2ac5f7e09af8e9,be4076c9e8d791e3,Joao Zeferino,"5' 11""",170 lbs.,,Orthodox,"Jan 15, 1986",21,9,0,0.83,0.36,2.6,0.48,0.5,0.05,0.5,1.0
67533c6f7a2ac5f7e09af8e3,7b310409440c9102,Zhang Lipeng,"5' 11""",155 lbs.,"71""",Southpaw,"Mar 10, 1990",23,9,1,1.28,0.48,1.88,0.53,1.75,0.3,0.69,0.8
67533c6f7a2ac5f7e09af8df,5ea918ea81b7dee2,Yao Zhikui,"5' 5""",125 lbs.,"64""",Orthodox,"Feb 07, 1991",2,4,0,1.44,0.21,2.82,0.48,0.66,0.16,0.58,0.0
67533c6f7a2ac5f7e09af8e4,3144121470023e9a,Roman Zentsov,"6' 1""",230 lbs.,,Orthodox,"Sep 10, 1973",18,12,0,1.18,0.36,0.53,0.7,1.6,1.0,0.33,3.2
67533c6f7a2ac5f7e09af8e0,8a65fd9ba31fd3f7,Zhang Mingyang,"6' 2""",205 lbs.,"75""",Orthodox,"Aug 16, 1998",18,6,0,8.57,0.55,5.59,0.53,0.0,0.0,0.0,0.0
67533c6f7a2ac5f7e09af8e1,1ebe20ebbfa15e29,Zhang Weili,"5' 4""",115 lbs.,"63""",Switch,"Aug 13, 1989",25,3,0,5.66,0.53,3.15,0.53,2.51,0.46,0.5,0.5
67533c6f7a2ac5f7e09af8e8,3794e5e0bb0defb6,Craig Zellner,"6' 2""",205 lbs.,,Orthodox,"Sep 09, 1976",4,3,0,0.61,0.09,4.65,0.61,0.0,0.0,0.0,0.0
67533c6f7a2ac5f7e09af8e2,c23e3d4875340d8d,Zhang Tiequan,"5' 8""",155 lbs.,"69""",Orthodox,"Jul 25, 1978",15,4,0,1.23,0.36,2.14,0.51,1.95,0.58,0.75,3.4
67533c6f7a2ac5f7e09af8e6,e7bc606d269896aa,Osamu Tachihikari,"6' 5""",300 lbs.,,Orthodox,,0,4,0,0.0,0.0,0.0,0.0,0.0,0.0,0.0,0.0
67533c6f7a2ac5f7e09af8eb,3bb2dc8e87b10a46,David Zawada,"6' 0""",170 lbs.,"75""",Orthodox,"Aug 01, 1990",17,7,0,3.84,0.41,4.54,0.55,0.97,0.33,0.57,1.7
67533c6f7a2ac5f7e09af8e5,cbf69fa846c7e3ee,Carlos Zevallos,"6' 0""",205 lbs.,,Orthodox,,3,4,0,4.36,0.65,2.28,0.68,0.0,0.0,1.0,0.0
67533c6f7a2ac5f7e09af8e7,c879d8620261b1a3,Rickson Zenidim,"5' 7""",125 lbs.,"67""",Orthodox,"Feb 17, 1999",14,2,0,1.67,0.32,4.07,0.33,0.0,0.0,0.0,0.0
67533c6f7a2ac5f7e09af8f6,da7f113b5ea39c43,Mohammed Usman,"6' 2""",239 lbs.,"79""",Orthodox,"Apr 01, 1989",11,4,0,3.41,0.36,4.41,0.5,0.69,0.17,0.6,0.0
67533c6f7a2ac5f7e09af8f5,2284092f8b63273b,Luke Zachrich,"6' 2""",185 lbs.,"74""",Orthodox,"Dec 19, 1981",14,4,0,4.56,0.32,4.46,0.62,0.74,0.33,0.8,0.0
67533c6f7a2ac5f7e09af8f7,6546af7ab545b90c,Darren Uyenoyama,"5' 6""",125 lbs.,"65""",Orthodox,"Oct 15, 1979",10,6,0,1.34,0.39,2.21,0.66,1.42,0.33,0.35,0.7
67533c6f7a2ac5f7e09af8f4,24656ef4d605c96f,Aiemann Zahabi,"5' 8""",135 lbs.,"68""",Orthodox,"Nov 19, 1987",12,2,0,4.06,0.46,4.06,0.71,0.16,0.14,0.83,0.0
67533c6f7a2ac5f7e09af8fa,c34e5849184b08c3,Yasuhiro Urushitani,"5' 5""",125 lbs.,,Southpaw,"Sep 08, 1976",21,8,6,3.47,0.39,4.71,0.65,0.0,0.0,0.8,0.0
67533c6f7a2ac5f7e09af8f3,8adcbd525fab8d9b,Elizeu Zaleski dos Santos,"5' 11""",170 lbs.,"73""",Orthodox,"Dec 11, 1986",25,8,1,4.33,0.41,3.41,0.56,0.7,0.2,0.68,0.5
67533c6f7a2ac5f7e09af8ee,cc3878d1ab41a5fa,Zach Zane,"5' 7""",145 lbs.,"69""",Southpaw,"Dec 14, 1989",10,7,0,0.87,0.56,6.67,0.2,0.0,0.0,0.26,0.0
67533c6f7a2ac5f7e09af8f8,fe30c5f5cc3e028b,Sho Patrick Usami,"5' 9""",155 lbs.,"70""",Orthodox,"May 08, 2000",4,1,0,0.0,0.0,0.0,0.0,0.0,0.0,0.0,0.0
67533c6f7a2ac5f7e09af8f2,8c822811eedc11ad,Anton Zafir,"5' 11""",170 lbs.,,Orthodox,"May 10, 1987",7,3,0,2.99,0.64,2.31,0.52,6.11,0.6,0.0,0.0
67533c6f7a2ac5f7e09af8ef,4148802ae4a50768,Daniel Zellhuber,"6' 1""",155 lbs.,"77""",Switch,"Jul 07, 1999",15,2,0,6.26,0.4,6.02,0.55,0.18,0.25,0.94,0.2
67533c6f7a2ac5f7e09af8fd,47fcdcaccb58ca80,Elias Urbina,"6' 3""",185 lbs.,"77""",Southpaw,"Oct 09, 1993",3,1,0,3.85,0.37,6.17,0.5,0.0,0.0,0.0,0.0
67533c6f7a2ac5f7e09af8fb,b12fb759e02378de,Gilbert Urbina,"6' 3""",170 lbs.,"75""",Orthodox,"Apr 05, 1996",7,4,0,5.61,0.57,4.61,0.44,3.01,0.44,0.0,0.8
67533c6f7a2ac5f7e09af8ed,abcf7e55a0a9ed89,Marius Zaromskis,"5' 9""",170 lbs.,,Orthodox,"Jul 30, 1980",20,9,0,5.02,0.34,5.93,0.5,0.73,0.42,0.73,0.0
67533c6f7a2ac5f7e09af901,58258914525740a5,Kengo Ura,"5' 9""",165 lbs.,,,"Jun 20, 1981",14,12,2,1.05,0.37,2.38,0.48,2.85,0.28,0.5,1.4
67533c6f7a2ac5f7e09af8ff,5e23f30e9c6ed74e,Logan Urban,"6' 0""",170 lbs.,"72""",Orthodox,"Apr 22, 1994",5,1,0,2.55,0.66,16.6,0.27,0.0,0.0,0.0,0.0
67533c6f7a2ac5f7e09af8fc,f1b2aa7853d1ed6e,Kamaru Usman,"6' 0""",170 lbs.,"76""",Switch,"May 11, 1987",20,4,0,4.36,0.52,2.74,0.54,2.82,0.45,0.89,0.1
67533c6f7a2ac5f7e09af8fe,4b8fb0453a596b8e,Hector Urbina,"5' 11""",170 lbs.,"73""",Orthodox,"Sep 17, 1987",17,10,1,0.97,0.38,2.44,0.39,0.0,0.0,0.38,3.8
67533c6f7a2ac5f7e09af8f0,52c2ae6d2f2d2613,Youssef Zalal,"5' 10""",145 lbs.,"72""",Switch,"Sep 04, 1996",16,5,1,2.84,0.49,1.71,0.65,2.34,0.35,0.59,1.5
67533c6f7a2ac5f7e09af908,10ccf4ec9913cadc,Christian Uflacker,"5' 11""",170 lbs.,,,"Aug 04, 1985",5,0,0,0.0,0.0,0.0,0.0,0.0,0.0,0.0,0.0
67533c6f7a2ac5f7e09af8f9,e78c4c3d329c531b,Nick Urso,"5' 6""",125 lbs.,"66""",Southpaw,"Sep 26, 1985",10,3,0,3.61,0.45,5.06,0.36,0.0,0.0,0.0,0.0
67533c6f7a2ac5f7e09af905,f00ac08ab056af5d,Tagir Ulanbekov,"5' 7""",125 lbs.,"70""",Southpaw,"Aug 07, 1991",15,2,0,3.22,0.45,3.3,0.51,3.71,0.46,0.61,2.1
67533c6f7a2ac5f7e09af904,eb1723480fa2f96c,Caol Uno,"5' 7""",155 lbs.,"70""",Southpaw,"May 08, 1975",33,19,5,1.91,0.49,1.9,0.5,1.95,0.31,0.37,0.5
67533c6f7a2ac5f7e09af906,9014c02eff8b3d62,Carlos Ulberg,"6' 4""",205 lbs.,"77""",Orthodox,"Nov 07, 1990",12,1,0,7.2,0.56,4.27,0.5,0.72,0.75,0.83,0.2
67533c6f7a2ac5f7e09af907,4a1a492f299581d9,Andy Uhrich,"6' 0""",170 lbs.,,,,11,6,0,0.0,0.0,0.0,0.0,0.0,0.0,0.0,0.0
67533c6f7a2ac5f7e09af902,7a39bbac8cc0fa70,Gasan Umalatov,"5' 11""",170 lbs.,"71""",Orthodox,"Sep 11, 1982",17,4,2,2.23,0.39,4.1,0.59,0.75,0.17,0.9,0.0
67533c6f7a2ac5f7e09af900,1e310618d02ff93b,Zach Underwood,"6' 2""",185 lbs.,,,,13,7,0,0.0,0.0,0.0,0.0,0.0,0.0,0.0,0.0
67533c6f7a2ac5f7e09af915,90b57b19d20e1969,Mateo Vogel,"5' 8""",145 lbs.,"71""",Orthodox,"Mar 05, 1996",8,3,0,4.47,0.46,2.87,0.65,1.0,0.16,0.0,0.0
67533c6f7a2ac5f7e09af913,e1248941344b3288,Alexander Volkanovski,"5' 6""",145 lbs.,"71""",Orthodox,"Sep 29, 1988",26,4,0,6.16,0.56,3.44,0.58,1.78,0.37,0.7,0.2
67533c6f7a2ac5f7e09af912,d73a7c36746fbc5b,Danylo Voievodkin,"6' 4""",265 lbs.,"78""",Southpaw,"Jul 19, 2000",7,0,0,9.86,0.46,0.0,1.0,0.0,0.0,0.0,12.3
67533c6f7a2ac5f7e09af90c,7929be8290289a47,Igor Vovchanchyn,"5' 8""",205 lbs.,,Orthodox,"Aug 06, 1973",55,10,0,1.59,0.49,0.97,0.63,1.19,0.66,0.5,0.5
67533c6f7a2ac5f7e09af90e,ef0344ed552d8a22,Mark Vorgeas,"5' 10""",135 lbs.,,,,5,3,1,3.87,0.32,4.19,0.51,0.0,0.0,0.5,0.8
67533c6f7a2ac5f7e09af911,c4b9296214f4c09c,Jason Von Flue,"6' 0""",170 lbs.,,Orthodox,"Aug 01, 1975",14,12,1,1.89,0.36,3.23,0.52,0.62,0.16,0.58,1.5
67533c6f7a2ac5f7e09af90d,1d76f07ffdd765c2,Takeru Uchida,"5' 5""",125 lbs.,"68""",Southpaw,"Sep 30, 2002",6,1,0,0.0,0.0,0.0,0.0,0.0,0.0,0.0,4.4
67533c6f7a2ac5f7e09af90b,6d38e41efa47a72d,Jordan Vucenic,"5' 10""",155 lbs.,"73""",Orthodox,"Mar 02, 1996",13,3,0,2.27,0.4,2.0,0.55,0.0,0.0,0.75,0.0
67533c6f7a2ac5f7e09af909,8f2deefe8c5dfb5d,Alberto Uda,"6' 3""",185 lbs.,,Orthodox,"Aug 08, 1984",12,2,0,1.79,0.52,3.49,0.45,2.83,0.5,0.66,0.0
67533c6f7a2ac5f7e09af914,fb8a3025ae722e64,Bobby Voelker,"6' 0""",170 lbs.,"74""",Orthodox,"Apr 26, 1979",19,13,0,4.01,0.35,5.84,0.42,1.04,0.5,0.66,0.0
67533c6f7a2ac5f7e09af90f,279566840aa55bf2,Alexander Volkov,"6' 7""",250 lbs.,"80""",Orthodox,"Oct 24, 1988",38,10,0,5.13,0.57,3.0,0.55,0.45,0.63,0.73,0.2
67533c6f7a2ac5f7e09af90a,bcd124bcd3d5be46,Ryuki Ueyama,"5' 11""",180 lbs.,,Southpaw,"Apr 17, 1976",12,18,5,0.13,0.21,1.4,0.46,0.5,1.0,0.0,1.5
67533c6f7a2ac5f7e09af916,6f81b6de2557739a,Jacob Volkmann,"5' 9""",155 lbs.,"71""",Southpaw,"Sep 05, 1980",19,7,0,1.19,0.34,1.78,0.52,3.19,0.48,0.52,2.0
67533c6f7a2ac5f7e09af919,7c4ec656d8fcb867,Brandon Visher,"5' 6""",135 lbs.,"68""",Orthodox,"May 06, 1984",13,3,0,2.55,0.45,3.76,0.42,0.67,0.2,0.0,0.0
67533c6f7a2ac5f7e09af91a,e363b21261814830,Marcos Vinicius,"5' 9""",125 lbs.,,Orthodox,"Dec 05, 1979",23,11,1,1.93,0.49,2.91,0.47,0.0,0.0,0.25,0.5
67533c6f7a2ac5f7e09af939,df0a1c1e11ad199b,Kerry Vera,"5' 7""",135 lbs.,,Orthodox,,2,0,0,0.0,0.0,0.0,0.0,0.0,0.0,0.0,0.0
67533c6f7a2ac5f7e09af937,2b1587a3376ab743,Ernie Verdicia,"5' 11""",199 lbs.,,Orthodox,,0,1,0,0.0,0.0,0.0,0.0,0.0,0.0,0.0,0.0
67533c6f7a2ac5f7e09af931,7acbb0972e75281a,Marvin Vettori,"6' 0""",185 lbs.,"74""",Southpaw,"Sep 20, 1993",19,7,1,4.56,0.45,4.24,0.56,1.66,0.45,0.69,0.5
67533c6f7a2ac5f7e09af94e,a54fc2d6fc224dc3,Jamie Varner,"5' 8""",155 lbs.,"71""",Orthodox,"Oct 12, 1984",21,11,1,2.92,0.34,2.55,0.58,3.49,0.53,0.66,0.8
67533c6f7a2ac5f7e09af921,f9d0cae37dabfafc,Ike Villanueva,"6' 1""",205 lbs.,"73""",Orthodox,"Apr 04, 1984",18,14,0,3.66,0.38,7.24,0.36,0.6,0.5,1.0,0.0
67533c6f7a2ac5f7e09af92c,6256b2b1562cb8e1,James Vick,"6' 3""",155 lbs.,"76""",Orthodox,"Feb 23, 1987",13,5,0,4.13,0.39,3.31,0.6,0.26,0.33,0.57,0.7
67533c6f7a2ac5f7e09af949,be5cfd73617a5b1a,Javier Vazquez,"5' 7""",145 lbs.,"69""",Southpaw,"Jul 16, 1977",16,5,0,2.43,0.36,1.99,0.72,2.56,0.52,0.57,1.5
67533c6f7a2ac5f7e09af930,13a0fb8fbdafb54f,Bryan Vetell,"6' 3""",265 lbs.,,Southpaw,"Jul 26, 1977",4,3,0,2.74,0.6,2.13,0.41,0.0,0.0,0.0,0.0
67533c6f7a2ac5f7e09af933,0f1efce7d2571d10,Nikolay Veretennikov,"6' 1""",170 lbs.,"75""",Orthodox,"Dec 22, 1989",12,5,0,3.4,0.59,3.33,0.54,0.0,0.0,0.6,0.0
67533c6f7a2ac5f7e09af93d,d23ccf4a6c221284,Karlos Vemola,"6' 0""",185 lbs.,"75""",Orthodox,"Jul 03, 1985",17,5,0,1.67,0.44,2.13,0.37,1.93,0.25,0.31,1.7
67533c6f7a2ac5f7e09af922,0275e33febc2818c,DeMarco Villalona,"5' 9""",185 lbs.,,,,1,3,0,0.0,0.0,0.0,0.0,0.0,0.0,0.0,0.0
67533c6f7a2ac5f7e09af925,6888e31ce88f5b17,Steve Vigneault,"5' 10""",185 lbs.,,Orthodox,"Feb 14, 1978",12,6,0,2.19,0.28,5.75,0.44,0.0,0.0,1.0,0.0
67533c6f7a2ac5f7e09af923,fcd448a2fe1a23cc,Gian Villante,"6' 3""",230 lbs.,"76""",Orthodox,"Aug 18, 1985",17,14,0,4.38,0.44,5.47,0.55,0.45,0.23,0.83,0.0
67533c6f7a2ac5f7e09af944,93c9897f0f9f5dab,Kelly Velasco,"5' 9""",135 lbs.,,Orthodox,"May 21, 1995",2,1,0,2.27,0.35,5.67,0.47,0.0,0.0,1.0,0.0
67533c6f7a2ac5f7e09af91e,34f93dfbd43b2144,Pablo Villaseca,"5' 7""",155 lbs.,,,"Jan 26, 1987",12,3,0,2.79,0.42,3.25,0.65,2.5,0.5,0.33,0.0
67533c6f7a2ac5f7e09af924,2e88f2030d8a928a,Alejandro Villalobos,"5' 7""",145 lbs.,,,"Oct 26, 1979",17,5,0,3.93,0.46,4.07,0.67,1.0,0.5,0.0,0.0
67533c6f7a2ac5f7e09af920,39f68882def7a507,Ruben Villareal,"6' 4""",265 lbs.,,Orthodox,"May 01, 1970",22,28,3,5.18,0.53,4.86,0.35,0.0,0.0,0.0,0.0
67533c6f7a2ac5f7e09af936,d6f58b8cd1a6ff52,Isis Verbeek,"5' 4""",115 lbs.,"64""",Orthodox,"Jan 12, 1995",5,2,0,3.13,0.43,3.53,0.53,0.0,0.0,0.66,0.0
67533c6f7a2ac5f7e09af94f,4d5197f331c47290,Paige VanZant,"5' 4""",115 lbs.,"65""",Orthodox,"Mar 26, 1994",8,5,0,3.35,0.52,2.62,0.42,1.27,0.33,0.34,1.0
67533c6f7a2ac5f7e09af943,34a81ebbce32b06b,Greg Velasco,"6' 2""",265 lbs.,"70""",Southpaw,"Sep 23, 1993",6,1,0,0.0,0.0,1.52,0.0,0.0,0.0,0.0,0.0
67533c6f7a2ac5f7e09af94c,d6d5da3c209884bc,Guilherme Vasconcelos,"6' 0""",185 lbs.,,Orthodox,"Mar 23, 1986",9,4,0,3.27,0.29,4.4,0.7,0.0,0.0,0.0,0.0
67533c6f7a2ac5f7e09af93b,6e62bb64f7cc5026,Scott Ventimiglia,"5' 11""",185 lbs.,,,"Nov 17, 1972",14,6,1,0.0,0.0,0.0,0.0,0.0,0.0,0.0,0.0
67533c6f7a2ac5f7e09af932,077e3ace32b72be9,CJ Vergara,"5' 6""",125 lbs.,"68""",Orthodox,"Jun 18, 1991",12,6,1,5.1,0.56,4.74,0.53,0.0,0.0,0.6,0.2
67533c6f7a2ac5f7e09af950,07a18ae55dfc3cd9,Paul Varelans,"6' 8""",300 lbs.,,Orthodox,,9,9,0,0.0,0.0,0.0,0.0,0.0,0.0,0.0,0.0
67533c6f7a2ac5f7e09af92e,f95381efb3051d81,Hugo Viana,"5' 6""",135 lbs.,"67""",Orthodox,"Sep 26, 1982",8,4,0,3.05,0.38,3.2,0.57,0.22,0.06,0.5,0.0
67533c6f7a2ac5f7e09af955,87e2468b986ebb79,Cameron VanCamp,"6' 2""",155 lbs.,"74""",Switch,"Apr 27, 1993",15,7,1,5.31,0.47,6.41,0.4,0.0,0.0,0.0,0.0
67533c6f7a2ac5f7e09af94a,61428ed51f5ff465,Billy Vaughan,"5' 6""",155 lbs.,,,"Dec 02, 1983",12,17,0,0.0,0.0,1.36,0.5,0.0,0.0,0.0,0.0
67533c6f7a2ac5f7e09af947,5731cc327790b731,Matt Veach,"5' 11""",155 lbs.,,Orthodox,"May 31, 1981",17,5,0,1.12,0.28,4.91,0.44,3.64,0.38,1.0,1.5
67533c6f7a2ac5f7e09af952,32c3ee378671a5d9,Austin Vanderford,"5' 11""",170 lbs.,,Orthodox,"Mar 21, 1990",4,0,0,3.9,0.52,5.19,0.45,0.0,0.0,1.0,1.9
67533c6f7a2ac5f7e09af92d,9673a497a9da119a,Polyana Viana,"5' 5""",115 lbs.,"67""",Orthodox,"Jun 14, 1992",13,7,0,2.99,0.4,2.65,0.53,0.82,0.33,0.38,1.9
67533c6f7a2ac5f7e09af942,0ff11cc094e887bc,Cain Velasquez,"6' 1""",240 lbs.,"77""",Orthodox,"Jul 28, 1982",14,3,0,6.37,0.57,2.33,0.57,5.13,0.45,0.85,0.4
67533c6f7a2ac5f7e09af938,07f959e6596307bb,Carlos Vera,"5' 6""",135 lbs.,"69""",Orthodox,"Nov 05, 1987",11,4,0,0.8,0.48,2.53,0.45,0.0,0.0,0.0,0.0
67533c6f7a2ac5f7e09af91d,15515e797aedc137,Joey Villasenor,"6' 0""",185 lbs.,,Orthodox,"Oct 17, 1975",29,10,0,2.05,0.38,3.26,0.52,0.71,0.4,0.53,1.1
67533c6f7a2ac5f7e09af93f,fa315e6c77eee106,Brandon Vera,"6' 3""",230 lbs.,"78""",Orthodox,"Oct 10, 1977",15,7,0,3.03,0.56,2.81,0.52,0.7,0.53,0.59,0.2
67533c6f7a2ac5f7e09af917,445a98acb8985970,Falaniko Vitale,"5' 10""",185 lbs.,,Orthodox,"Jul 14, 1974",30,11,0,1.88,0.49,3.68,0.47,0.72,0.33,0.86,0.0
67533c6f7a2ac5f7e09af91b,fd87b1bbfcde9d5e,Danillo Villefort,"6' 1""",185 lbs.,,Orthodox,"May 08, 1983",15,5,0,2.86,0.37,2.4,0.68,1.71,0.66,0.33,1.7
67533c6f7a2ac5f7e09af946,8d4d25fd9218860b,Manny Vazquez,"5' 10""",125 lbs.,"72""",Orthodox,"Nov 19, 1993",11,2,0,1.47,0.41,2.67,0.48,1.0,0.33,0.0,1.0
67533c6f7a2ac5f7e09af929,7cf20446453f852b,Milton Vieira,"6' 0""",145 lbs.,,Orthodox,"Oct 04, 1978",13,8,2,1.13,0.35,2.36,0.48,2.67,0.53,0.12,0.7
67533c6f7a2ac5f7e09af927,b9706f80d005036c,Ketlen Vieira,"5' 8""",135 lbs.,"68""",Orthodox,"Aug 26, 1991",14,4,0,2.92,0.41,3.9,0.51,1.39,0.44,0.88,0.6
67533c6f7a2ac5f7e09af857,97a6bbe6e6566a94,Francisco Trevino,"5' 9""",155 lbs.,"70""",Orthodox,"Dec 17, 1981",13,3,0,2.65,0.42,2.42,0.64,0.97,0.22,0.41,0.0
67533c6f7a2ac5f7e09af92f,393b8e03fb410a78,Guilherme Viana,"6' 4""",205 lbs.,,,,7,3,0,2.92,0.4,2.72,0.59,1.2,0.66,0.77,0.0
67533c6f7a2ac5f7e09af948,4679a38cced7c64a,Yuri Vaulin,"6' 4""",197 lbs.,,Southpaw,,0,1,0,0.0,0.0,0.0,0.0,0.0,0.0,0.0,0.0
67533c6f7a2ac5f7e09af94d,ec18eb918121787c,Kazula Vargas,"5' 8""",155 lbs.,"71""",Southpaw,"Aug 15, 1985",12,5,0,3.65,0.53,1.77,0.57,0.4,0.25,0.3,0.4
67533c6f7a2ac5f7e09af945,d35c3ed553b71fa2,Joe Vedepo,"6' 0""",185 lbs.,,Orthodox,,18,9,0,1.43,0.42,5.71,0.38,1.07,0.2,0.0,0.0
67533c6f7a2ac5f7e09af92b,4f3064faf17aa711,Tamires Vidal,"5' 6""",135 lbs.,"68""",Orthodox,"Jul 27, 1998",7,4,0,2.91,0.53,4.46,0.49,0.0,0.0,0.35,0.7
67533c6f7a2ac5f7e09af934,c24b1db4b809d41b,Renato Verissimo,"6' 1""",170 lbs.,,Orthodox,"Aug 03, 1973",7,5,0,0.92,0.48,1.87,0.47,1.46,0.3,0.5,2.5
67533c6f7a2ac5f7e09af91c,0fb1e2694a39a02f,Yuri Villefort,"6' 0""",170 lbs.,"73""",Orthodox,"Mar 23, 1991",10,5,0,3.18,0.43,5.42,0.55,2.0,0.35,0.4,0.3
67533c6f7a2ac5f7e09af941,09c44b317c98bf96,David Velasquez,"5' 5""",145 lbs.,,Orthodox,,10,10,0,0.0,0.0,0.0,0.0,0.0,0.0,0.0,0.0
67533c6f7a2ac5f7e09af94b,a148dfe3485be79d,Linton Vassell,"6' 4""",205 lbs.,,,"Jun 03, 1983",18,5,0,3.39,0.37,2.13,0.54,2.46,0.5,0.5,0.0
67533c6f7a2ac5f7e09af91f,454c1f0b638972ab,Armando Villarreal,"5' 7""",135 lbs.,"66""",Southpaw,"Aug 08, 1989",5,2,0,3.23,0.55,4.3,0.52,3.23,0.25,0.0,0.0
67533c6f7a2ac5f7e09af954,2b68d9f125d07b42,Jared Vanderaa,"6' 4""",265 lbs.,"80""",Orthodox,"May 12, 1992",12,10,0,4.96,0.44,5.67,0.45,0.18,0.5,0.2,0.0
67533c6f7a2ac5f7e09af926,260e9e0d4954aea6,Rodolfo Vieira,"6' 0""",185 lbs.,"73""",Orthodox,"Sep 25, 1989",10,2,0,3.19,0.54,4.6,0.49,4.18,0.3,1.0,1.6
67533c6f7a2ac5f7e09af940,fcce75a25c14a804,Bojan Velickovic,"6' 0""",170 lbs.,"76""",Southpaw,"Dec 18, 1988",15,6,1,2.18,0.34,2.31,0.57,0.67,0.25,0.55,0.5
67533c6f7a2ac5f7e09af918,4959f10a62f3fec3,Cheyanne Vlismas,"5' 3""",115 lbs.,"63""",Switch,"Jun 25, 1995",7,3,0,4.93,0.5,2.57,0.64,0.25,0.33,0.66,0.2
67533c6f7a2ac5f7e09af951,f9b200db02b488d9,Lando Vannata,"5' 9""",155 lbs.,"71""",Orthodox,"Mar 14, 1992",12,7,2,4.52,0.45,4.76,0.55,1.09,0.37,0.69,0.3
67533c6f7a2ac5f7e09af935,c6d8ae3b016d5ad5,Joe Veres,"5' 7""",155 lbs.,,Orthodox,"Nov 09, 1977",4,3,0,0.0,0.0,5.55,0.27,0.0,0.0,0.0,0.0
67533c6f7a2ac5f7e09af93e,2f1a257d6777096d,Luigi Vendramini,"5' 8""",155 lbs.,"73""",Orthodox,"Jan 16, 1996",9,3,0,2.82,0.4,3.82,0.57,1.11,0.15,1.0,0.6
67533c6f7a2ac5f7e09af928,f9081770e28ea2e1,Reginaldo Vieira,"5' 7""",135 lbs.,"65""",Orthodox,"Nov 26, 1982",13,5,0,3.76,0.4,2.89,0.59,1.97,0.27,0.25,0.8
67533c6f7a2ac5f7e09af93c,602bb270f2bdbf02,Jerrel Venetiaan,"6' 1""",195 lbs.,,Orthodox,"Mar 09, 1971",4,3,0,0.81,0.33,1.51,0.67,0.0,0.0,0.6,0.0
67533c6f7a2ac5f7e09af93a,7c7332319c14094c,Marlon Vera,"5' 8""",135 lbs.,"70""",Switch,"Dec 02, 1992",23,10,1,4.27,0.49,5.37,0.5,0.51,0.39,0.72,0.8
67533c6f7a2ac5f7e09af957,02177caefe7c07d4,Lloyd Van Dams,"6' 1""",240 lbs.,,Southpaw,"Mar 05, 1972",0,1,0,0.0,0.0,3.01,0.15,0.0,0.0,0.0,0.0
67533c6f7a2ac5f7e09af958,17e97649403ba428,Joshua Van,"5' 5""",125 lbs.,"65""",Orthodox,"Oct 10, 2001",11,2,0,8.39,0.53,6.09,0.58,1.62,0.63,0.83,0.0
67533c6f7a2ac5f7e09af959,23ab42947c1990e3,Ron van Clief,"5' 10""",190 lbs.,,Orthodox,"Jan 25, 1943",0,1,0,0.0,0.0,0.0,0.0,0.0,0.0,0.0,0.0
67533c6f7a2ac5f7e09af95a,7b39035fae7268b8,Matt Van Buren,"6' 5""",205 lbs.,,,"Jun 12, 1986",7,6,0,7.73,0.45,6.82,0.49,0.0,0.0,0.5,0.0
67533c6f7a2ac5f7e09af95b,2ee09ec2a0695eb9,Mike van Arsdale,"6' 2""",205 lbs.,,Switch,"Jun 20, 1965",8,5,0,1.52,0.41,1.91,0.41,1.06,0.14,0.37,0.0
67533c6f7a2ac5f7e09af95c,c295de4e10acd4c9,Isaac Vallie-Flagg,"5' 8""",155 lbs.,"70""",Orthodox,"Apr 08, 1978",16,7,1,5.56,0.47,5.6,0.45,0.2,0.12,0.58,0.0
67533c6f7a2ac5f7e09af95d,663b76da637402c3,Victor Valimaki,"6' 0""",205 lbs.,,Orthodox,,18,10,0,3.94,0.3,2.99,0.67,0.9,0.14,0.0,0.0
67533c6f7a2ac5f7e09af95e,45e738622ea2c02c,Timur Valiev,"5' 6""",135 lbs.,"67""",Orthodox,"Jan 19, 1990",18,3,0,5.19,0.53,3.33,0.45,1.73,0.4,0.55,0.3
67533c6f7a2ac5f7e09af960,239d8e5359022f3b,Kevin Vallejos,"5' 7""",145 lbs.,"68""",Switch,"Dec 08, 2001",14,1,0,6.85,0.51,5.81,0.55,0.0,0.0,0.66,0.0
67533c6f7a2ac5f7e09af95f,45b82ebf0b9e0fd2,Ivan Valenzuela,"6' 2""",185 lbs.,"77""",Orthodox,"Nov 17, 1992",8,2,0,0.0,0.0,9.6,0.33,0.0,0.0,0.0,0.0
67533c6f7a2ac5f7e09af962,de277a4abcfeea46,Victor Valenzuela,"5' 10""",155 lbs.,,,,13,6,2,1.28,1.0,2.55,0.0,0.0,0.0,0.0,0.0
67533c6f7a2ac5f7e09af964,8a0be41c0380188d,Charlie Valencia,"5' 3""",135 lbs.,"64""",Orthodox,"Oct 31, 1974",12,7,0,2.58,0.37,2.61,0.77,1.4,0.53,0.75,0.5
67533c6f7a2ac5f7e09af963,0cd0456d6029cec2,Robert Valentin,"6' 2""",185 lbs.,"77""",Orthodox,"Mar 31, 1995",11,4,0,0.15,0.5,6.16,0.19,0.0,0.0,0.66,4.4
67533c6f7a2ac5f7e09af966,fc1868f56d3036eb,Egidijus Valavicius,"6' 0""",200 lbs.,,Orthodox,,29,12,0,0.0,0.0,0.0,0.0,0.0,0.0,0.0,0.0
67533c6f7a2ac5f7e09af965,cda1099995b46cc2,Genaro Valdez,"5' 9""",155 lbs.,"72""",Orthodox,"Jan 16, 1992",10,3,0,4.08,0.3,7.16,0.48,1.54,0.44,0.36,0.4
67533c6f7a2ac5f7e09af858,a8283a4f415e1eb9,Francisco Trinaldo,"5' 9""",170 lbs.,"70""",Southpaw,"Aug 24, 1978",28,9,0,3.13,0.45,2.67,0.6,0.98,0.42,0.6,0.5
67533c6f7a2ac5f7e09af967,43e549b803ec7375,Artem Vakhitov,"6' 1""",205 lbs.,"75""",Orthodox,"Apr 04, 1991",3,1,0,3.88,0.85,0.68,0.8,0.0,0.0,1.0,0.0
67533c6f7a2ac5f7e09af968,54578e5927adea53,Richie Vaculik,"5' 6""",125 lbs.,"69""",Orthodox,"Jun 19, 1983",10,4,0,3.69,0.46,4.09,0.57,3.0,0.45,0.31,1.0
67533c6f7a2ac5f7e09af96c,98ec9f385cca47fc,Besam Yousef,"5' 11""",170 lbs.,,Orthodox,"Mar 25, 1985",7,4,0,3.14,0.53,3.98,0.38,1.33,0.66,0.5,0.0
67533c6f7a2ac5f7e09af96b,67ec58d7cf599835,Han Ten Yun,"5' 11""",220 lbs.,,,,0,1,0,0.0,0.0,0.0,0.0,0.0,0.0,0.0,0.0
67533c6f7a2ac5f7e09af96a,42078a86d3dd037b,Rob Yundt,"6' 1""",185 lbs.,,Orthodox,"May 05, 1980",9,5,0,1.37,0.41,2.55,0.31,2.94,1.0,0.0,0.0
67533c6f7a2ac5f7e09af96e,568bbad0eaced57c,Shanna Young,"5' 7""",125 lbs.,"65""",Orthodox,"Feb 20, 1991",9,6,0,3.18,0.47,4.88,0.43,0.0,0.0,0.53,0.6
67533c6f7a2ac5f7e09af96d,b2a78df161bd67f9,Gauge Young,"5' 9""",155 lbs.,"70""",Orthodox,"Jul 14, 2000",8,2,0,4.27,0.56,5.4,0.44,0.0,0.0,0.59,0.0
67533c6f7a2ac5f7e09af96f,4cd8b03aee1d0138,Shane Young,"5' 8""",145 lbs.,"72""",Orthodox,"Jul 31, 1993",13,8,0,5.19,0.4,5.46,0.52,0.63,0.18,0.64,0.0
67533c6f7a2ac5f7e09af973,79ff6545b0abc685,Kaitlin Young,"5' 9""",135 lbs.,,Orthodox,"Sep 15, 1985",7,9,1,2.83,0.26,6.33,0.51,2.5,1.0,0.0,0.0
67533c6f7a2ac5f7e09af970,bf5183e1c1afc3b2,Trenell Young,"5' 6""",145 lbs.,,Orthodox,"Jun 19, 1976",11,9,0,1.43,0.22,5.13,0.5,1.13,0.2,0.0,1.1
67533c6f7a2ac5f7e09af971,f59e9e49ef85b469,Jason Young,"5' 9""",145 lbs.,"73""",Orthodox,"Jun 28, 1986",9,6,0,2.97,0.37,3.2,0.5,1.98,0.66,0.55,0.0
67533c6f7a2ac5f7e09af97c,ab8900ae1f1dfd4c,Yoshiyuki Yoshida,"5' 11""",170 lbs.,"70""",Southpaw,"May 10, 1974",18,9,0,0.85,0.36,3.67,0.36,1.41,0.28,0.25,2.8
67533c6f7a2ac5f7e09af97b,3f11fd1751fa83b1,Yizha,"5' 7""",145 lbs.,"71""",Orthodox,"Jan 08, 1997",25,5,0,2.8,0.44,2.83,0.47,3.54,0.3,0.54,1.1
67533c6f7a2ac5f7e09af975,2eae41f61776c60f,Hidehiko Yoshida,"5' 11""",225 lbs.,,Orthodox,"Sep 03, 1969",6,8,1,1.05,0.36,1.89,0.62,1.09,0.33,0.71,2.2
67533c6f7a2ac5f7e09af97a,35585d970300d45a,Hirotaka Yokoi,"5' 11""",205 lbs.,,Orthodox,"Jun 08, 1978",11,5,0,1.52,0.33,3.42,0.38,1.87,0.41,0.66,0.4
67533c6f7a2ac5f7e09af979,a8e8587a06e73c87,Kazunori Yokota,"5' 8""",154 lbs.,,Orthodox,"Apr 03, 1978",25,7,3,0.67,0.31,1.13,0.57,0.0,0.0,0.0,0.0
67533c6f7a2ac5f7e09af983,a0b91014e9d16a76,Cale Yarbrough,"6' 1""",185 lbs.,,Orthodox,"Dec 27, 1986",8,3,0,3.16,0.27,10.0,0.72,0.0,0.0,0.0,0.0
67533c6f7a2ac5f7e09af984,49e7e05f902479ca,Tadao Yasuda,"6' 4""",310 lbs.,,Orthodox,"Oct 09, 1963",2,4,0,2.7,0.73,0.85,0.6,0.75,0.14,0.0,0.0
67533c6f7a2ac5f7e09af981,920632ca1b78fae5,Chris Yee,"5' 9""",185 lbs.,,,,4,6,0,0.0,0.0,0.0,0.0,0.0,0.0,0.0,0.0
67533c6f7a2ac5f7e09af980,620be7e0712d431b,Yoshiaki Yatsu,"6' 1""",165 lbs.,,Orthodox,"Jul 19, 1956",0,2,0,0.0,0.0,5.57,0.48,0.0,0.0,0.0,0.0
67533c6f7a2ac5f7e09af97f,cc2fcae2c0dc501d,Yibugele,"5' 7""",145 lbs.,"69""",Southpaw,"Nov 13, 1989",24,13,1,2.87,0.41,5.5,0.54,0.0,0.0,0.81,0.0
67533c6f7a2ac5f7e09af97e,a78dc3910554dbae,Yin Shuai,"5' 7""",125 lbs.,"65""",Southpaw,"Jan 01, 1997",16,5,0,2.4,0.66,3.07,0.35,9.0,0.6,0.75,0.0
67533c6f7a2ac5f7e09af974,a474aade8eb3a8f0,SuYoung You,"5' 6""",135 lbs.,"65""",Orthodox,"Dec 11, 1995",14,3,0,2.11,0.42,1.4,0.72,4.67,0.58,0.66,0.3
67533c6f7a2ac5f7e09af976,ad99fa5325519169,Dong Sik Yoon,"6' 0""",185 lbs.,,Orthodox,"Aug 24, 1972",9,9,0,0.99,0.36,2.33,0.51,1.6,0.29,0.33,1.3
67533c6f7a2ac5f7e09af978,00b490982afd1b17,SangHoon Yoo,"6' 0""",170 lbs.,"74""",Orthodox,"Jan 18, 1990",8,2,0,4.83,0.65,6.11,0.4,0.53,1.0,0.69,0.5
67533c6f7a2ac5f7e09af97d,b4c6c904a9ffc5e8,Ashley Yoder,"5' 7""",115 lbs.,"69""",Southpaw,"Oct 20, 1987",8,9,0,3.42,0.39,4.13,0.47,1.09,0.27,0.66,0.6
67533c6f7a2ac5f7e09af982,2299605af59fd309,Emmanuel Yarborough,"6' 8""",770 lbs.,,Open Stance,"Sep 05, 1960",1,2,0,0.0,0.0,0.0,0.0,0.0,0.0,0.0,0.0
67533c6f7a2ac5f7e09af98c,c41d426cc7326d1b,Yan Xiaonan,"5' 5""",115 lbs.,"63""",Orthodox,"Jun 16, 1989",19,4,0,4.99,0.45,3.44,0.6,0.92,0.73,0.63,0.0
67533c6f7a2ac5f7e09af987,aed06011bf62237b,Dongi Yang,"5' 10""",185 lbs.,"73""",Southpaw,"Dec 07, 1984",13,3,0,3.55,0.51,3.21,0.63,1.7,0.41,0.61,0.5
67533c6f7a2ac5f7e09af98a,5c9c2e247c836b67,Yan Qihui,"5' 3""",125 lbs.,"62""",Orthodox,"Oct 21, 1996",25,5,0,4.38,0.46,5.06,0.54,3.68,0.69,0.62,0.0
67533c6f7a2ac5f7e09af98b,d1d20e651e6cbc02,Takeshi Yamazaki,"5' 8""",139 lbs.,,Southpaw,,15,12,3,0.57,0.25,1.57,0.47,4.5,0.5,1.0,1.0
67533c6f7a2ac5f7e09af989,0232cabbc30a2372,Adrian Yanez,"5' 7""",135 lbs.,"70""",Orthodox,"Nov 29, 1993",17,5,0,6.51,0.41,5.75,0.57,0.0,0.0,1.0,0.0
67533c6f7a2ac5f7e09af988,0a95c474e61a6c44,Adam Yandiev,"5' 9""",185 lbs.,"74""",Orthodox,"Aug 07, 1988",9,1,0,0.18,0.08,6.14,0.36,0.0,0.0,0.25,0.0
67533c6f7a2ac5f7e09af986,d3c554d6e11fc9d6,Jianping Yang,"5' 7""",145 lbs.,,Orthodox,"Nov 27, 1988",11,4,1,1.4,0.26,2.07,0.65,1.0,0.25,0.33,0.0
67533c6f7a2ac5f7e09af985,d56caaa5e123f518,Masutatsu Yano,"5' 9""",198 lbs.,,Orthodox,"Jul 11, 1975",2,4,1,0.0,0.0,0.0,0.0,0.0,0.0,0.0,0.0
67533c6f7a2ac5f7e09af993,9f488f520ed25bbf,Kenichi Yamamoto,"6' 0""",170 lbs.,,Orthodox,"Jul 11, 1976",5,12,2,0.3,0.46,1.93,0.38,0.0,0.0,0.1,0.3
67533c6f7a2ac5f7e09af994,6014d25e73b669c9,Keiichiro Yamamiya,"5' 11""",185 lbs.,,Southpaw,"Jul 12, 1972",45,35,10,0.0,0.0,0.0,0.0,0.0,0.0,0.0,0.0
67533c6f7a2ac5f7e09af995,d06f8869449ba7bd,Alexander Yakovlev,"6' 3""",155 lbs.,"74""",Southpaw,"Jul 18, 1984",24,10,1,1.74,0.47,2.41,0.58,1.66,0.35,0.72,0.1
67533c6f7a2ac5f7e09af991,351264d11286d09a,Atsushi Yamamoto,"5' 6""",139 lbs.,,Orthodox,"Oct 02, 1980",19,11,3,1.97,0.39,1.27,0.7,1.12,0.33,1.0,0.0
67533c6f7a2ac5f7e09af990,4834ff149dc9542a,Norifumi Yamamoto,"5' 4""",135 lbs.,"66""",Southpaw,"Mar 15, 1977",18,6,0,2.09,0.45,2.01,0.57,0.41,0.22,0.45,0.0
67533c6f7a2ac5f7e09af992,eed2b71d77d95416,Yoshihisa Yamamoto,"6' 2""",220 lbs.,,Southpaw,"Jul 04, 1970",14,25,1,1.65,0.38,3.05,0.53,1.0,0.2,0.5,0.6
67533c6f7a2ac5f7e09af98f,283645128ae57eda,Hiroko Yamanaka,"5' 11""",135 lbs.,,,"Oct 24, 1978",13,3,0,2.1,0.26,3.54,0.63,0.0,0.0,1.0,0.0
67533c6f7a2ac5f7e09af98d,d661ce4da776fc20,Petr Yan,"5' 7""",135 lbs.,"67""",Switch,"Feb 11, 1993",18,5,0,5.11,0.54,4.13,0.58,1.61,0.49,0.84,0.1
67533c6f7a2ac5f7e09af98e,9e1a7101fefe9746,Goiti Yamauchi,"5' 10""",145 lbs.,,,"Jan 05, 1993",21,3,0,1.66,0.54,1.01,0.66,0.0,0.0,0.0,4.3
67533c6f7a2ac5f7e09af996,3753714927f18437,Mohammad Yahya,"5' 9""",155 lbs.,"73""",Switch,"May 23, 1994",12,5,0,2.38,0.42,4.96,0.38,0.76,1.0,0.42,0.8
67533c6f7a2ac5f7e09af997,85248da6e9e2f7e7,Jamie Yager,"6' 1""",185 lbs.,,Orthodox,"Nov 29, 1983",8,4,0,3.08,0.39,2.55,0.63,0.0,0.0,0.66,0.0
67533c6f7a2ac5f7e09af998,cc84b68f862b466f,Eddie Yagin,"5' 7""",145 lbs.,,Orthodox,"Mar 23, 1979",16,7,1,3.13,0.3,5.77,0.42,0.0,0.0,0.62,1.0
67533c6f7a2ac5f7e09af999,94527830000ab715,Rani Yahya,"5' 6""",135 lbs.,"67""",Orthodox,"Sep 12, 1984",28,12,1,1.71,0.38,2.08,0.5,2.73,0.3,0.29,1.8
67533c6f7a2ac5f7e09af9c8,85d905f7c4f5a1af,Murilo Bustamante,"6' 2""",183 lbs.,,Orthodox,"Jul 30, 1966",15,8,1,1.33,0.32,1.9,0.6,2.46,0.33,0.54,1.2
67533c6f7a2ac5f7e09af9ca,f0c779dc2ca3816c,George Bush,"6' 1""",205 lbs.,,,,5,2,0,6.35,0.64,2.31,0.55,17.31,0.66,0.0,0.0
67533c6f7a2ac5f7e09af9b5,7e69a4b0961aa555,Brad Blackburn,"5' 10""",170 lbs.,"73""",Orthodox,"May 25, 1977",18,13,1,4.55,0.35,3.59,0.65,0.93,0.5,0.76,0.7
67533c6f7a2ac5f7e09af99d,bc7230f231701d66,Mike Easton,"5' 6""",135 lbs.,"70""",Southpaw,"Jan 25, 1984",13,6,0,3.51,0.37,4.28,0.61,0.75,0.22,0.66,0.0
67533c6f7a2ac5f7e09af9b0,7cdd3e5d3aa9cb39,Yan Cabral,"5' 11""",155 lbs.,"73""",Orthodox,"May 13, 1983",13,3,0,2.02,0.47,1.98,0.62,2.89,0.35,0.37,1.2
67533c6f7a2ac5f7e09af9a2,eae4aec1a5a8ff01,Tom Egan,"5' 11""",170 lbs.,,Orthodox,,7,5,0,0.0,0.0,3.91,0.5,0.0,0.0,0.28,0.0
67533c6f7a2ac5f7e09af9b2,19c591115a58982c,Viacheslav Borshchev,"5' 11""",155 lbs.,"69""",Orthodox,"Jan 08, 1992",8,4,1,5.4,0.53,4.8,0.56,0.0,0.0,0.35,0.0
67533c6f7a2ac5f7e09af9a5,ef44e4ea9050f2ea,Te Edwards,"5' 8""",155 lbs.,"72""",Orthodox,"Sep 11, 1990",6,3,0,1.5,0.41,4.15,0.44,0.72,1.0,0.44,0.0
67533c6f7a2ac5f7e09af9d2,4c805f5f58a75df0,Mikey Burnett,"5' 6""",170 lbs.,,Orthodox,"Apr 12, 1974",5,2,0,0.0,0.0,0.0,0.0,0.0,0.0,0.0,0.0
67533c6f7a2ac5f7e09af9c2,3fed746acfd026dd,Todd Butler,"6' 1""",200 lbs.,,Southpaw,,1,4,0,0.0,0.0,0.0,0.0,0.0,0.0,0.0,0.0
67533c6f7a2ac5f7e09af9d8,9900ab86a4c458bd,Josh Bumgarner,"6' 1""",170 lbs.,,,,6,4,0,0.0,0.0,0.0,0.0,0.0,0.0,0.0,0.0
67533c6f7a2ac5f7e09af9b6,b2f743746e8dcfa2,Jason Black,"5' 8""",155 lbs.,,Orthodox,"Jul 15, 1972",23,4,1,1.06,0.47,2.6,0.45,0.48,0.33,0.28,6.2
67533c6f7a2ac5f7e09af9ad,8f0d576beba1cfcd,Matt Dwyer,"6' 4""",170 lbs.,"76""",Orthodox,"Dec 17, 1989",9,4,0,2.57,0.34,3.24,0.54,0.44,0.1,0.6,0.0
67533c6f7a2ac5f7e09af9d6,6da99156486ed6c2,Joshua Burkman,"5' 10""",170 lbs.,"72""",Orthodox,"Apr 10, 1980",28,16,0,2.69,0.43,3.13,0.51,2.53,0.36,0.72,0.3
67533c6f7a2ac5f7e09af9c5,51b1ca2a4b064101,Nick Bustamante,"5' 9""",170 lbs.,,,,5,3,0,0.0,0.0,0.0,0.0,0.0,0.0,0.0,0.0
67533c6f7a2ac5f7e09af9bf,f941505e35fb1eae,Raphael Butler,"6' 3""",261 lbs.,,,"Jan 04, 1984",9,2,1,4.69,0.45,0.94,0.91,0.0,0.0,1.0,14.1
67533c6f7a2ac5f7e09af9bd,a75a48bfe776b2c2,Jesse Butler,"5' 10""",135 lbs.,"73""",Orthodox,"May 24, 1992",12,6,0,2.02,0.34,4.62,0.39,0.0,0.0,0.0,0.0
67533c6f7a2ac5f7e09af9a6,e56daf7725a0b5ab,Justin Edwards,"5' 10""",155 lbs.,"70""",Orthodox,"Jan 26, 1983",9,5,0,2.68,0.42,3.32,0.51,2.14,0.26,0.27,1.0
67533c6f7a2ac5f7e09af9c7,8fc30d8cebb17116,Martin Buschkamp,"5' 9""",145 lbs.,,Orthodox,"Jan 06, 1991",9,0,0,0.0,0.0,0.0,0.0,0.0,0.0,0.0,0.0
67533c6f7a2ac5f7e09af9b3,b9f28e7045fdfce7,Raoni Barcelos,"5' 7""",135 lbs.,"67""",Orthodox,"May 01, 1987",18,5,0,5.22,0.51,4.79,0.61,1.86,0.32,0.85,0.6
67533c6f7a2ac5f7e09af9b1,43db649da89fac4b,Rilley Dutro,"5' 8""",125 lbs.,,Orthodox,"Sep 03, 1987",11,4,0,4.74,0.54,5.95,0.33,0.0,0.0,0.83,0.0
67533c6f7a2ac5f7e09af9c1,6b8fd98eb52363d1,Ian Butler,"5' 8""",155 lbs.,,,,3,3,0,2.09,0.14,6.69,0.36,0.0,0.0,0.5,0.0
67533c6f7a2ac5f7e09af9a0,5e6294b37bbef029,Stephanie Egger,"5' 6""",135 lbs.,"68""",Orthodox,"Aug 12, 1988",8,5,0,2.2,0.46,2.48,0.52,2.48,0.42,0.5,0.6
67533c6f7a2ac5f7e09af9d7,6e9af164ab91a229,Shawn Bunch,"5' 5""",135 lbs.,,,"Mar 19, 1983",7,3,0,0.0,0.0,1.55,0.55,0.0,0.0,0.5,0.0
67533c6f7a2ac5f7e09af9c3,30e39145fec48d25,Jason Butcher,"6' 3""",185 lbs.,,,"Oct 23, 1984",10,2,0,1.82,0.4,2.73,0.25,13.64,0.5,0.0,0.0
67533c6f7a2ac5f7e09af9ac,55ed59d541f8b90c,Rolando Dy,"5' 8""",145 lbs.,"69""",Orthodox,"Aug 11, 1990",9,7,1,3.04,0.37,4.47,0.52,0.3,0.2,0.68,0.0
67533c6f7a2ac5f7e09af9aa,528c24b99fbaab79,Johnny Eduardo,"5' 7""",135 lbs.,"71""",Orthodox,"Aug 03, 1978",28,13,0,2.95,0.39,3.22,0.63,0.22,0.2,0.58,0.4
67533c6f7a2ac5f7e09af9a7,f1fac969a1d70b08,Leon Edwards,"6' 2""",170 lbs.,"74""",Southpaw,"Aug 25, 1991",22,4,0,2.68,0.53,2.37,0.53,1.25,0.36,0.65,0.4
67533c6f7a2ac5f7e09af9a3,f9ab66e67240db7b,Joselyne Edwards,"5' 8""",135 lbs.,"70""",Orthodox,"Sep 29, 1995",14,6,0,4.48,0.52,3.19,0.49,1.23,0.39,0.61,0.6
67533c6f7a2ac5f7e09af9b8,cc8c623cca88f54f,Mayra Bueno Silva,"5' 6""",125 lbs.,"66""",Orthodox,"Aug 22, 1991",10,4,1,4.01,0.59,5.0,0.52,0.64,0.29,0.66,1.5
67533c6f7a2ac5f7e09af9b7,7e511f8d842a109d,Arjan Bhullar,"6' 1""",245 lbs.,"75""",Orthodox,"May 13, 1986",9,1,0,2.33,0.56,3.25,0.59,1.73,0.75,1.0,0.0
67533c6f7a2ac5f7e09af9c9,132505067f08c54d,Bubba Bush,"6' 0""",185 lbs.,,Orthodox,"Jul 24, 1985",8,3,0,0.63,0.55,7.01,0.25,2.82,0.5,0.6,0.0
67533c6f7a2ac5f7e09af9af,9ada30894bf04e19,David Dvorak,"5' 5""",125 lbs.,"68""",Orthodox,"Jun 05, 1992",20,6,0,3.48,0.43,3.29,0.59,0.58,0.3,0.7,0.2
67533c6f7a2ac5f7e09af9bc,0b362247806341e5,JP Buys,"5' 5""",135 lbs.,"67""",Orthodox,"Apr 30, 1996",9,6,0,1.88,0.39,3.02,0.4,1.55,0.25,0.25,2.3
67533c6f7a2ac5f7e09af9a9,5f04e3d58d9ce982,Yves Edwards,"5' 9""",155 lbs.,"73""",Southpaw,"Sep 30, 1976",42,22,1,2.91,0.42,2.34,0.66,0.76,0.53,0.69,0.7
67533c6f7a2ac5f7e09af9d3,69f01b25dfabaf6b,Mads Burnell,"5' 8""",145 lbs.,"69""",Orthodox,"Mar 06, 1994",9,3,0,1.28,0.41,2.71,0.51,3.45,0.47,0.22,0.4
67533c6f7a2ac5f7e09af9ba,43612456979e5d5e,Steve Byrnes,"6' 0""",170 lbs.,,Orthodox,,6,1,0,1.2,0.51,2.67,0.27,3.0,0.6,0.0,4.0
67533c6f7a2ac5f7e09af9bb,76ee3d666c648f6b,Charles Byrd,"5' 10""",185 lbs.,"73""",Orthodox,"Oct 11, 1983",10,7,0,3.43,0.55,2.63,0.55,2.5,0.5,0.4,1.5
67533c6f7a2ac5f7e09af9a1,05866d8c3a321856,Marvin Eastman,"5' 9""",185 lbs.,"73""",Orthodox,"Jun 08, 1971",18,15,1,2.21,0.35,3.92,0.42,1.38,0.33,0.81,0.0
67533c6f7a2ac5f7e09af9d0,23024fdfc966410a,Gilbert Burns,"5' 10""",170 lbs.,"71""",Orthodox,"Jul 20, 1986",22,8,0,3.17,0.48,3.57,0.52,2.1,0.37,0.53,0.5
67533c6f7a2ac5f7e09af9d4,53c10176e3bc7416,Felipe Bunes,"5' 7""",125 lbs.,"69""",Orthodox,"Oct 29, 1989",13,7,0,5.25,0.54,8.72,0.41,3.15,0.33,0.0,0.0
67533c6f7a2ac5f7e09af9be,c4d039123e62f6a9,Dennis Buzukja,"5' 9""",145 lbs.,"70""",Switch,"Oct 01, 1997",12,5,0,4.21,0.43,4.82,0.48,0.63,0.27,0.75,0.2
67533c6f7a2ac5f7e09af9a8,37e03538c960bac6,Abdul-Kerim Edilov,"6' 2""",205 lbs.,,Orthodox,"Nov 25, 1991",17,4,0,10.22,0.61,0.13,0.92,3.98,1.0,0.0,2.0
67533c6f7a2ac5f7e09af9cb,2c64c035485906aa,Nah-Shon Burrell,"5' 11""",170 lbs.,,Orthodox,"Feb 05, 1990",15,7,0,4.83,0.47,3.45,0.56,0.0,0.0,0.52,0.3
67533c6f7a2ac5f7e09af9c6,3033c1c080672475,Dakota Bush,"5' 10""",155 lbs.,"73""",Orthodox,"Jun 09, 1994",8,4,0,2.77,0.38,4.42,0.41,2.4,0.33,0.0,0.0
67533c6f7a2ac5f7e09af99e,5713c1d2fac539ac,Cody East,"6' 3""",245 lbs.,,Orthodox,"Jun 29, 1988",12,3,0,4.15,0.43,7.32,0.4,3.97,1.0,0.16,0.0
67533c6f7a2ac5f7e09af9c4,f273f1b8df04c8a1,Eduardo Bustillos,"5' 8""",135 lbs.,,,"Jun 02, 1987",5,3,0,2.61,0.59,6.22,0.35,0.0,0.0,1.0,0.0
67533c6f7a2ac5f7e09af9b9,87f0b37f153cf497,Michael Byrnes,"5' 11""",155 lbs.,,,"Jul 17, 1990",5,3,0,0.0,0.0,0.0,0.0,0.0,0.0,0.0,0.0
67533c6f7a2ac5f7e09af99c,e6dac752a2418a88,Rubens Xavier,"6' 3""",220 lbs.,,Orthodox,,5,3,0,0.77,0.42,1.82,0.21,2.1,0.4,0.25,1.1
67533c6f7a2ac5f7e09af9cf,a6d8bfe9e0c8153b,Kevin Burns,"5' 10""",170 lbs.,"74""",Orthodox,"Mar 03, 1980",12,7,0,2.74,0.38,4.3,0.52,0.28,0.5,0.47,0.8
67533c6f7a2ac5f7e09af99b,86bace9e4ad85542,Xiao Long,"5' 8""",135 lbs.,"70""",Orthodox,"Apr 13, 1998",27,9,0,5.4,0.5,4.27,0.5,0.84,0.25,0.77,0.0
67533c6f7a2ac5f7e09af9ae,7df4d3c38792b083,Bill Duvall,"6' 2""",185 lbs.,,Southpaw,,1,2,0,0.0,0.0,2.4,0.4,0.0,0.0,0.0,0.0
67533c6f7a2ac5f7e09af9cd,4f140403000158b5,Herbert Burns,"5' 9""",145 lbs.,"73""",Orthodox,"Feb 02, 1988",11,6,0,1.86,0.36,5.17,0.41,2.94,0.34,0.66,1.8
67533c6f7a2ac5f7e09af9cc,1e092415a7eeaf65,Josh Burns,"6' 1""",244 lbs.,,,"May 15, 1978",8,10,0,2.4,0.48,5.73,0.32,0.0,0.0,1.0,0.0
67533c6f7a2ac5f7e09af9ab,c03520b5c88ed6b4,Merab Dvalishvili,"5' 6""",135 lbs.,"68""",Orthodox,"Jan 10, 1991",18,4,0,4.35,0.42,2.31,0.56,6.09,0.36,0.8,0.3
67533c6f7a2ac5f7e09af9d1,dadd80ef954e54ed,Justin Burlinson,"6' 1""",170 lbs.,"74""",Switch,"May 19, 1997",6,1,0,1.24,0.4,3.09,0.61,0.0,0.0,1.0,9.3
67533c6f7a2ac5f7e09af99a,e415ea6f8d41c917,Xie Bin,"5' 9""",145 lbs.,"71""",Orthodox,"Feb 28, 1998",13,4,0,4.87,0.48,3.18,0.59,2.15,0.35,0.4,0.0
67533c6f7a2ac5f7e09af99f,ee457ef1e1c326c1,Ben Earwood,"5' 8""",170 lbs.,,Orthodox,,12,3,0,0.5,0.55,0.2,0.33,3.0,1.0,0.0,0.0
67533c6f7a2ac5f7e09af9b4,6f242453c91a5af0,Dennis Bermudez,"5' 6""",155 lbs.,"66""",Orthodox,"Dec 13, 1986",17,9,0,4.42,0.46,3.07,0.59,3.89,0.4,0.82,1.1
67533c6f7a2ac5f7e09af9d5,98d961097baaf308,Shane Burgos,"5' 11""",145 lbs.,"75""",Orthodox,"Mar 19, 1991",15,3,0,7.4,0.52,6.78,0.56,0.43,0.44,0.91,0.4
67533c6f7a2ac5f7e09af953,26d61e92a6069cd2,Chad Vance,"6' 0""",185 lbs.,,Orthodox,,7,5,0,0.0,0.0,0.0,0.0,0.0,0.0,0.0,0.0
67533c6f7a2ac5f7e09af9da,476fe566d2df676e,Modestas Bukauskas,"6' 3""",205 lbs.,"78""",Switch,"Feb 10, 1994",16,6,0,3.21,0.42,4.11,0.49,0.38,0.66,0.71,0.2
67533c6f7a2ac5f7e09af9db,a72d260b436924c4,Francisco Bueno,"5' 9""",225 lbs.,,Orthodox,,5,2,0,0.0,0.0,0.0,0.0,0.0,0.0,0.0,0.0
67533c6f7a2ac5f7e09af9dc,f0abbb6f3444dae7,Paul Buentello,"6' 2""",245 lbs.,"77""",Orthodox,"Jan 16, 1974",35,17,0,3.29,0.45,3.83,0.52,0.19,0.33,0.39,0.4
67533c6f7a2ac5f7e09af9de,b98209144b63ae26,Mike Budnik,"5' 9""",145 lbs.,"68""",Orthodox,"Aug 08, 1974",13,4,0,0.65,0.52,0.95,0.53,0.0,0.0,0.0,3.4
67533c6f7a2ac5f7e09af9df,dcdc4503b9d49977,Julia Budd,"5' 7""",145 lbs.,"67""",,"Jul 04, 1983",10,2,0,2.42,0.74,1.18,0.47,3.6,0.57,0.83,0.0
67533c6f7a2ac5f7e09af9e0,3feed7d02711d8b7,Courtney Buck,"5' 10""",135 lbs.,,Orthodox,"Mar 19, 1982",12,11,0,1.49,0.28,3.24,0.54,0.0,0.0,0.33,0.0
67533c6f7a2ac5f7e09af9dd,a817e238b2747404,Dylan Budka,"6' 0""",185 lbs.,"75""",Switch,"Jan 14, 2000",7,4,0,1.07,0.43,1.69,0.41,2.02,0.38,0.76,0.4
67533c6f7a2ac5f7e09af9e1,8eb046f83e82bf26,Martin Buday,"6' 4""",265 lbs.,"77""",Orthodox,"Nov 11, 1991",14,2,0,4.84,0.53,5.54,0.52,0.21,0.25,1.0,0.2
67533c6f7a2ac5f7e09af9e2,0c25d0a5e8cdbf19,Lukasz Brzeski,"6' 4""",236 lbs.,"78""",Orthodox,"May 17, 1992",9,5,1,4.9,0.5,3.51,0.54,0.46,0.5,0.36,0.5
67533c6f7a2ac5f7e09af9e3,b9437600497350f3,Joaquin Buckley,"5' 10""",170 lbs.,"76""",Southpaw,"Apr 27, 1994",20,6,0,4.13,0.36,3.2,0.57,1.96,0.46,0.69,0.0
67533c6f7a2ac5f7e09af9e9,2f3f12002564bb55,Steve Bruno,"5' 10""",170 lbs.,,Orthodox,"Nov 03, 1981",15,6,0,0.96,0.52,3.38,0.36,1.94,0.25,0.46,0.4
67533c6f7a2ac5f7e09af9e8,01f022fa494188e2,Josh Bryant,"5' 10""",185 lbs.,,Orthodox,"Apr 23, 1980",15,4,0,1.1,0.2,6.1,0.43,0.0,0.0,0.0,0.0
67533c6f7a2ac5f7e09af9e4,6bbb8dc6e128779e,Zak Bucia,"5' 10""",170 lbs.,,,,17,8,0,0.0,0.0,0.0,0.0,0.0,0.0,0.0,0.0
67533c6f7a2ac5f7e09af9ec,f14f644d41ade29f,Cody Brundage,"6' 0""",185 lbs.,"72""",Orthodox,"May 16, 1994",10,6,0,1.62,0.54,2.63,0.41,2.31,0.5,0.68,0.9
67533c6f7a2ac5f7e09af9f0,3236bf606fe9fa5b,Travis Browne,"6' 6""",255 lbs.,"79""",Orthodox,"Jul 17, 1982",18,7,1,2.93,0.41,4.31,0.42,1.21,0.68,0.75,0.2
67533c6f7a2ac5f7e09af9ea,b1a3e0aca758b322,Derek Brunson,"6' 1""",185 lbs.,"77""",Southpaw,"Jan 04, 1984",23,9,0,3.51,0.47,3.05,0.51,3.14,0.33,0.85,0.6
67533c6f7a2ac5f7e09af9e7,3b17353b8002c7d0,Dennis Bryant,"6' 0""",205 lbs.,,Orthodox,"Oct 18, 1985",5,2,0,10.56,0.59,10.56,0.13,0.0,0.0,0.0,0.0
67533c6f7a2ac5f7e09af9e5,f96856f9d69fd7e4,Robert Bryczek,"6' 0""",185 lbs.,"75""",Orthodox,"Jul 04, 1990",17,6,0,2.13,0.24,4.47,0.6,0.0,0.0,1.0,0.0
67533c6f7a2ac5f7e09af9ed,d1dcd4e96464a53d,Jules Bruchez,"6' 0""",205 lbs.,,Southpaw,"Aug 16, 1977",1,2,0,0.69,0.5,5.52,0.46,0.0,0.0,0.0,0.0
67533c6f7a2ac5f7e09af9f2,880c6b788266a3ef,Frederick Brown,"6' 0""",235 lbs.,,,,3,2,0,0.0,0.0,0.0,0.0,0.0,0.0,0.0,0.0
67533c6f7a2ac5f7e09af9ef,e9e7e1c8ff289e1b,Humberto Brown Morrison,"5' 10""",145 lbs.,,,"Nov 03, 1984",4,6,0,1.71,0.5,2.19,0.62,1.43,0.25,0.0,0.0
67533c6f7a2ac5f7e09af9f1,d74cba8566291bfa,Junie Browning,"5' 9""",155 lbs.,,Orthodox,"May 12, 1984",5,6,0,3.76,0.48,1.76,0.66,3.53,0.66,0.0,3.5
67533c6f7a2ac5f7e09af9e6,231926533134ec1f,Justin Buchholz,"6' 0""",155 lbs.,"73""",Orthodox,"Aug 22, 1983",15,10,0,2.35,0.26,4.14,0.51,0.0,0.0,0.33,0.8
67533c6f7a2ac5f7e09af9eb,b8c0f30ee9a98b69,Fernando Bruno,"5' 6""",145 lbs.,,,"Feb 24, 1982",15,4,0,1.75,0.39,1.78,0.48,2.02,0.22,0.56,0.5
67533c6f7a2ac5f7e09af9ee,5f8e00c27b7e7410,Justin Bruckmann,"5' 9""",170 lbs.,,Orthodox,,7,3,0,0.59,0.66,5.91,0.16,0.0,0.0,0.33,0.0
67533c6f7a2ac5f7e09af9f4,c6aee362c7a7d482,Randy Brown,"6' 3""",170 lbs.,"78""",Orthodox,"Jul 08, 1990",19,5,0,4.38,0.47,3.2,0.54,0.72,0.39,0.7,0.6
67533c6f7a2ac5f7e09af9f5,d024ed963e8bf7ea,Damien Brown,"5' 10""",155 lbs.,"68""",Orthodox,"Dec 25, 1984",17,12,0,3.66,0.38,4.86,0.5,0.68,0.27,0.53,0.7
67533c6f7a2ac5f7e09af9f3,d31cbcdd7d69536d,TJ Brown,"5' 9""",145 lbs.,"72""",Switch,"May 22, 1990",17,11,0,3.37,0.44,2.89,0.49,3.41,0.57,0.36,1.3
67533c6f7a2ac5f7e09af9f8,9b68bf67c5695185,Todd Brown,"5' 11""",205 lbs.,,Orthodox,"Dec 13, 1976",16,4,0,2.15,0.45,3.85,0.48,0.0,0.0,0.5,0.0
67533c6f7a2ac5f7e09afa01,df3c39573d01f55b,Mike Bronzoulis,"6' 0""",155 lbs.,,,"Jan 05, 1979",18,9,1,1.13,0.34,2.54,0.37,0.0,0.0,0.33,0.0
67533c6f7a2ac5f7e09af9fa,52b3ec072ad497a4,Dominic Brown,"5' 11""",190 lbs.,,,"Jun 04, 1982",16,23,0,0.0,0.0,0.0,0.0,0.0,0.0,0.0,0.0
67533c6f7a2ac5f7e09af9fe,0974d8d4053a7237,Lee Brousseau,"6' 1""",205 lbs.,,,"Oct 04, 1974",5,3,0,0.0,0.0,0.0,0.0,0.0,0.0,0.0,0.0
67533c6f7a2ac5f7e09af9f9,31123249b0bbf52e,Matt Brown,"6' 0""",170 lbs.,"75""",Orthodox,"Jan 10, 1981",26,19,0,3.76,0.55,2.92,0.55,1.68,0.46,0.63,1.3
67533c6f7a2ac5f7e09af9fb,e0b74df14f52cd15,Mike Brown,"5' 6""",145 lbs.,"70""",Orthodox,"Sep 08, 1975",26,9,0,2.98,0.44,2.45,0.6,3.23,0.4,0.66,0.6
67533c6f7a2ac5f7e09afa04,2833f50b20e96e52,Antwain Britt,"6' 1""",205 lbs.,"77""",,"May 09, 1978",11,6,0,1.46,0.39,2.81,0.44,1.56,0.4,0.5,0.0
67533c6f7a2ac5f7e09afa00,b6e6c3b1dcaae0a1,Will Brooks,"5' 10""",155 lbs.,"72""",Orthodox,"Oct 08, 1986",18,4,0,4.26,0.59,2.54,0.56,2.08,0.51,0.82,0.3
67533c6f7a2ac5f7e09af9ff,b0a6124751a56bc4,Jonathan Brookins,"6' 0""",145 lbs.,"74""",Southpaw,"Aug 13, 1985",16,10,0,2.69,0.39,3.63,0.56,1.94,0.17,0.8,0.3
67533c6f7a2ac5f7e09af9fc,a7d687e6ecb30981,Rob Broughton,"6' 2""",265 lbs.,"74""",Orthodox,"Mar 03, 1983",16,7,1,2.83,0.6,2.54,0.51,0.0,0.0,0.26,3.2
67533c6f7a2ac5f7e09afa06,791c8437b341fba5,Joanderson Brito,"5' 8""",145 lbs.,"72""",Orthodox,"Feb 11, 1995",17,4,1,3.02,0.5,2.7,0.44,3.08,0.68,0.72,0.9
67533c6f7a2ac5f7e09af9fd,81d9df19e255b8b6,Jarred Brooks,"5' 3""",125 lbs.,"62""",Switch,"May 02, 1993",13,2,0,2.12,0.46,1.66,0.62,4.54,0.57,0.69,0.6
67533c6f7a2ac5f7e09afa05,b07f14fc0e53f8bd,Kaik Brito,"5' 11""",170 lbs.,"72""",Orthodox,"Mar 26, 1997",16,5,0,2.8,0.38,3.87,0.55,0.0,0.0,0.55,2.0
67533c6f7a2ac5f7e09afa07,cf1a88371c8cb690,Aaron Brink,"6' 3""",205 lbs.,,Orthodox,"Nov 12, 1974",26,26,0,3.49,0.42,5.71,0.57,0.0,0.0,0.0,0.0
67533c6f7a2ac5f7e09afa08,01fcef7e3d051722,Henry Briones,"5' 8""",135 lbs.,"69""",Orthodox,"Oct 22, 1980",16,8,1,3.47,0.42,4.68,0.53,0.0,0.0,0.52,0.6
67533c6f7a2ac5f7e09afa0c,11547e29f253fb89,Marcos Brigagao,"6' 3""",205 lbs.,"76""",Southpaw,"Apr 01, 1996",11,1,0,3.07,0.43,3.27,0.25,0.0,0.0,0.36,0.0
67533c6f7a2ac5f7e09afa0f,98f6da59d765ec94,Charlie Brenneman,"5' 10""",155 lbs.,"70""",Orthodox,"Feb 09, 1981",19,8,0,1.52,0.56,1.55,0.46,4.23,0.42,0.72,0.0
67533c6f7a2ac5f7e09afa0a,81801f57bd0a7c41,Marcus Brimage,"5' 4""",135 lbs.,"71""",Southpaw,"Apr 06, 1985",7,7,0,3.97,0.35,3.64,0.56,0.56,1.0,0.8,0.0
67533c6f7a2ac5f7e09afa10,48a9a128784d53d1,Elves Brener,"5' 10""",155 lbs.,"72""",Orthodox,"Sep 27, 1997",16,5,0,3.99,0.47,5.3,0.48,1.23,0.23,0.76,0.0
67533c6f7a2ac5f7e09afa0b,497ba5b12a4bfc47,Jason Brilz,"5' 11""",205 lbs.,"71""",Orthodox,"Jul 07, 1975",22,6,1,2.66,0.4,1.78,0.65,2.37,0.25,0.25,1.3
67533c6f7a2ac5f7e09afa11,b19fc66613dc75b9,Chris Brennan,"5' 8""",170 lbs.,,Orthodox,"Oct 12, 1971",21,13,1,0.6,0.4,0.97,0.5,0.0,0.0,0.25,2.1
67533c6f7a2ac5f7e09afa09,3a97fda0de6f1fa4,Marcelo Brito,"6' 1""",170 lbs.,,Orthodox,"Nov 27, 1977",13,8,0,0.6,0.2,3.53,0.55,0.0,0.0,0.5,0.0
67533c6f7a2ac5f7e09afa0e,e319d6697d41f3cf,Robert Breslin,"5' 11""",155 lbs.,,,,3,9,0,2.21,0.46,3.5,0.66,1.38,1.0,0.5,0.0
67533c6f7a2ac5f7e09afa12,1588b787bda7b540,Tom Breese,"6' 3""",185 lbs.,"73""",Southpaw,"Sep 26, 1991",12,3,0,3.34,0.5,2.81,0.6,0.0,0.0,0.7,1.1
67533c6f7a2ac5f7e09afa18,d2c55d1d2e67773b,David Branch,"6' 1""",185 lbs.,"78""",Orthodox,"Sep 26, 1981",22,6,0,1.66,0.39,1.91,0.56,2.55,0.32,0.43,0.0
67533c6f7a2ac5f7e09afa17,c2e3e67b5911bfb7,Diego Brandao,"5' 7""",145 lbs.,"64""",Orthodox,"May 27, 1987",22,11,0,2.94,0.47,3.38,0.62,3.21,0.68,0.8,0.6
67533c6f7a2ac5f7e09afa15,9c44f290f5726d95,Martin Bravo,"5' 8""",145 lbs.,"71""",Southpaw,"Sep 21, 1993",11,3,0,7.66,0.39,5.72,0.51,2.6,0.35,0.85,0.0
67533c6f7a2ac5f7e09afa13,d80ee110748171ac,Mike Breeden,"5' 10""",155 lbs.,"70""",Orthodox,"Apr 21, 1989",11,6,0,5.75,0.45,7.28,0.42,0.98,0.3,0.67,0.0
67533c6f7a2ac5f7e09afa19,edae6db2b3453632,Billy Brand,"5' 6""",135 lbs.,"65""",Orthodox,"Jul 03, 1996",5,2,0,2.86,0.25,8.57,0.4,0.0,0.0,0.75,0.0
67533c6f7a2ac5f7e09afa1c,7138a15258dabf20,Bruna Brasil,"5' 6""",115 lbs.,"65""",Orthodox,"Sep 07, 1993",10,4,1,2.94,0.61,3.49,0.5,1.93,0.72,0.59,0.0
67533c6f7a2ac5f7e09afa20,45f7cb591c3ab00b,Sean Brady,"5' 10""",170 lbs.,"72""",Orthodox,"Nov 23, 1992",17,1,0,4.09,0.55,3.18,0.6,3.49,0.52,0.85,0.9
67533c6f7a2ac5f7e09afa2c,2efbc83a6b9b7f86,Tai Bowden,"5' 11""",230 lbs.,,,,1,1,0,0.0,0.0,0.0,0.0,0.0,0.0,0.0,0.0
67533c6f7a2ac5f7e09afa49,34b96d52db1d26e6,Kevin Borjas,"5' 5""",125 lbs.,"68""",Orthodox,"Dec 06, 1997",9,3,0,4.92,0.4,6.7,0.49,0.0,0.0,0.61,0.0
67533c6f7a2ac5f7e09afa46,3c85e04b08a05751,Calen Born,"5' 8""",170 lbs.,"72""",Switch,"May 24, 1988",7,1,0,0.0,0.0,0.0,0.0,0.0,0.0,0.0,0.0
67533c6f7a2ac5f7e09afa43,93ce4ac89e3d7652,Luke Cummo,"6' 0""",170 lbs.,"74""",Orthodox,"Apr 27, 1980",6,6,0,1.74,0.43,1.5,0.59,0.89,0.55,0.42,1.4
67533c6f7a2ac5f7e09afa34,e8fb8e53bc2e29d6,Marcus Bossett,"6' 1""",215 lbs.,,Orthodox,,1,3,0,0.0,0.0,0.0,0.0,0.0,0.0,0.0,0.0
67533c6f7a2ac5f7e09afa30,545d549d6bf87187,Francois Botha,"6' 2""",260 lbs.,,Orthodox,"Sep 28, 1968",0,1,0,0.0,0.0,1.05,0.77,0.0,0.0,0.0,0.0
67533c6f7a2ac5f7e09afa22,a95a0504fd73bd3e,Blake Bowman,"6' 2""",170 lbs.,,,,2,6,0,0.0,0.0,0.0,0.0,0.0,0.0,0.0,0.0
67533c6f7a2ac5f7e09afa1b,3c99bd6cb5d835ef,Adam Bramhald,"5' 10""",135 lbs.,"70""",Orthodox,"Mar 24, 1994",13,3,0,7.65,0.45,8.05,0.33,0.0,0.0,1.0,0.0
67533c6f7a2ac5f7e09afa1e,dc950d59dc590aca,Ebenezer Fontes Braga,"6' 0""",199 lbs.,,Orthodox,"Apr 14, 1969",13,7,2,2.42,0.5,0.42,0.71,0.0,0.0,0.9,0.6
67533c6f7a2ac5f7e09afa2a,611b9c068c9e2c44,Rich Bouphanouvong,"5' 7""",170 lbs.,,,,1,4,0,0.0,0.0,0.0,0.0,0.0,0.0,0.0,0.0
67533c6f7a2ac5f7e09afa25,4a191f4ea2fce7fc,Anvar Boynazarov,"5' 9""",145 lbs.,,Orthodox,"Jan 10, 1989",3,1,0,0.0,0.0,7.83,0.29,0.0,0.0,0.0,0.0
67533c6f7a2ac5f7e09afa39,b8ff02d5703eca3a,Will Currie,"6' 3""",185 lbs.,"76""",Switch,"Nov 12, 1998",12,4,0,2.73,0.47,5.67,0.44,2.0,0.13,0.5,0.0
67533c6f7a2ac5f7e09afa31,e023fa2e648ea0f1,Steve Bosse,"5' 11""",205 lbs.,"72""",Orthodox,"Jul 29, 1981",12,2,0,5.99,0.52,5.38,0.5,0.92,0.33,1.0,0.0
67533c6f7a2ac5f7e09afa57,d227958e8a0c1466,Kotetsu Boku,"5' 9""",154 lbs.,,Orthodox,"May 27, 1977",25,11,2,2.47,0.42,2.8,0.53,0.0,0.0,0.0,0.0
67533c6f7a2ac5f7e09afa50,01641ba5df0c69b0,Gabriel Bonfim,"6' 1""",170 lbs.,"72""",Orthodox,"Aug 20, 1997",16,1,0,5.78,0.42,4.38,0.62,2.92,0.75,0.73,1.9
67533c6f7a2ac5f7e09afa3b,05b43e0ead3df345,Kailin Curran,"5' 4""",115 lbs.,"65""",Orthodox,"Apr 11, 1991",4,5,0,3.89,0.43,4.75,0.53,2.0,0.57,0.61,0.6
67533c6f7a2ac5f7e09afa29,5488b3c67600333a,Kyron Bowen,"6' 3""",185 lbs.,"73""",Orthodox,"Dec 22, 1993",9,5,0,2.73,0.57,2.05,0.4,0.0,0.0,0.0,0.0
67533c6f7a2ac5f7e09afa58,d61316139d68dbe3,Roman Bogatov,"5' 8""",155 lbs.,"73""",Orthodox,"Dec 15, 1990",10,1,0,3.33,0.42,4.4,0.44,1.0,0.09,0.5,0.0
67533c6f7a2ac5f7e09afa38,d8291d0dd63da29c,Pat Curran,"5' 9""",145 lbs.,,,"Aug 31, 1987",22,7,0,4.7,0.58,4.4,0.63,2.5,0.62,0.66,0.0
67533c6f7a2ac5f7e09afa4c,07a2bdaa0afdd831,Rogerio Bontorin,"5' 5""",125 lbs.,"67""",Orthodox,"Apr 25, 1992",16,4,0,2.63,0.52,3.27,0.5,2.9,0.6,0.51,1.0
67533c6f7a2ac5f7e09afa52,2526be54e6a0e62a,Denys Bondar,"5' 6""",125 lbs.,"69""",Orthodox,"Jun 27, 1992",14,5,0,4.59,0.5,5.16,0.56,3.99,0.58,0.62,0.0
67533c6f7a2ac5f7e09afa4a,d311fbefff44a39b,Marcos Bonilla,"5' 10""",145 lbs.,,,,4,4,0,0.47,0.12,0.47,0.94,0.0,0.0,0.0,0.0
67533c6f7a2ac5f7e09afa4f,eb393afdbe3293d5,Ismael Bonfim,"5' 8""",155 lbs.,"71""",Orthodox,"Dec 28, 1995",20,4,0,5.8,0.54,3.16,0.7,1.07,0.33,0.76,0.0
67533c6f7a2ac5f7e09afa35,04c8b08b16a5b99e,Tanner Boser,"6' 2""",205 lbs.,"75""",Orthodox,"Aug 02, 1991",21,10,1,4.7,0.52,2.75,0.58,0.0,0.0,0.63,0.0
67533c6f7a2ac5f7e09afa55,96924b0019b3aff1,Gaston Bolanos,"5' 7""",135 lbs.,"69""",Orthodox,"Sep 14, 1992",8,4,0,3.74,0.5,2.57,0.52,0.78,1.0,0.42,0.0
67533c6f7a2ac5f7e09afa4d,c6a33ff198aaaeeb,Stephan Bonnar,"6' 4""",205 lbs.,"79""",Orthodox,"Apr 04, 1977",15,9,0,2.76,0.38,3.01,0.52,1.32,0.4,0.6,1.0
67533c6f7a2ac5f7e09afa41,46a17755f80f63e8,Hugo Cunha,"6' 3""",263 lbs.,"79""",Orthodox,"Feb 04, 1993",8,2,0,0.6,0.3,3.01,0.34,0.0,0.0,0.0,0.0
67533c6f7a2ac5f7e09afa3a,cd13728ae1151f46,Ion Cutelaba,"6' 1""",205 lbs.,"75""",Southpaw,"Dec 14, 1993",18,10,1,4.29,0.43,3.34,0.46,4.04,0.52,0.75,0.0
67533c6f7a2ac5f7e09afa3f,a8ea84cbe1655f0a,Jeff Curran,"5' 6""",135 lbs.,"69""",Orthodox,"Sep 02, 1977",36,18,1,1.54,0.31,2.48,0.6,0.35,0.12,0.35,1.2
67533c6f7a2ac5f7e09afa47,4126a78111c0855a,Caio Borralho,"6' 1""",185 lbs.,"75""",Southpaw,"Jan 16, 1993",17,1,0,3.61,0.6,2.34,0.62,1.56,0.6,0.76,0.5
67533c6f7a2ac5f7e09afa36,44a94bbde42246e4,Gleidson Cutis,"5' 9""",155 lbs.,,Orthodox,"Feb 07, 1989",7,4,0,2.99,0.52,8.28,0.59,0.0,0.0,0.0,0.0
67533c6f7a2ac5f7e09afa3e,d1053e55f00e53fe,AJ Cunningham,"5' 10""",145 lbs.,"71""",Orthodox,"Sep 07, 1994",11,4,0,7.66,0.29,11.9,0.48,0.0,0.0,0.33,0.0
67533c6f7a2ac5f7e09afa40,305bde44ff664788,Alton Cunningham,"6' 2""",205 lbs.,"77""",Orthodox,"Jun 24, 1993",4,2,0,3.33,0.75,4.94,0.2,1.67,0.1,1.0,0.0
67533c6f7a2ac5f7e09afa37,5442f1bc4b47eaf3,Chris Curtis,"5' 10""",185 lbs.,"75""",Orthodox,"Jul 15, 1987",31,11,0,5.76,0.51,6.16,0.52,0.0,0.0,0.82,0.0
67533c6f7a2ac5f7e09afa48,0313bf497de9c470,Igor Borisov,"6' 0""",235 lbs.,,Orthodox,,1,1,0,0.0,0.0,0.0,0.0,0.0,0.0,0.0,0.0
67533c6f7a2ac5f7e09afa4e,934de214814b8ff4,Jesse Bongfeldt,"6' 0""",185 lbs.,,Orthodox,"Aug 28, 1980",16,5,1,2.91,0.62,1.01,0.5,1.51,0.33,0.33,0.0
67533c6f7a2ac5f7e09afa28,dfdd0c5dd0d4bc23,Mike Bourke,"6' 0""",275 lbs.,,Orthodox,,10,16,1,0.0,0.0,0.0,0.0,0.0,0.0,0.0,0.0
67533c6f7a2ac5f7e09afa51,702a72aa7a266d86,Tony Bonello,"6' 2""",185 lbs.,,,,16,3,1,0.62,0.33,12.62,0.1,0.0,0.0,0.0,0.0
67533c6f7a2ac5f7e09afa26,b26d3e3746fb4024,Brian Bowles,"5' 7""",135 lbs.,"70""",Orthodox,"Jun 22, 1980",10,3,0,2.36,0.26,2.98,0.64,1.39,0.7,0.54,1.4
67533c6f7a2ac5f7e09afa27,3b9f723e2720a238,Roger Bowling,"5' 9""",155 lbs.,"68""",Orthodox,"Dec 05, 1982",12,6,0,3.9,0.47,3.86,0.51,3.09,0.43,0.27,0.9
67533c6f7a2ac5f7e09afa3c,46f11d15c0134fe3,Larry Cureton,"6' 2""",240 lbs.,,Orthodox,,0,2,0,0.0,0.0,0.0,0.0,0.0,0.0,0.0,0.0
67533c6f7a2ac5f7e09afa21,a6959da32f0e6b5d,Kyle Bradley,"5' 9""",155 lbs.,"71""",Orthodox,"Aug 19, 1982",19,12,0,1.99,0.4,3.45,0.58,0.65,0.5,0.4,0.0
67533c6f7a2ac5f7e09afa3d,b8b765e320a8db39,Santo Curatolo,"5' 3""",125 lbs.,"62""",Southpaw,"Jan 18, 1995",6,2,0,1.4,0.39,6.07,0.34,2.0,0.33,1.0,0.0
67533c6f7a2ac5f7e09afa54,8691881b31c16b88,Luc Bondole,"6' 2""",205 lbs.,,,,5,2,2,3.35,0.51,2.04,0.62,0.0,0.0,0.0,1.8
67533c6f7a2ac5f7e09afa2e,2aaf0181432adf0b,Roy Boughton,"6' 0""",205 lbs.,,,,14,8,0,0.0,0.0,0.0,0.0,0.0,0.0,0.0,0.0
67533c6f7a2ac5f7e09afa1d,3d074044a33825e7,Ramiz Brahimaj,"5' 10""",170 lbs.,"72""",Orthodox,"Nov 17, 1992",11,5,0,2.26,0.44,4.04,0.43,1.51,0.35,0.44,1.5
67533c6f7a2ac5f7e09afa2d,81ca2c245b19b3c5,Melton Bowen,"6' 0""",225 lbs.,,Orthodox,"Jul 16, 1969",0,1,0,0.0,0.0,0.0,0.0,0.0,0.0,0.0,0.0
67533c6f7a2ac5f7e09afa4b,a4de54ea806fb525,Ray Borg,"5' 4""",135 lbs.,"63""",Orthodox,"Aug 04, 1993",13,5,0,1.52,0.52,1.93,0.48,3.89,0.5,0.46,1.0
67533c6f7a2ac5f7e09afa1f,c7011de4765d2497,Paul Bradley,"5' 9""",170 lbs.,,Orthodox,"Jun 13, 1983",23,8,0,2.26,0.32,4.13,0.56,1.12,0.16,1.0,0.0
67533c6f7a2ac5f7e09afa44,b8fdb2903a2582a8,Zachary Borrego,"6' 2""",185 lbs.,"78""",Switch,"Jul 18, 1996",3,1,0,0.0,0.0,1.94,0.33,0.0,0.0,0.0,0.0
67533c6f7a2ac5f7e09afa56,70a1c7626b5e0599,Derek Bohi,"6' 4""",260 lbs.,,,,8,5,0,0.0,0.0,0.0,0.0,0.0,0.0,0.0,0.0
67533c6f7a2ac5f7e09afa32,5c126c6aac3ef364,Poliana Botelho,"5' 8""",125 lbs.,"67""",Orthodox,"Dec 15, 1988",8,5,0,2.9,0.58,2.8,0.54,0.85,0.57,0.76,0.0
67533c6f7a2ac5f7e09afa23,1433786ac76cf777,Colley  Bradford,"5' 7""",145 lbs.,,,,0,1,0,0.43,0.25,1.73,0.5,19.42,0.5,1.0,0.0
67533c6f7a2ac5f7e09afa59,93892752c5fc23ca,Jerry Bohlander,"5' 11""",199 lbs.,,Orthodox,"Feb 12, 1974",11,4,0,0.0,0.0,0.0,0.0,0.0,0.0,0.0,0.0
67533c6f7a2ac5f7e09afa53,9d455d5cfe6a0e35,Kyle Bolt,"6' 2""",185 lbs.,,,,8,4,0,7.27,0.52,7.27,0.45,0.0,0.0,0.0,0.0
67533c6f7a2ac5f7e09afa1a,013da757877044a2,Joe Brammer,"5' 8""",155 lbs.,,Orthodox,"Aug 23, 1983",7,3,1,2.15,0.31,2.8,0.56,0.81,0.5,0.5,0.0
67533c6f7a2ac5f7e09afa24,8a0a35e7c74bebcc,Ashe Bowman,"5' 9""",155 lbs.,,,"Nov 17, 1976",9,11,0,2.43,0.42,4.86,0.57,0.0,0.0,0.0,0.0
67533c6f7a2ac5f7e09afa2f,59851163aaf1aed8,Gregory Bouchelaghem,"6' 2""",183 lbs.,,Switch,,5,4,0,0.27,0.21,1.53,0.36,0.0,0.0,0.5,0.0
67533c6f7a2ac5f7e09afa45,e51e5cb722bd47a8,Patrick Cummins,"6' 2""",205 lbs.,"76""",Orthodox,"Nov 16, 1980",10,7,0,4.26,0.5,3.35,0.55,4.49,0.41,0.28,0.1
67533c6f7a2ac5f7e09afa5a,297a2b35444c245b,Mandy Bohm,"5' 7""",125 lbs.,"71""",Orthodox,"Jul 30, 1989",8,2,0,2.51,0.45,3.24,0.6,0.72,0.18,0.75,0.7
67533c6f7a2ac5f7e09af969,94426bb170c88115,Sodiq Yusuff,"5' 9""",145 lbs.,"71""",Orthodox,"May 19, 1993",13,4,0,5.66,0.49,4.51,0.53,0.28,0.2,0.62,0.4
67533c6f7a2ac5f7e09afa5c,8a56ea383fd26e52,Galore Bofando,"5' 11""",170 lbs.,"72""",Switch,"May 22, 1982",5,3,0,3.63,0.45,3.63,0.54,2.37,1.0,0.5,0.0
67533c6f7a2ac5f7e09afa5e,4ba8d454f762005d,Zak Cummings,"6' 0""",205 lbs.,"75""",Southpaw,"Aug 02, 1984",25,7,0,2.96,0.35,2.91,0.55,0.62,0.28,0.66,0.6
67533c6f7a2ac5f7e09afa5d,2f8f3c69522db931,Abel Cullum,"5' 7""",139 lbs.,,Orthodox,"Apr 21, 1987",20,6,0,1.82,0.4,1.23,0.46,4.01,0.52,0.0,2.8
67533c6f7a2ac5f7e09afa62,6751eacd16bd59bc,Josh Culibao,"5' 10""",145 lbs.,"73""",Orthodox,"May 24, 1994",11,4,1,3.41,0.44,3.04,0.59,0.0,0.0,0.65,0.3
67533c6f7a2ac5f7e09afa61,683ea28a198936fe,Jay Cucciniello,"5' 7""",155 lbs.,,Orthodox,"Jul 23, 1986",8,1,0,0.93,0.21,4.73,0.36,0.0,0.0,0.71,0.0
67533c6f7a2ac5f7e09afa63,0e46690e55a8df75,Timmy Cuamba,"5' 9""",145 lbs.,"71""",Orthodox,"Feb 08, 1999",8,3,0,3.0,0.4,4.38,0.6,1.0,0.27,0.71,0.0
67533c6f7a2ac5f7e09afa64,003d82fa384ca1d0,Aalon Cruz,"6' 0""",145 lbs.,"78""",Switch,"Sep 20, 1989",8,4,0,7.58,0.39,8.88,0.58,0.0,0.0,0.0,0.0
67533c6f7a2ac5f7e09afa65,22ee260735da0d58,Richard Crunkilton,"5' 7""",155 lbs.,,Orthodox,"Nov 25, 1979",19,4,0,1.72,0.41,1.45,0.58,4.08,0.61,0.65,1.3
67533c6f7a2ac5f7e09afa67,6aa1cbc1466e9a0b,Marcio Cruz,"6' 4""",232 lbs.,,Orthodox,"Apr 24, 1978",8,3,0,2.92,0.46,1.51,0.68,0.53,0.07,0.37,1.6
67533c6f7a2ac5f7e09afa68,70e1f8a821b72c8b,Jimmy Crute,"6' 2""",205 lbs.,"74""",Orthodox,"Mar 04, 1996",12,4,1,3.68,0.54,3.04,0.44,4.84,0.57,0.6,2.0
67533c6f7a2ac5f7e09afa66,5f99b2bafb10305f,Daron Cruickshank,"5' 8""",155 lbs.,"72""",Switch,"Jun 11, 1985",18,10,0,2.88,0.38,2.98,0.57,2.04,0.41,0.6,0.2
67533c6f7a2ac5f7e09afa6a,10f3ba6cd2f44a97,Dominick Cruz,"5' 8""",135 lbs.,"68""",Orthodox,"Mar 09, 1985",24,4,0,3.91,0.33,2.61,0.7,2.82,0.42,0.83,0.1
67533c6f7a2ac5f7e09afa6e,4729c93ba705a3bf,Kiefer Crosbie,"5' 11""",170 lbs.,"70""",Switch,"Apr 05, 1990",10,5,0,6.27,0.64,4.97,0.54,0.0,0.0,0.0,0.0
67533c6f7a2ac5f7e09afa6b,a9d6e047ce48ab63,Allen Crowder,"6' 3""",245 lbs.,"76""",Orthodox,"Nov 08, 1989",10,4,0,2.95,0.51,2.95,0.56,1.85,0.33,1.0,1.2
67533c6f7a2ac5f7e09afa6f,35b3772629e27a49,Kevin Croom,"5' 11""",135 lbs.,"73""",Orthodox,"Jul 15, 1987",21,15,0,2.65,0.34,3.1,0.41,0.48,0.05,0.3,0.5
67533c6f7a2ac5f7e09afa6c,923767209632e08a,Ken Cross,"6' 0""",155 lbs.,"72""",Southpaw,"Oct 04, 1994",11,3,0,2.2,0.57,1.4,0.55,1.0,0.12,0.66,0.0
67533c6f7a2ac5f7e09afa72,ed73c85164a5f5a4,Paul Creighton,"5' 6""",155 lbs.,,Southpaw,"Jun 04, 1970",3,1,0,0.72,0.75,4.65,0.3,5.37,0.37,0.0,0.0
67533c6f7a2ac5f7e09afa75,984d15d5dc7bfcf9,James Bochnovic,"6' 4""",205 lbs.,"81""",Orthodox,"Feb 13, 1989",8,3,0,0.65,0.26,3.64,0.21,0.0,0.0,0.0,0.0
67533c6f7a2ac5f7e09afa74,c80095f6092271a7,Tim Boetsch,"6' 0""",185 lbs.,"74""",Orthodox,"Jan 28, 1981",21,13,0,2.93,0.5,2.9,0.57,1.45,0.34,0.59,0.8
67533c6f7a2ac5f7e09afa7b,35d6337320a4ae48,Arlene Blencowe,"5' 5""",145 lbs.,,,"Apr 11, 1983",9,6,0,2.31,0.43,2.1,0.43,0.0,0.0,0.55,0.6
67533c6f7a2ac5f7e09afa7a,c5af5750e8bae4f0,Kyle Bochniak,"5' 7""",145 lbs.,"70""",Orthodox,"Feb 05, 1987",8,5,0,2.63,0.31,5.11,0.58,1.14,0.15,0.62,0.0
67533c6f7a2ac5f7e09afa79,046a85108610c0d2,Dashawn Boatwright,"6' 0""",205 lbs.,,Orthodox,"Feb 29, 1988",3,1,0,0.0,0.0,52.5,0.12,0.0,0.0,0.0,0.0
67533c6f7a2ac5f7e09afa78,ecdf14f4f8643d39,Byron Bloodworth,"5' 8""",135 lbs.,,Orthodox,"Aug 16, 1983",6,3,0,1.82,0.28,5.18,0.5,0.0,0.0,0.0,0.0
67533c6f7a2ac5f7e09afa7c,59c438c81fbf3ece,Tereza Bleda,"5' 9""",125 lbs.,"71""",Orthodox,"Nov 30, 2001",7,1,0,3.02,0.53,1.86,0.46,1.81,0.27,0.83,0.7
67533c6f7a2ac5f7e09afa76,f348d05403fad037,Dan Bobish,"6' 2""",345 lbs.,,Southpaw,"Jan 26, 1970",17,9,0,2.06,0.44,1.74,0.34,2.44,0.42,0.0,1.6
67533c6f7a2ac5f7e09afa7d,ebf298f8ac7e232b,David Blanco,"5' 7""",145 lbs.,,,,2,0,0,0.0,0.0,0.0,0.0,0.0,0.0,0.0,0.0
67533c6f7a2ac5f7e09afa77,cf9d24e4bd0cf2ce,Mark Bocek,"5' 8""",155 lbs.,"75""",Orthodox,"Oct 24, 1981",12,5,0,2.34,0.43,2.32,0.6,3.65,0.36,0.31,1.3
67533c6f7a2ac5f7e09afa85,25433871e4eee0f4,Alberto Crane,"5' 5""",155 lbs.,,Orthodox,"Jul 14, 1976",15,5,0,0.43,0.25,2.61,0.57,0.0,0.0,0.5,4.0
67533c6f7a2ac5f7e09afa87,480b702debcb5433,Dan Cramer,"6' 2""",170 lbs.,,Orthodox,"Oct 31, 1985",11,4,0,0.97,0.3,2.1,0.31,0.0,0.0,0.66,0.5
67533c6f7a2ac5f7e09afa89,8a70ceb3edbe757b,Andrew Craig,"6' 1""",170 lbs.,"76""",Orthodox,"Jan 15, 1986",9,4,0,2.39,0.4,3.01,0.5,0.53,0.37,0.72,0.0
67533c6f7a2ac5f7e09afa8a,15ec018d144710db,Nathan Coy,"5' 10""",170 lbs.,"69""",Southpaw,"Jul 24, 1978",15,7,0,3.88,0.52,2.4,0.61,3.17,0.47,0.5,0.0
67533c6f7a2ac5f7e09afa7e,4a1329cc8eb0928a,Maximo Blanco,"5' 8""",145 lbs.,"71""",Orthodox,"Oct 16, 1983",12,8,1,4.11,0.44,3.19,0.66,1.85,0.36,0.63,0.3
67533c6f7a2ac5f7e09afa83,669970f7feba8ecd,Erin Blanchfield,"5' 4""",125 lbs.,"66""",Orthodox,"May 04, 1999",13,2,0,5.24,0.44,4.21,0.59,1.86,0.31,0.8,0.8
67533c6f7a2ac5f7e09afa80,0f4a536507f33576,Chasen Blair,"5' 10""",155 lbs.,"71""",Orthodox,"Oct 14, 1998",6,3,0,5.27,0.39,5.27,0.59,0.0,0.0,1.0,0.0
67533c6f7a2ac5f7e09afa82,0e5c79b3594ff0ad,Sherrard Blackledge,"5' 11""",155 lbs.,"75""",Orthodox,"Aug 16, 1993",5,1,0,3.7,0.49,3.13,0.55,4.0,0.33,0.42,0.0
67533c6f7a2ac5f7e09afa81,da22387a0407a2dc,Da'Mon Blackshear,"5' 10""",135 lbs.,"72""",Switch,"Aug 12, 1994",15,7,1,4.3,0.47,4.06,0.49,2.17,0.37,0.68,1.4
67533c6f7a2ac5f7e09afa7f,fa6796c55d6c5440,Curtis Blaydes,"6' 4""",265 lbs.,"80""",Orthodox,"Feb 18, 1991",18,5,0,3.54,0.5,1.91,0.58,5.69,0.53,0.31,0.0
67533c6f7a2ac5f7e09afa8c,3c26c420584d912d,Hailey Cowan,"5' 8""",135 lbs.,"67""",Southpaw,"Feb 12, 1992",7,3,0,2.97,0.42,3.17,0.34,1.5,0.33,0.8,0.0
67533c6f7a2ac5f7e09afa8b,eabf206b162b3b83,Paul Craig,"6' 3""",185 lbs.,"76""",Orthodox,"Nov 27, 1987",17,9,1,2.52,0.44,3.03,0.43,1.52,0.2,0.37,1.4
67533c6f7a2ac5f7e09afa92,0aa92558424ced9e,Randy Couture,"6' 1""",205 lbs.,"75""",Orthodox,"Jun 22, 1963",19,11,0,2.85,0.57,1.53,0.59,2.78,0.46,0.58,0.5
67533c6f7a2ac5f7e09afa97,7a359ef685a304a7,Amaury Bitetti,"5' 9""",185 lbs.,,Orthodox,,5,2,0,0.0,0.0,0.0,0.0,0.0,0.0,0.0,0.0
67533c6f7a2ac5f7e09afa8d,400c7b43c86d27d3,Nikk Covert,"5' 8""",185 lbs.,,,"Aug 04, 1969",3,4,0,0.0,0.0,0.0,0.0,0.0,0.0,0.0,0.0
67533c6f7a2ac5f7e09afa8e,c9bbf1a0285a8076,Jeff Cox,"5' 10""",155 lbs.,,Orthodox,"Aug 02, 1968",10,7,0,0.56,0.25,1.69,0.33,4.23,0.5,0.8,0.0
67533c6f7a2ac5f7e09afa94,d1528ac5675558b1,Rashad Coulter,"5' 11""",205 lbs.,"76""",Orthodox,"Nov 27, 1981",9,4,0,4.82,0.56,6.68,0.5,0.0,0.0,0.62,0.0
67533c6f7a2ac5f7e09afa91,dc9572dd6ec74859,Colby Covington,"5' 11""",170 lbs.,"72""",Orthodox,"Feb 22, 1988",17,4,0,3.88,0.38,2.98,0.55,3.79,0.44,0.67,0.2
67533c6f7a2ac5f7e09afa93,79ab17db3b40831a,Dave Courchaine,"5' 8""",170 lbs.,,,,20,7,0,0.0,0.0,0.0,0.0,0.0,0.0,0.0,0.0
67533c6f7a2ac5f7e09afa90,46fd223e3ced39b3,Ryan Couture,"5' 10""",155 lbs.,"73""",Orthodox,"Aug 27, 1982",11,5,0,3.54,0.45,2.87,0.54,1.55,0.29,0.46,1.3
67533c6f7a2ac5f7e09afa8f,84c43f0d25f15b0b,Kim Couture,"5' 8""",135 lbs.,,Orthodox,"Dec 18, 1975",3,8,0,12.12,0.8,2.31,0.69,0.0,0.0,0.0,0.0
67533c6f7a2ac5f7e09afa95,8112c9a23dccc759,JR Coughran,"5' 6""",145 lbs.,,Orthodox,"May 17, 1994",4,1,0,12.29,0.57,6.8,0.45,0.0,0.0,0.75,0.0
67533c6f7a2ac5f7e09afa99,dd6ec6f941c3a414,Davi Bittencourt,"5' 5""",135 lbs.,"65""",Orthodox,"Oct 12, 1994",14,4,0,4.15,0.66,1.51,0.46,14.15,0.33,0.0,0.0
67533c6f7a2ac5f7e09afa9a,99df7d0a2a08a8a8,Jan Blachowicz,"6' 2""",205 lbs.,"78""",Orthodox,"Feb 24, 1983",29,10,1,3.41,0.5,2.91,0.53,1.09,0.5,0.68,0.3
67533c6f7a2ac5f7e09afa98,a653cb5eb4b39339,Caio Bittencourt,"6' 0""",185 lbs.,"75""",Orthodox,"May 22, 1991",14,7,0,0.29,0.16,0.57,0.33,0.0,0.0,0.0,0.0
67533c6f7a2ac5f7e09afa88,89b8d1bf1ff09d1d,Tim Credeur,"6' 3""",185 lbs.,"75""",Orthodox,"Jul 09, 1977",12,4,0,3.59,0.3,3.13,0.57,0.41,1.0,0.5,3.3
67533c6f7a2ac5f7e09afa9b,7b4ae3fd439a05b6,Angad Bisht,"5' 7""",125 lbs.,"67""",Orthodox,"Jun 05, 1995",10,3,0,3.91,0.51,4.56,0.33,2.41,0.37,1.0,0.0
67533c6f7a2ac5f7e09afadc,a30f6d375dea5f9b,Joe Benoit,"5' 9""",170 lbs.,,Orthodox,"Mar 12, 1982",11,4,0,0.0,0.0,0.0,1.0,0.0,0.0,0.0,0.0
67533c6f7a2ac5f7e09afad8,aa8189053b3a8994,Kenneth Bergh,"6' 2""",205 lbs.,"74""",Orthodox,"Jun 26, 1989",8,0,0,4.56,0.75,1.27,0.28,0.0,0.0,0.0,0.0
67533c6f7a2ac5f7e09afaa0,b3b6e80b7d5f8f0d,Jeremiah Billington,"5' 9""",205 lbs.,,Orthodox,"Nov 14, 1977",11,2,0,1.6,0.62,7.06,0.35,0.0,0.0,0.5,0.0
67533c6f7a2ac5f7e09afac3,2dc1bc1a02961656,Manny Bermudez,"5' 10""",145 lbs.,"71""",Orthodox,"Jul 16, 1994",14,2,0,2.92,0.61,2.68,0.46,3.06,0.54,0.0,3.1
67533c6f7a2ac5f7e09afabf,0b935b9bbbe5fc07,Keith Berry,"6' 1""",185 lbs.,,,"Oct 25, 1987",15,14,1,0.27,0.12,6.27,0.28,0.0,0.0,0.0,0.0
67533c6f7a2ac5f7e09afabd,aebfb84d1f6d2d8c,Allen Berube,"5' 8""",155 lbs.,,Orthodox,"Aug 25, 1974",4,3,0,0.92,0.8,0.92,0.33,6.87,1.0,0.0,3.4
67533c6f7a2ac5f7e09afaa1,ebbf571f349e79d9,Jonas Bilharinho,"5' 11""",145 lbs.,"75""",Switch,"May 22, 1990",9,1,1,3.71,0.6,3.36,0.57,0.0,0.0,1.0,0.0
67533c6f7a2ac5f7e09afa9d,2b93ebd9f5417ad2,Michael Bisping,"6' 1""",185 lbs.,"75""",Orthodox,"Feb 28, 1979",30,9,0,4.33,0.38,2.71,0.65,1.05,0.43,0.63,0.3
67533c6f7a2ac5f7e09afac1,5b2325cd70dbe2ea,Talita Bernardo,"5' 4""",135 lbs.,"68""",Orthodox,"Mar 04, 1987",6,4,0,3.12,0.42,4.04,0.55,1.62,0.22,0.28,0.5
67533c6f7a2ac5f7e09afada,592d23aed850e652,Len Bentley,"5' 9""",155 lbs.,,,"Nov 30, 1982",10,6,0,0.0,0.0,0.0,0.0,0.0,0.0,0.0,0.0
67533c6f7a2ac5f7e09afac6,f2b3f4ef3f780168,Nora Cornolle,"5' 7""",135 lbs.,"67""",Orthodox,"Dec 06, 1989",8,2,0,3.41,0.53,2.18,0.62,0.39,0.11,0.5,0.0
67533c6f7a2ac5f7e09afad4,e6daf9cdbf0da889,Chad Cook,"6' 2""",205 lbs.,,,"Nov 07, 1979",10,12,0,0.0,0.0,0.0,0.0,0.0,0.0,0.0,0.0
67533c6f7a2ac5f7e09afab9,0b8d512c79b4baf3,Matt Bessette,"5' 10""",145 lbs.,"70""",Orthodox,"Dec 28, 1984",22,9,0,4.36,0.41,4.45,0.58,0.64,0.28,0.61,0.3
67533c6f7a2ac5f7e09afab6,68d4a891e5cf2029,Tracy Cortez,"5' 5""",125 lbs.,"65""",Orthodox,"Dec 10, 1993",11,2,0,3.72,0.47,3.02,0.57,2.09,0.45,0.62,0.3
67533c6f7a2ac5f7e09afac8,2b91eff985b532cd,Michael Cora,"6' 1""",170 lbs.,"77""",Southpaw,"Aug 24, 1989",4,1,0,0.8,0.28,0.13,0.66,0.0,0.0,0.25,0.0
67533c6f7a2ac5f7e09aface,1b51895e5572cfda,Bobby Cooper,"6' 1""",155 lbs.,,,,12,7,0,2.87,0.25,3.4,0.59,0.0,0.0,0.4,1.0
67533c6f7a2ac5f7e09afad0,d4a31850a7457f1b,Amanda Cooper,"5' 3""",115 lbs.,"64""",Switch,"Oct 22, 1991",3,5,0,3.55,0.44,3.2,0.51,1.53,0.38,0.28,1.8
67533c6f7a2ac5f7e09afaa2,5095b0920a3602aa,Blake Bilder,"5' 8""",145 lbs.,"68""",Switch,"Jul 12, 1990",8,2,1,3.81,0.48,4.15,0.53,0.31,0.07,0.71,0.6
67533c6f7a2ac5f7e09afab5,fc08099550072fe4,Waldo Cortes-Acosta,"6' 4""",260 lbs.,"78""",Orthodox,"Oct 03, 1991",12,1,0,5.64,0.48,3.6,0.52,0.55,0.6,0.6,0.2
67533c6f7a2ac5f7e09afaa3,1efa064872f089d0,David Bielkheden,"5' 10""",155 lbs.,"71""",Orthodox,"Jun 06, 1979",24,12,0,1.11,0.57,1.64,0.54,2.65,0.63,0.14,0.0
67533c6f7a2ac5f7e09afad6,e3779ef06e98f185,Keith Berish,"6' 0""",205 lbs.,,Orthodox,"Nov 14, 1985",5,1,0,3.58,0.36,4.81,0.62,1.76,0.4,0.0,0.0
67533c6f7a2ac5f7e09afaba,673ea7dcc786b1b3,Bethe Correia,"5' 5""",135 lbs.,"64""",Orthodox,"Jun 22, 1983",11,6,1,4.37,0.43,4.93,0.56,0.39,0.18,0.85,0.0
67533c6f7a2ac5f7e09afaca,3f52ce18fb98008f,Akira Corassani,"5' 8""",145 lbs.,"68""",Orthodox,"Aug 27, 1982",12,6,0,3.25,0.45,4.91,0.5,0.7,0.28,0.86,0.0
67533c6f7a2ac5f7e09afacd,8c8c92a12621d7e0,Chris Cope,"6' 0""",170 lbs.,"72""",Orthodox,"Mar 05, 1983",8,4,0,3.96,0.26,4.82,0.5,0.0,0.0,0.8,0.0
67533c6f7a2ac5f7e09afab8,e05f4ce199baca91,Khadzhi Bestaev,"6' 6""",185 lbs.,"76""",,"Jul 16, 1988",10,4,0,6.15,0.29,10.0,0.43,0.0,0.0,0.0,0.0
67533c6f7a2ac5f7e09afaa4,3ec1e4ba98c9c85a,JC Cottrell,"5' 9""",155 lbs.,,Orthodox,"Nov 04, 1989",17,5,0,0.79,0.25,2.75,0.45,0.79,1.0,0.5,0.0
67533c6f7a2ac5f7e09afaaa,f584a6e0b5b74604,Oscar Cota,"6' 0""",230 lbs.,"72""",Orthodox,"Oct 15, 1984",11,3,0,0.33,0.41,2.47,0.41,0.0,0.0,0.6,1.0
67533c6f7a2ac5f7e09afab2,2c010b26a3306969,Orion Cosce,"5' 11""",170 lbs.,"71""",Switch,"Jul 15, 1994",8,2,0,2.77,0.53,4.02,0.44,1.92,0.4,0.61,0.0
67533c6f7a2ac5f7e09afa9c,c5a126ace82a6025,Anthony Birchak,"5' 8""",135 lbs.,"69""",Orthodox,"May 16, 1986",16,8,0,3.93,0.36,3.67,0.56,0.48,0.14,0.61,0.5
67533c6f7a2ac5f7e09afad1,88ffe9745e218dd8,Brett Cooper,"6' 0""",170 lbs.,,Orthodox,"Jul 02, 1987",23,12,0,0.0,0.0,0.0,0.0,0.0,0.0,0.0,0.0
67533c6f7a2ac5f7e09afaad,222d6b547de2e035,Jadson Costa,"5' 7""",155 lbs.,,Orthodox,,22,8,0,0.2,0.5,3.05,0.5,0.0,0.0,0.0,0.0
67533c6f7a2ac5f7e09afabb,3f24c96753dbd9f9,Scott Bessac,"6' 4""",245 lbs.,,,,4,6,0,0.0,0.0,0.0,0.0,0.0,0.0,0.0,0.0
67533c6f7a2ac5f7e09afad9,a25f3dc0df974597,Pat Benson,"5' 9""",155 lbs.,,,,3,5,3,0.0,0.0,0.0,0.0,0.0,0.0,0.0,0.0
67533c6f7a2ac5f7e09afac7,1f9344211ca7fd60,Muhsin Corbbrey,"5' 10""",155 lbs.,,Orthodox,"May 18, 1978",17,9,0,2.02,0.34,5.41,0.53,0.0,0.0,0.8,0.4
67533c6f7a2ac5f7e09afab1,d150c6fbdb7687f4,Miguel Cosio,"6' 4""",205 lbs.,,,,1,13,0,0.0,0.0,0.0,0.0,0.0,0.0,0.0,0.0
67533c6f7a2ac5f7e09afaa5,9cd047a828dd7515,KB Bhullar,"6' 4""",185 lbs.,"78""",Switch,"Oct 12, 1991",8,2,0,4.31,0.49,5.39,0.45,0.0,0.0,0.0,0.0
67533c6f7a2ac5f7e09afaa8,20bccc9bb4ceb23e,Melquizael Costa,"5' 10""",145 lbs.,"71""",Southpaw,"Sep 14, 1996",21,7,0,3.46,0.46,2.29,0.58,2.5,0.35,0.52,1.1
67533c6f7a2ac5f7e09afaa9,3fa97913cfd205d3,Alessandro Costa,"5' 4""",125 lbs.,"67""",Orthodox,"Jan 28, 1996",14,4,0,4.14,0.47,3.5,0.57,0.27,0.12,0.9,0.0
67533c6f7a2ac5f7e09afac4,7cb0946d51b8cde7,Henry Corrales,"5' 9""",145 lbs.,,,,13,3,0,4.12,0.41,5.84,0.55,0.0,0.0,0.69,0.0
67533c6f7a2ac5f7e09afacc,ce47f49e5c386a9c,Kit Cope,"6' 0""",170 lbs.,,Orthodox,"Mar 17, 1977",6,7,0,1.18,0.52,2.12,0.35,0.0,0.0,0.5,3.5
67533c6f7a2ac5f7e09afab3,1a7d44196949577c,Reyes Cortez Jr.,"5' 7""",135 lbs.,"68""",Orthodox,"Jul 31, 1992",7,3,0,4.1,0.45,7.43,0.52,1.5,0.11,1.0,0.0
67533c6f7a2ac5f7e09afab4,4e9fb05d7e5e61b8,Wesley Correira,"6' 3""",260 lbs.,,Orthodox,"Nov 11, 1978",20,16,0,2.6,0.36,8.8,0.4,0.0,0.0,0.9,0.0
67533c6f7a2ac5f7e09afaac,2e5c2aa8e4ab9d82,Paulo Costa,"6' 1""",185 lbs.,"72""",Orthodox,"Apr 21, 1991",14,4,0,6.22,0.58,6.56,0.49,0.36,0.75,0.8,0.0
67533c6f7a2ac5f7e09afacb,3aa794cbe1e3484b,Josh Copeland,"6' 1""",265 lbs.,,Orthodox,"Oct 20, 1982",12,4,0,1.03,0.31,3.01,0.55,0.0,0.0,0.57,0.0
67533c6f7a2ac5f7e09afadb,21b1132949f2a9b0,Steve Berger,"5' 11""",170 lbs.,,Orthodox,"May 20, 1973",21,23,2,1.0,0.27,3.26,0.36,0.84,0.4,0.16,1.7
67533c6f7a2ac5f7e09afad7,2891c9f7b26b26fc,Bret Bergmark,"5' 9""",170 lbs.,,,"Nov 24, 1973",6,1,1,2.78,0.52,2.78,0.37,4.17,1.0,0.5,4.2
67533c6f7a2ac5f7e09afaaf,afe8d5b39ff7fca2,Louis Cosce,"5' 9""",170 lbs.,"71""",Orthodox,"Aug 27, 1995",7,2,0,4.31,0.45,5.35,0.47,1.04,0.2,0.5,0.5
67533c6f7a2ac5f7e09afaab,325ad0dd9126d3df,Randy Costa,"5' 9""",135 lbs.,"73""",Switch,"Jul 06, 1994",6,4,0,6.53,0.46,7.58,0.58,0.0,0.0,0.5,0.0
67533c6f7a2ac5f7e09afac9,d967f0128c323de6,Daniel Cormier,"5' 11""",235 lbs.,"72""",Orthodox,"Mar 20, 1979",22,3,0,4.25,0.52,2.92,0.54,1.83,0.44,0.8,0.4
67533c6f7a2ac5f7e09afad5,3ab0df1ddd5f1dc2,Mike Cook,"6' 1""",205 lbs.,,Orthodox,,13,13,0,1.72,0.49,2.4,0.46,1.03,0.33,0.55,2.1
67533c6f7a2ac5f7e09afa9e,8a22c6b4d29880a3,Chris Birchler,"6' 3""",205 lbs.,,Switch,"Jun 05, 1987",7,4,0,9.35,0.46,14.83,0.35,0.0,0.0,0.0,0.0
67533c6f7a2ac5f7e09afabe,66766984842c13dc,Edson Berto,"5' 6""",155 lbs.,,Orthodox,"Jul 05, 1983",17,12,1,1.76,0.36,4.62,0.47,5.47,0.4,0.0,2.7
67533c6f7a2ac5f7e09afaa7,9fa3bd637edd9aa2,Patrick Cote,"5' 11""",170 lbs.,"75""",Orthodox,"Feb 29, 1980",23,11,0,2.81,0.48,3.21,0.48,0.68,0.2,0.43,0.2
67533c6f7a2ac5f7e09afaa6,87f19d19f4cb73f8,Bibulatov Magomed,"5' 5""",125 lbs.,"65""",Orthodox,"Aug 22, 1988",14,2,0,3.6,0.51,1.83,0.52,2.85,0.4,0.75,0.0
67533c6f7a2ac5f7e09afab0,1267b631db78665a,Chad Corvin,"6' 5""",255 lbs.,,,,5,0,0,0.0,0.0,0.0,0.0,0.0,0.0,0.0,0.0
67533c6f7a2ac5f7e09afabc,8ba8e8d7eafa7267,Anton Berzin,"6' 2""",205 lbs.,,Orthodox,"Sep 29, 1989",5,1,0,4.4,0.46,6.8,0.67,2.0,0.28,0.0,1.0
67533c6f7a2ac5f7e09afac0,0db70ca89e1c7374,Dieusel Berto,"5' 9""",200 lbs.,,,,0,3,0,0.0,0.0,0.0,0.0,0.0,0.0,0.0,0.0
67533c6f7a2ac5f7e09afa9f,53f02bbc41d99432,Scott Bills,"5' 10""",170 lbs.,,,,7,9,1,0.0,0.0,0.0,0.0,0.0,0.0,0.0,0.0
67533c6f7a2ac5f7e09af9d9,c0342805a1948cbb,Lee Kwan Bum,"6' 2""",286 lbs.,,Orthodox,,0,1,0,0.71,0.14,0.0,1.0,0.0,0.0,0.0,0.0
67533c6f7a2ac5f7e09afade,5431dccc09118234,Lance Benoist,"5' 11""",170 lbs.,"72""",Southpaw,"Aug 26, 1988",7,2,0,3.68,0.51,2.7,0.56,1.5,0.33,0.61,0.0
67533c6f7a2ac5f7e09afadf,7030c27fc9778964,Benjamin Bennett,"6' 0""",170 lbs.,"73""",Switch,"May 08, 1994",7,1,0,4.53,0.54,4.53,0.65,6.0,0.6,0.0,0.0
67533c6f7a2ac5f7e09afae1,c3ac8d0da7b05772,Josh Bennett,"6' 4""",259 lbs.,,Orthodox,,11,14,0,2.9,0.4,5.8,0.43,1.5,1.0,1.0,0.0
67533c6f7a2ac5f7e09afae2,8dc4f34c1f50d00d,Charles Bennett,"5' 8""",155 lbs.,,Orthodox,"Nov 23, 1979",30,33,2,1.39,0.39,1.35,0.64,2.02,1.0,0.36,2.0
67533c6f7a2ac5f7e09afae5,18f5669a92e99d92,Jeremiah Constant,"6' 1""",240 lbs.,,Orthodox,"Jul 19, 1974",11,8,0,1.5,0.75,3.25,0.43,0.0,0.0,0.0,7.5
67533c6f7a2ac5f7e09afaec,dfc7f0a2d91ad337,Willian Colorado,"5' 10""",135 lbs.,"72""",,"Jun 21, 1986",11,1,0,0.0,0.0,0.0,0.0,0.0,0.0,0.0,0.0
67533c6f7a2ac5f7e09afaeb,f9f07bb5a43535ed,Carlos Condit,"6' 2""",170 lbs.,"75""",Orthodox,"Apr 26, 1984",32,14,0,3.66,0.39,2.67,0.55,0.59,0.46,0.38,1.0
67533c6f7a2ac5f7e09afae9,a85998eb79650b2c,Wes Combs,"6' 2""",205 lbs.,,Orthodox,"Jun 18, 1973",20,6,0,2.14,0.48,4.73,0.45,0.0,0.0,0.0,0.0
67533c6f7a2ac5f7e09afae3,1c061eb6e29eaa0a,Bob Cook,"5' 9""",170 lbs.,,Orthodox,,5,0,0,0.0,0.0,0.0,0.0,0.0,0.0,0.0,0.0
67533c6f7a2ac5f7e09afaf1,ffb20ae0db47ebe6,Cortez Coleman,"6' 1""",185 lbs.,,,"Jan 28, 1982",13,8,0,0.0,0.0,0.0,0.0,0.0,0.0,0.0,0.0
67533c6f7a2ac5f7e09afaf3,5d8a9c95af50280a,Chandler Cole,"5' 10""",264 lbs.,"72""",Orthodox,"Jan 09, 1995",10,4,0,2.45,0.6,3.59,0.26,0.0,0.0,0.0,0.0
67533c6f7a2ac5f7e09afaea,41e77dc504a192c6,Chris Condo,"6' 0""",335 lbs.,,Orthodox,,0,1,0,0.0,0.0,0.0,0.0,0.0,0.0,0.0,0.0
67533c6f7a2ac5f7e09afae7,2ebfbe72ed703925,Tristan Connelly,"5' 10""",145 lbs.,"68""",Orthodox,"Dec 12, 1985",14,8,0,3.31,0.51,2.96,0.5,0.33,0.14,0.6,0.3
67533c6f7a2ac5f7e09afae6,d450769115a193c2,Marcos Conrado Jr.,"6' 2""",220 lbs.,,Orthodox,"Mar 14, 1982",5,1,0,1.6,0.34,9.69,0.35,1.84,0.14,0.0,0.0
67533c6f7a2ac5f7e09afae8,a76c07e8e4c76e9a,Rose Conceicao,"4' 7""",115 lbs.,"65""",Orthodox,"May 13, 1997",7,1,0,3.07,0.28,6.73,0.6,0.0,0.0,0.0,0.0
67533c6f7a2ac5f7e09afaef,92fa1401b7927da3,Jake Collier,"6' 3""",230 lbs.,"78""",Orthodox,"Oct 25, 1988",13,10,0,5.8,0.44,5.08,0.5,0.71,0.33,0.67,0.6
67533c6f7a2ac5f7e09afaed,9123c54d0a2b72dd,Christian Colombo,"6' 5""",265 lbs.,,Orthodox,"Jul 01, 1980",8,3,1,2.76,0.44,4.02,0.42,0.0,0.0,0.33,0.0
67533c6f7a2ac5f7e09afaf2,987b80f57190d6d0,Ivan Cole,"5' 9""",135 lbs.,,,"Nov 30, 1990",2,3,0,2.68,0.36,4.69,0.46,0.0,0.0,0.0,0.0
67533c6f7a2ac5f7e09afaf0,cc900c6a71ed23f3,Clay Collard,"5' 11""",145 lbs.,"73""",Orthodox,"Mar 10, 1993",14,7,0,4.22,0.32,5.0,0.5,2.81,0.39,0.71,0.5
67533c6f7a2ac5f7e09afaf4,21b8a0f5c231096f,Mark Coleman,"6' 1""",205 lbs.,"75""",Orthodox,"Dec 20, 1964",16,10,0,1.88,0.52,2.62,0.4,3.89,0.4,0.5,0.8
67533c6f7a2ac5f7e09afaee,6b64db453edf4c50,Jamie Colleen,"5' 3""",115 lbs.,"65""",Orthodox,"Nov 02, 1985",4,1,0,3.11,0.61,5.66,0.33,0.52,0.33,0.5,1.6
67533c6f7a2ac5f7e09afaf8,a71feb7ea7592a71,Mike Bencic,"6' 0""",215 lbs.,,Orthodox,,1,2,0,0.0,0.0,3.32,0.53,0.0,0.0,0.0,0.0
67533c6f7a2ac5f7e09afafb,6104730621ff318d,Karla Benitez,"5' 3""",113 lbs.,,,,14,11,1,0.0,0.0,2.4,0.57,0.0,0.0,1.0,0.0
67533c6f7a2ac5f7e09afafa,436f970c9ea9169c,Gabriel Benitez,"5' 8""",155 lbs.,"71""",Southpaw,"Jun 15, 1988",23,13,0,5.26,0.41,4.49,0.63,0.22,0.5,0.55,0.9
67533c6f7a2ac5f7e09afaf7,1174782eacde9b0c,Devin Cole,"6' 4""",240 lbs.,,Orthodox,"Oct 01, 1976",20,10,1,3.5,0.55,2.14,0.48,2.18,0.42,0.66,0.0
67533c6f7a2ac5f7e09afaf9,9fd1f08dd4aec14a,Dave Beneteau,"6' 2""",250 lbs.,,Orthodox,,6,5,1,0.0,0.0,0.0,0.0,0.0,0.0,0.0,0.0
67533c6f7a2ac5f7e09afafd,80eacd4da0617c57,Joseph Benavidez,"5' 4""",125 lbs.,"65""",Southpaw,"Jul 31, 1984",28,8,0,3.52,0.34,2.67,0.61,1.41,0.3,0.62,0.6
67533c6f7a2ac5f7e09afafe,c3f6db17cea09ca7,Danilo Belluardo,"6' 0""",155 lbs.,"74""",Southpaw,"Jul 21, 1994",12,5,0,1.52,0.61,4.79,0.41,3.5,1.0,0.5,0.0
67533c6f7a2ac5f7e09afafc,ec71a892fada28c7,Marco Beltran,"5' 8""",125 lbs.,"69""",Orthodox,"May 18, 1986",8,6,0,2.07,0.37,1.93,0.63,0.7,0.5,0.46,0.2
67533c6f7a2ac5f7e09afaff,46baf0f57edfa4df,Joey Beltran,"6' 1""",185 lbs.,"75""",Orthodox,"Dec 08, 1981",17,14,0,4.92,0.36,5.27,0.54,0.48,0.18,0.75,0.0
67533c6f7a2ac5f7e09afaf6,2eab7a6c8b0ed8cc,Wayne Cole,"6' 1""",205 lbs.,,Orthodox,,16,25,0,0.57,0.2,8.33,0.27,4.31,0.25,0.0,4.3
67533c6f7a2ac5f7e09afb00,7674b836ce0698a0,Yousri Belgaroui,"6' 5""",185 lbs.,"79""",Orthodox,"Jun 02, 1992",8,3,0,4.43,0.6,2.65,0.57,0.0,0.0,0.81,0.0
67533c6f7a2ac5f7e09afb0c,40a456a25d52ee65,Rolando Bedoya,"5' 11""",155 lbs.,"74""",Orthodox,"Jan 13, 1997",14,4,0,7.29,0.49,6.38,0.52,0.0,0.0,0.33,0.0
67533c6f7a2ac5f7e09afb09,dbac0a413af64bbe,Felipe Colares,"5' 8""",145 lbs.,"69""",Orthodox,"Mar 31, 1994",10,4,0,2.17,0.45,4.65,0.36,1.88,0.24,0.43,0.5
67533c6f7a2ac5f7e09afb08,b16a7e6a627e9789,Chase Beebe,"5' 7""",135 lbs.,"67""",Orthodox,"Mar 29, 1985",24,13,1,2.17,0.38,1.64,0.69,2.49,0.42,0.41,0.9
67533c6f7a2ac5f7e09afb07,babc6b5745335f18,Lyle Beerbohm,"5' 10""",155 lbs.,,Southpaw,"Feb 05, 1979",24,3,0,1.98,0.55,1.61,0.54,2.1,0.23,0.64,0.3
67533c6f7a2ac5f7e09afb06,d7e40dca3ae125be,Diana Belbita,"5' 7""",115 lbs.,"68""",Orthodox,"Jun 26, 1996",15,9,0,6.54,0.42,6.55,0.51,0.91,0.62,0.65,0.0
67533c6f7a2ac5f7e09afb05,cbd3e590a85b18c5,Mirsad Bektic,"5' 8""",145 lbs.,"70""",Orthodox,"Feb 16, 1991",13,4,0,2.43,0.41,1.8,0.57,3.98,0.52,0.92,0.4
67533c6f7a2ac5f7e09afb03,d6ed764f8b78d32a,Allan Begosso,"5' 5""",135 lbs.,"66""",Orthodox,"Nov 23, 1995",7,2,1,1.8,0.4,7.73,0.34,0.0,0.0,0.25,2.0
67533c6f7a2ac5f7e09afb04,0ee783aa00e468f0,Vitor Belfort,"6' 0""",185 lbs.,"74""",Southpaw,"Apr 01, 1977",26,14,0,1.59,0.46,2.83,0.5,1.02,0.6,0.53,0.6
67533c6f7a2ac5f7e09afb0f,0b77a05bcbd2de74,Marloes Coenen,"5' 9""",145 lbs.,"67""",,"Mar 31, 1981",23,8,0,2.15,0.51,1.9,0.67,0.82,0.3,0.41,2.5
67533c6f7a2ac5f7e09afb02,4130a743d9d22163,Alan Belcher,"6' 2""",185 lbs.,"75""",Orthodox,"Apr 24, 1984",18,8,0,2.7,0.41,3.1,0.59,0.44,0.26,0.55,0.9
67533c6f7a2ac5f7e09afb0e,6dbb1107de9a4a08,Dave Cochran,"5' 6""",155 lbs.,,,"May 10, 1973",26,29,1,0.0,0.0,0.0,0.0,0.0,0.0,0.0,0.0
67533c6f7a2ac5f7e09afb0d,8fa7e0bc052185ce,Dakota Cochrane,"5' 8""",155 lbs.,,,"May 01, 1986",29,12,0,2.66,0.75,2.66,0.3,4.43,0.33,0.0,0.0
67533c6f7a2ac5f7e09afb01,69898645d600abdb,Rodolfo Bellato,"6' 3""",205 lbs.,"77""",Orthodox,"Feb 05, 1996",12,2,0,6.47,0.61,5.9,0.44,1.09,0.25,1.0,0.5
67533c6f7a2ac5f7e09afb12,60098849c703e389,Mark Climaco,"5' 4""",125 lbs.,"65""",Southpaw,"Nov 06, 1997",9,2,0,4.13,0.59,2.9,0.57,3.5,0.36,0.46,0.0
67533c6f7a2ac5f7e09afb16,e5ecaf884b6da2bc,Chris Clements,"5' 10""",170 lbs.,"70""",Orthodox,"Feb 09, 1976",12,6,0,3.2,0.49,2.37,0.44,0.0,0.0,0.32,0.3
67533c6f7a2ac5f7e09afb13,48e96d9cea6d4ab0,Josh Clopton,"5' 6""",145 lbs.,,Orthodox,"Jul 11, 1981",6,2,1,1.6,0.64,2.87,0.5,2.0,0.66,0.75,0.0
67533c6f7a2ac5f7e09afb17,c76ec2bc3a57666a,Mitch Clarke,"5' 10""",155 lbs.,"73""",Orthodox,"Nov 24, 1985",11,5,0,2.35,0.34,3.27,0.47,0.64,0.15,0.5,0.4
67533c6f7a2ac5f7e09afb10,8b260672a21d1fd6,John Cofer,"5' 9""",155 lbs.,,Southpaw,"Apr 29, 1984",8,4,0,2.73,0.41,3.43,0.62,1.22,0.5,0.64,0.0
67533c6f7a2ac5f7e09afb11,3138fab619faf4d1,Brian Cobb,"5' 11""",155 lbs.,,Orthodox,,20,9,0,0.0,0.0,3.68,0.55,5.81,0.5,0.0,0.0
67533c6f7a2ac5f7e09afb14,dc6d8256ee3dfba5,Darryl Cobb,"5' 9""",185 lbs.,,,"Aug 04, 1980",6,8,0,0.0,0.0,0.0,0.0,0.0,0.0,0.0,0.0
67533c6f7a2ac5f7e09afb1e,6c8072b61c276e67,Jessica-Rose Clark,"5' 5""",135 lbs.,"64""",Orthodox,"Nov 28, 1987",11,9,0,3.73,0.51,3.51,0.58,1.66,0.42,0.62,0.3
67533c6f7a2ac5f7e09afb1a,7ae36b3791e0969a,Shannon Clark,"5' 5""",125 lbs.,"64""",Orthodox,"Jul 07, 1992",5,1,0,11.51,0.58,20.55,0.35,0.0,0.0,0.0,0.0
67533c6f7a2ac5f7e09afb1b,cc7040fe76f0ef91,Devin Clark,"6' 0""",205 lbs.,"75""",Orthodox,"Apr 12, 1990",14,9,0,3.03,0.54,3.24,0.44,2.17,0.32,0.58,0.1
67533c6f7a2ac5f7e09afb1d,ce05955c26c3c090,Eric Bedard,"6' 2""",239 lbs.,,,"Sep 11, 1984",6,7,0,6.37,0.35,8.54,0.52,0.0,0.0,0.0,0.0
67533c6f7a2ac5f7e09afb1c,ffc3e6daaa6da0b7,Johnny Bedford,"5' 10""",135 lbs.,"71""",Orthodox,"Jan 06, 1983",21,13,1,4.53,0.5,1.75,0.63,1.83,0.62,0.62,0.0
67533c6f7a2ac5f7e09afb19,7d21de9c6d7c98b2,Rich Clementi,"5' 9""",155 lbs.,"72""",Southpaw,"Mar 31, 1976",45,23,1,1.43,0.37,2.29,0.6,1.72,0.42,0.25,1.1
67533c6f7a2ac5f7e09afb1f,93bf96be327fcd98,Jeff Bedard,"5' 6""",145 lbs.,,Orthodox,"Feb 06, 1970",13,3,0,0.8,0.51,0.0,1.0,3.43,0.66,1.0,2.6
67533c6f7a2ac5f7e09afb51,8e9eb3fc86db0f7d,Marc-Andre Barriault,"6' 1""",185 lbs.,"74""",Orthodox,"Feb 18, 1990",16,9,0,5.98,0.47,5.58,0.52,0.21,0.25,0.67,0.1
67533c6f7a2ac5f7e09afb5d,e93b04e308913c2e,Dooho Choi,"5' 10""",145 lbs.,"70""",Orthodox,"Apr 10, 1991",15,4,1,4.41,0.53,4.49,0.55,0.75,0.37,0.47,0.8
67533c6f7a2ac5f7e09afb28,bc711b6dd95c1af6,Mario Bautista,"5' 9""",135 lbs.,"69""",Switch,"Jul 01, 1993",15,2,0,5.33,0.47,3.91,0.54,1.92,0.33,0.66,0.9
67533c6f7a2ac5f7e09afb53,78a5eea49638685d,Nick Barnes,"5' 11""",170 lbs.,,,,11,2,0,2.86,0.29,8.93,0.51,5.36,1.0,1.0,5.4
67533c6f7a2ac5f7e09afb32,be0b310a12eb80b4,Enrique Barzola,"5' 7""",145 lbs.,"70""",Orthodox,"Apr 28, 1989",17,5,2,3.91,0.41,2.97,0.68,4.2,0.45,0.66,0.3
67533c6f7a2ac5f7e09afae0,404ecb2700844072,DeAnna Bennett,"5' 4""",125 lbs.,"68""",Orthodox,"Nov 18, 1984",8,3,1,3.13,0.58,3.27,0.58,0.0,0.0,0.0,1.0
67533c6f7a2ac5f7e09afb44,658c3465581ae46b,Pat Barry,"5' 11""",235 lbs.,"74""",Orthodox,"Jul 07, 1979",8,7,0,2.72,0.52,3.54,0.59,0.0,0.0,0.76,0.2
67533c6f7a2ac5f7e09afb26,c9a94278df042f46,Alan Baudot,"6' 3""",243 lbs.,"79""",Orthodox,"Feb 01, 1988",8,3,0,5.36,0.58,4.82,0.46,0.0,0.0,0.62,0.0
67533c6f7a2ac5f7e09afb27,34218661c44ed55d,Michel Batista,"6' 3""",260 lbs.,,Orthodox,"Apr 20, 1984",4,1,0,0.0,0.0,4.03,0.4,6.72,0.5,0.0,0.0
67533c6f7a2ac5f7e09afb48,8fd1f27e86661ede,Alexandre Barros,"5' 9""",170 lbs.,,Southpaw,"Nov 19, 1976",22,11,0,0.98,0.4,4.05,0.36,1.84,0.5,1.0,0.0
67533c6f7a2ac5f7e09afb30,8a64b3f87ad29d1e,Dominic Clark,"5' 10""",155 lbs.,,,"Aug 01, 1985",10,7,0,0.0,0.0,0.0,0.0,0.0,0.0,0.0,0.0
67533c6f7a2ac5f7e09afb41,4f11e9ce318ffbcb,Anthony Christodoulou,"5' 9""",155 lbs.,,Orthodox,"Jul 30, 1987",12,7,0,2.19,0.26,5.9,0.45,0.0,0.0,0.4,0.0
67533c6f7a2ac5f7e09afb49,e6015889f50075d2,David Barrios,"5' 6""",145 lbs.,,,,4,8,0,0.0,0.0,0.0,0.0,0.0,0.0,0.0,0.0
67533c6f7a2ac5f7e09afb46,d26394fc0e8e880a,Ricardo Barros,"6' 1""",205 lbs.,,,"Mar 22, 1976",2,2,0,0.0,0.0,8.22,0.31,0.0,0.0,1.0,0.0
67533c6f7a2ac5f7e09afb55,172c2135e70f87b7,Luke Barnatt,"6' 6""",185 lbs.,"77""",Orthodox,"Apr 13, 1988",13,4,0,4.43,0.36,3.87,0.59,0.63,0.42,0.63,0.4
67533c6f7a2ac5f7e09afb25,55f446032177b119,Chris Beal,"5' 7""",125 lbs.,"69""",Orthodox,"Aug 06, 1985",10,5,0,3.45,0.35,3.18,0.61,1.6,0.58,0.78,0.2
67533c6f7a2ac5f7e09afb5f,a68575214ecad140,SeungWoo Choi,"6' 0""",145 lbs.,"74""",Orthodox,"Nov 03, 1992",11,7,0,3.51,0.39,3.12,0.47,0.86,0.54,0.7,0.0
67533c6f7a2ac5f7e09afb59,ad3f53c454cbbead,Josh Barnett,"6' 3""",250 lbs.,"78""",Orthodox,"Nov 10, 1977",35,8,0,3.2,0.5,2.11,0.57,1.26,0.55,0.55,1.4
67533c6f7a2ac5f7e09afb23,f626118b6da0e020,Bryan Battle,"6' 1""",170 lbs.,"77""",Orthodox,"Sep 21, 1994",12,2,0,5.44,0.53,4.14,0.43,0.96,0.23,0.52,0.5
67533c6f7a2ac5f7e09afb3f,d4a12dfa4067742f,Murad Chunkaiev,"5' 11""",185 lbs.,,Orthodox,,8,4,0,0.85,0.16,3.41,0.66,8.53,1.0,0.0,0.0
67533c6f7a2ac5f7e09afb57,b7c5eb7cdbac6a63,Danny Barlow,"6' 2""",170 lbs.,"79""",Southpaw,"Aug 02, 1995",9,0,0,5.72,0.5,3.48,0.52,0.0,0.0,1.0,0.0
67533c6f7a2ac5f7e09afb4e,1652f3213655b935,Phil Baroni,"5' 9""",170 lbs.,"72""",Orthodox,"Apr 16, 1976",15,18,0,2.77,0.45,3.93,0.4,1.46,0.47,0.6,0.5
67533c6f7a2ac5f7e09afb4f,7a5e8c94a86f9895,Chris Barnett,"5' 9""",265 lbs.,"75""",Orthodox,"Jun 14, 1986",23,9,0,4.21,0.47,6.53,0.39,0.0,0.0,0.33,0.0
67533c6f7a2ac5f7e09afb4d,80c0bed43da0e27b,David Baron,"5' 6""",155 lbs.,,Switch,"Feb 15, 1973",17,4,1,1.17,0.3,2.1,0.56,0.0,0.0,0.14,0.7
67533c6f7a2ac5f7e09afb45,b69f24c500d783e7,Francimar Barroso,"6' 1""",205 lbs.,"75""",Orthodox,"Feb 28, 1980",19,7,0,2.77,0.52,3.07,0.59,2.22,0.24,0.83,0.0
67533c6f7a2ac5f7e09afb29,29508aff4d93cbbe,Ryan Bastianelli,"5' 5""",135 lbs.,,,,6,7,0,0.0,0.0,0.0,0.0,0.0,0.0,0.0,0.0
67533c6f7a2ac5f7e09afb3c,51b0bb73a1da34bc,Mike Ciesnolevicz,"6' 0""",235 lbs.,,Orthodox,"Oct 28, 1979",19,4,0,0.51,0.5,4.62,0.57,0.0,0.0,0.2,5.1
67533c6f7a2ac5f7e09afb47,d21113c9ff3788ae,Peter Barrett,"5' 10""",145 lbs.,"73""",Southpaw,"Aug 10, 1986",11,5,0,4.18,0.61,4.32,0.42,1.39,0.22,0.66,0.0
67533c6f7a2ac5f7e09afb21,b96939f2b8d88e82,Ariel Beck,"5' 6""",125 lbs.,"66""",Southpaw,"Sep 16, 1990",4,5,0,4.44,0.34,4.31,0.64,0.0,0.0,0.0,0.0
67533c6f7a2ac5f7e09afb60,767755fd74662dbf,Khamzat Chimaev,"6' 2""",185 lbs.,"75""",Orthodox,"May 01, 1994",14,0,0,5.36,0.58,3.25,0.41,4.31,0.46,1.0,2.8
67533c6f7a2ac5f7e09afb36,1c2f2571b18791b6,Laverne Clark,"5' 11""",170 lbs.,,Orthodox,"Dec 02, 1973",27,21,1,0.0,0.0,0.0,0.0,0.0,0.0,0.0,0.0
67533c6f7a2ac5f7e09afb3d,eaebaa6801338ea1,Steven Ciaccio,"6' 0""",170 lbs.,,,,4,4,0,0.0,0.0,0.0,0.0,0.0,0.0,0.0,0.0
67533c6f7a2ac5f7e09afb5c,3be16d817b36098b,DongHun Choi,"5' 5""",125 lbs.,"66""",Switch,"Jan 02, 1999",9,0,0,4.54,0.66,3.13,0.58,0.46,0.14,0.81,0.0
67533c6f7a2ac5f7e09afb2c,1cecc8fe6748a532,Stephen Bass,"5' 9""",145 lbs.,,Orthodox,"Nov 14, 1982",11,2,0,4.87,0.52,5.87,0.55,0.0,0.0,0.0,0.0
67533c6f7a2ac5f7e09afb43,2d447cc91bdaa545,Joachim Christensen,"6' 3""",205 lbs.,"76""",Orthodox,"Nov 07, 1978",14,6,0,3.78,0.41,3.29,0.46,0.0,0.0,0.0,0.0
67533c6f7a2ac5f7e09afb31,a6f3d15cb84334bb,Dean Barry,"5' 10""",170 lbs.,"72""",Orthodox,"Jul 03, 1992",4,2,0,9.31,0.4,4.66,0.51,0.0,0.0,1.0,0.0
67533c6f7a2ac5f7e09afb35,6776260cb0aef647,Logan Clark,"6' 2""",185 lbs.,,Orthodox,"Feb 16, 1985",18,6,0,2.2,0.54,1.49,0.53,0.31,1.0,0.3,2.1
67533c6f7a2ac5f7e09afb40,b369533a577fa97c,Dan Christison,"6' 8""",265 lbs.,,Orthodox,"Apr 26, 1972",20,7,0,4.23,0.51,3.88,0.54,0.0,0.0,0.37,1.1
67533c6f7a2ac5f7e09afb33,dd4c16777fb2ccf9,Heather Clark,"5' 6""",115 lbs.,"64""",Orthodox,"Sep 19, 1980",7,6,0,3.69,0.49,5.62,0.5,0.33,0.04,0.8,0.3
67533c6f7a2ac5f7e09afb58,db5dc7cb80d7d418,Will Chope,"6' 4""",145 lbs.,,Switch,"Sep 08, 1990",34,13,0,4.43,0.27,9.93,0.46,0.0,0.0,0.0,0.0
67533c6f7a2ac5f7e09afb2e,a09ed60aa67a3f67,Farid Basharat,"5' 8""",135 lbs.,"71""",Orthodox,"Aug 02, 1997",13,0,0,4.36,0.55,2.57,0.59,3.97,0.44,0.8,0.5
67533c6f7a2ac5f7e09afb5e,adccbc19b22e19af,SeungGuk Choi,"5' 6""",125 lbs.,"64""",Orthodox,"Dec 26, 1996",7,3,0,2.69,0.42,2.69,0.65,1.02,0.27,0.74,0.0
67533c6f7a2ac5f7e09afb56,e8fe9c15d348e778,Daniel Barez,"5' 6""",125 lbs.,"66""",Orthodox,"Dec 10, 1988",17,6,0,4.1,0.52,5.05,0.57,2.24,0.31,0.92,0.9
67533c6f7a2ac5f7e09afb20,4fd76e7ba8313457,Salvador Becerra,"5' 9""",155 lbs.,,,,5,2,0,4.57,0.31,3.83,0.58,0.0,0.0,0.66,0.0
67533c6f7a2ac5f7e09afb22,74f13066b1417ef3,Rudy Bears,"5' 11""",170 lbs.,,Southpaw,,16,15,0,1.27,0.29,2.53,0.5,0.0,0.0,0.0,0.0
67533c6f7a2ac5f7e09afb4b,a220be6d41d6f97d,Carlos Barreto,"6' 4""",230 lbs.,,Orthodox,,14,9,0,0.0,0.0,0.0,0.0,0.0,0.0,0.0,0.0
67533c6f7a2ac5f7e09afb3e,f197ce0cbe69996d,Cameron Church,"5' 11""",155 lbs.,"72""",Orthodox,"Sep 27, 1990",4,1,0,4.0,0.4,4.93,0.5,0.0,0.0,0.6,1.0
67533c6f7a2ac5f7e09afb2d,d3f89fa685bd8420,Austin Bashi,"5' 6""",145 lbs.,"70""",Orthodox,"Sep 29, 2001",13,0,0,2.67,0.52,2.3,0.47,18.18,0.66,0.75,3.6
67533c6f7a2ac5f7e09afb39,2244d9a2b64b8c3b,Hannah Cifers,"5' 1""",115 lbs.,"62""",Orthodox,"Jun 26, 1992",10,7,0,4.99,0.44,5.39,0.52,0.26,1.0,0.64,0.3
67533c6f7a2ac5f7e09afb24,3a6ac598320ca7f2,Donovan Beard,"6' 2""",185 lbs.,"78""",Orthodox,"Nov 05, 1989",7,2,0,0.0,0.0,5.77,0.28,0.0,0.0,0.0,0.0
67533c6f7a2ac5f7e09afb42,7e9b36a9847db116,Kevin Christian,"6' 7""",205 lbs.,"80""",Orthodox,"Jan 21, 1995",9,2,0,0.75,0.35,1.83,0.55,0.0,0.0,0.5,3.2
67533c6f7a2ac5f7e09afb3b,67f272324a030d00,Misha Cirkunov,"6' 3""",205 lbs.,"77""",Orthodox,"Feb 27, 1987",15,9,0,3.86,0.51,3.06,0.57,4.15,0.39,0.76,1.7
67533c6f7a2ac5f7e09afb52,e575b6ff678c1aca,Shonte Barnes,"5' 11""",185 lbs.,"76""",Southpaw,"Feb 09, 1987",6,2,1,2.32,0.38,1.55,0.67,0.0,0.0,0.6,0.0
67533c6f7a2ac5f7e09afb5a,55a7b2d4e54ffac9,Ryo Chonan,"5' 9""",170 lbs.,"70""",Orthodox,"Oct 08, 1976",22,13,0,2.57,0.43,2.25,0.6,0.61,0.41,0.39,0.3
67533c6f7a2ac5f7e09afb2a,8ef4a91ac694b7ce,Shayna Baszler,"5' 7""",135 lbs.,,Orthodox,"Aug 08, 1980",15,11,0,2.49,0.3,6.36,0.51,0.67,0.18,0.44,1.3
67533c6f7a2ac5f7e09afb4c,f12f979b657ab876,Dan Barrera,"5' 9""",170 lbs.,,Orthodox,"Dec 23, 1980",3,1,0,0.8,0.7,1.2,0.28,1.0,0.08,0.0,0.0
67533c6f7a2ac5f7e09afb37,42611508ba8c3298,Johnny Cisneros,"5' 11""",170 lbs.,,,"Feb 05, 1980",9,6,0,0.0,0.0,0.0,0.0,0.0,0.0,0.0,0.0
67533c6f7a2ac5f7e09afb34,69108cb8b32efe04,Mychal Clark,"6' 3""",224 lbs.,,Orthodox,,10,14,0,5.8,0.56,2.9,0.59,0.0,0.0,0.0,0.0
67533c6f7a2ac5f7e09afb3a,4e5bbc4566049cbf,Branko Cikatic,"6' 1""",215 lbs.,,Orthodox,"Oct 03, 1954",0,2,0,0.0,0.0,0.0,0.0,0.0,0.0,0.0,0.0
67533c6f7a2ac5f7e09afb2f,bbab3baf66128ae2,Javid Basharat,"5' 9""",135 lbs.,"69""",Orthodox,"Sep 07, 1995",14,1,0,5.42,0.53,2.97,0.62,1.7,0.4,0.85,0.2
67533c6f7a2ac5f7e09afb5b,03c9994c5b8958ec,John Cholish,"5' 11""",155 lbs.,"74""",Orthodox,"Dec 17, 1983",8,3,0,2.65,0.49,2.29,0.73,1.82,0.31,0.78,0.4
67533c6f7a2ac5f7e09afb54,c06a5c95f1169c0b,James Barnes,"5' 8""",135 lbs.,"71""",Orthodox,"May 28, 1982",14,5,0,0.57,0.34,3.02,0.39,1.08,0.16,0.4,0.0
67533c6f7a2ac5f7e09afb61,2c104b7e59a72629,Hong Man Choi,"7' 2""",330 lbs.,,Orthodox,"Oct 30, 1980",4,5,0,1.32,0.26,1.46,0.36,0.71,1.0,0.84,0.0
67533c6f7a2ac5f7e09afb62,c58f51dedb310998,Michael Chiesa,"6' 1""",170 lbs.,"75""",Southpaw,"Dec 07, 1987",19,7,0,1.86,0.4,1.72,0.53,3.35,0.51,0.6,1.0
67533c6f7a2ac5f7e09afb63,371a1c91b24dec2b,Mu Bae Choi,"6' 2""",230 lbs.,,Orthodox,"Jun 27, 1970",12,6,0,1.55,0.49,3.65,0.44,3.12,0.75,0.6,1.0
67533c6f7a2ac5f7e09afb64,9f7787e56a6bc0f4,Sako Chivitchian,"5' 11""",155 lbs.,,Orthodox,"Mar 11, 1984",8,1,0,2.4,0.27,4.8,0.46,0.0,0.0,1.0,0.0
67533c6f7a2ac5f7e09afb65,9560ff14eb3129f7,Giga Chikadze,"6' 0""",145 lbs.,"74""",Orthodox,"Aug 25, 1988",15,4,0,3.92,0.42,3.5,0.61,0.21,0.33,0.7,0.2
67533c6f7a2ac5f7e09afb69,78a68f1dade6aaf7,Fabio Cherant,"6' 1""",205 lbs.,"74""",Southpaw,"Nov 25, 1994",7,4,0,1.35,0.4,4.89,0.38,0.0,0.0,0.0,0.0
67533c6f7a2ac5f7e09afb6c,0de720c0f1d4ab9c,Danny Chavez,"5' 8""",145 lbs.,"67""",Orthodox,"Mar 14, 1987",11,5,1,2.86,0.38,3.83,0.5,1.95,0.6,0.87,0.0
67533c6f7a2ac5f7e09afb6b,9c5f7d5c6d084b35,Gabriel Checco,"6' 1""",185 lbs.,,Switch,"Apr 03, 1986",10,2,0,0.0,0.0,0.0,0.0,0.0,0.0,0.0,0.0
67533c6f7a2ac5f7e09afb70,5b03b61f9d90125e,Morgan Charriere,"5' 8""",145 lbs.,"69""",Orthodox,"Oct 26, 1995",20,10,1,3.87,0.51,3.74,0.57,2.47,0.57,0.83,0.6
67533c6f7a2ac5f7e09afb6a,d8d7b24d276c8cb0,Albert Cheng,"5' 11""",170 lbs.,,Orthodox,"Feb 07, 1985",7,4,0,1.0,0.41,2.6,0.71,0.0,0.0,0.0,0.0
67533c6f7a2ac5f7e09afb6f,b406da701c479076,Ernest Chavez,"5' 8""",145 lbs.,"70""",Orthodox,"Jun 27, 1983",10,2,0,2.79,0.4,3.89,0.59,0.89,0.33,0.5,0.0
67533c6f7a2ac5f7e09afb66,9cdd2da1a9104a0b,Macy Chiasson,"5' 11""",135 lbs.,"72""",Orthodox,"Jul 27, 1991",11,3,0,3.77,0.46,2.79,0.44,2.37,0.38,0.7,0.4
67533c6f7a2ac5f7e09afb67,79a193111e3bc99b,Mark Cherico,"5' 7""",145 lbs.,"69""",Orthodox,"May 12, 1986",11,1,0,3.69,0.34,7.37,0.56,5.03,0.5,0.0,0.0
67533c6f7a2ac5f7e09afb6e,32a4f1235f0dad73,Dan Charles,"6' 2""",228 lbs.,,,"Sep 24, 1985",10,6,1,2.82,0.45,3.51,0.44,0.0,0.0,0.31,0.0
67533c6f7a2ac5f7e09afb71,27b388f0aab49780,Dione Barbosa,"5' 6""",125 lbs.,"66""",Orthodox,"May 08, 1992",7,3,0,1.85,0.48,2.49,0.66,1.73,0.28,0.42,2.2
67533c6f7a2ac5f7e09afb75,9ddfb3369a3b0394,Antonio Banuelos,"5' 5""",135 lbs.,"63""",Orthodox,"Sep 23, 1979",20,11,1,2.69,0.33,3.15,0.58,1.62,0.62,0.86,0.4
67533c6f7a2ac5f7e09afb74,a331233f597090a5,Bryan Barberena,"6' 0""",185 lbs.,"72""",Southpaw,"May 03, 1989",18,12,0,5.35,0.48,4.59,0.44,0.13,0.22,0.5,0.3
67533c6f7a2ac5f7e09afb79,5c2ce761399dc9c5,Marcin Bandel,"5' 10""",155 lbs.,,Orthodox,"Oct 10, 1989",15,7,0,0.79,0.5,5.26,0.23,0.0,0.0,0.0,0.0
67533c6f7a2ac5f7e09afb7d,e626e92a8f2a9737,Balajin,"5' 9""",145 lbs.,"72""",Orthodox,"Mar 31, 1992",23,4,0,1.4,0.33,2.73,0.5,2.0,0.2,0.66,0.0
67533c6f7a2ac5f7e09afb76,9a2d3567abc02e34,Tae Hyun Bang,"5' 9""",155 lbs.,"71""",Switch,"Apr 15, 1983",18,10,0,2.72,0.38,2.07,0.66,0.49,0.33,0.57,0.5
67533c6f7a2ac5f7e09afb72,64a50dad704d1d49,Edson Barboza,"5' 11""",145 lbs.,"75""",Orthodox,"Jan 21, 1986",24,12,0,4.11,0.44,4.65,0.56,0.45,0.5,0.72,0.1
67533c6f7a2ac5f7e09afb7a,2c2caf2f2bab9df5,Humberto Bandenay,"5' 11""",145 lbs.,"71""",Southpaw,"Sep 04, 1994",14,7,0,2.22,0.41,4.79,0.41,2.9,0.46,0.62,0.5
67533c6f7a2ac5f7e09afb73,06dced58ca24a6bd,Junior Barata,"5' 10""",170 lbs.,,Orthodox,"Jan 25, 1982",9,3,1,4.03,0.33,8.46,0.34,0.0,0.0,0.0,0.0
67533c6f7a2ac5f7e09afb7b,4c4b44e3cf5815b3,Stephen Banaszak,"6' 0""",145 lbs.,,,"Dec 07, 1990",5,5,0,4.2,0.47,1.15,0.66,0.0,0.0,1.0,1.9
67533c6f7a2ac5f7e09afb77,6a740daf1b279661,Maycee Barber,"5' 5""",125 lbs.,"65""",Switch,"May 18, 1998",14,2,0,4.7,0.53,2.9,0.54,1.44,0.43,0.53,0.1
67533c6f7a2ac5f7e09afb78,2c99576fefe53c7c,Renan Barao,"5' 6""",145 lbs.,"70""",Orthodox,"Jan 31, 1987",34,9,0,3.78,0.36,3.9,0.57,1.49,0.41,0.91,0.5
67533c6f7a2ac5f7e09afb88,aec185309b4843d0,Siyar Bahadurzada,"5' 11""",170 lbs.,"73""",Orthodox,"Apr 17, 1984",24,8,1,2.91,0.4,3.23,0.49,1.32,0.61,0.62,0.3
67533c6f7a2ac5f7e09afb87,a52bc1e62cf0b7c6,Melsik Baghdasaryan,"5' 9""",145 lbs.,"70""",Southpaw,"Jan 28, 1992",8,2,0,5.28,0.61,3.06,0.58,0.0,0.0,0.72,0.0
67533c6f7a2ac5f7e09afb80,371efa53bd0cf669,Jin Bala,"5' 9""",155 lbs.,,,,23,3,0,0.0,0.0,0.0,0.0,0.0,0.0,0.0,0.0
67533c6f7a2ac5f7e09afb84,e2b8186b618b00c4,Shamar Bailey,"5' 9""",155 lbs.,"75""",Southpaw,"Sep 22, 1982",16,11,0,1.56,0.2,3.91,0.69,1.5,0.33,0.37,0.0
67533c6f7a2ac5f7e09afb82,34dbcd4dbaf21a36,Jordan Bailey,"5' 9""",145 lbs.,,,,6,3,0,1.74,0.4,0.29,0.0,4.35,1.0,0.0,4.3
67533c6f7a2ac5f7e09afb85,e4a47b07044ddd72,Ignacio Bahamondes,"6' 3""",155 lbs.,"75""",Orthodox,"Aug 27, 1997",16,5,0,7.17,0.47,4.41,0.57,0.0,0.0,0.85,0.3
67533c6f7a2ac5f7e09afb86,e4d2564ea0e34e2b,Mehdi Baghdad,"6' 1""",155 lbs.,,Orthodox,"Apr 13, 1985",11,5,0,3.13,0.3,4.56,0.46,0.0,0.0,0.33,0.0
67533c6f7a2ac5f7e09afb7f,9c442aaf149ea982,Shauna Bannon,"5' 5""",115 lbs.,"65""",Switch,"Oct 23, 1993",6,1,0,4.37,0.41,3.77,0.42,0.0,0.0,0.42,0.0
67533c6f7a2ac5f7e09afb89,3dd92ff9fb0412b3,Ali Bagautinov,"5' 4""",125 lbs.,"65""",Orthodox,"Jun 10, 1985",15,6,0,2.85,0.42,3.09,0.52,2.51,0.36,0.65,0.3
67533c6f7a2ac5f7e09afb83,898337ef520fe4d3,Bryan Baker,"6' 3""",185 lbs.,,Orthodox,"Oct 13, 1985",18,5,0,1.78,0.52,2.83,0.45,0.44,0.5,0.37,0.9
67533c6f7a2ac5f7e09afb81,7d5b12de1625984e,Scott Baker,"6' 0""",210 lbs.,,,,1,1,0,0.0,0.0,0.0,0.0,0.0,0.0,0.0,0.0
67533c6f7a2ac5f7e09afb9a,e872e9a9a902c045,Katlyn Cerminara,"5' 9""",125 lbs.,"68""",Orthodox,"Dec 28, 1988",18,6,0,4.58,0.34,4.48,0.62,0.31,0.15,0.5,0.3
67533c6f7a2ac5f7e09afb8b,4fcf6e0c4e0e6664,Izabela Badurek,"5' 5""",115 lbs.,,Orthodox,"Jul 11, 1991",6,3,0,3.74,0.71,4.9,0.32,1.75,0.12,1.0,0.0
67533c6f7a2ac5f7e09afb8c,82d4c957649faf9b,Miguel Baeza,"6' 2""",170 lbs.,"74""",Orthodox,"Aug 23, 1992",10,4,0,4.09,0.49,5.92,0.46,0.36,0.22,0.54,2.0
67533c6f7a2ac5f7e09afb8a,8f313e9c3a39c06e,Bahatebole Batebolati,"5' 8""",170 lbs.,"71""",Southpaw,"Sep 12, 1997",10,1,1,4.02,0.45,4.83,0.61,1.34,0.66,1.0,0.0
67533c6f7a2ac5f7e09afb99,09a4447655fd4b7b,Rafael Cerqueira,"6' 3""",205 lbs.,"76""",Southpaw,"Mar 15, 1990",11,1,0,1.18,1.0,32.94,0.22,0.0,0.0,0.0,0.0
67533c6f7a2ac5f7e09afb92,19ffeb5e3fffd6d5,Joe Charles,"6' 1""",260 lbs.,,Southpaw,,6,13,0,0.0,0.0,0.0,0.0,0.0,0.0,0.0,0.0
67533c6f7a2ac5f7e09afb93,af9efbfd63d39734,Chelsea Chandler,"5' 8""",135 lbs.,"68""",Southpaw,"Nov 23, 1990",6,3,0,3.53,0.45,4.06,0.41,0.91,0.6,0.33,0.0
67533c6f7a2ac5f7e09afb8d,c0ab242c40decc55,Ryan Bader,"6' 2""",205 lbs.,"74""",Orthodox,"Jun 07, 1983",23,5,0,2.82,0.43,1.39,0.71,3.37,0.44,0.8,0.4
67533c6f7a2ac5f7e09afb95,7342fcc41a4817fa,Ansar Chalangov,"5' 9""",170 lbs.,,Orthodox,"Oct 30, 1979",14,5,0,0.68,0.66,1.69,0.54,0.0,0.0,0.0,7.6
67533c6f7a2ac5f7e09afb98,fdf59144e535bc38,Jared Chaffee,"5' 10""",155 lbs.,,,"Dec 15, 1984",5,2,0,0.0,0.0,0.0,0.0,0.0,0.0,0.0,0.0
67533c6f7a2ac5f7e09afb97,9ccf8371fd80d45d,Luan Chagas,"6' 0""",170 lbs.,"75""",Orthodox,"Jun 17, 1993",15,3,1,4.16,0.47,3.19,0.62,0.32,0.12,0.85,0.3
67533c6f7a2ac5f7e09afb96,5ef94841c4bc3f86,Edgar Chairez,"5' 7""",125 lbs.,"71""",Orthodox,"Jan 27, 1996",11,6,0,3.45,0.45,5.21,0.42,0.0,0.0,0.33,1.5
67533c6f7a2ac5f7e09afb8f,fd5b6598a3b70c0a,Seth Baczynski,"6' 3""",170 lbs.,"75""",Orthodox,"Oct 26, 1981",20,14,0,3.08,0.31,3.14,0.51,0.89,0.16,0.48,0.8
67533c6f7a2ac5f7e09afba3,9c3de7f8966326de,Igor Cavalcanti,"5' 11""",170 lbs.,"79""",Orthodox,"Oct 10, 1997",9,1,0,3.33,0.42,3.6,0.48,1.0,0.5,0.66,0.0
67533c6f7a2ac5f7e09afb94,26b63bc5c0c1f65d,Alex Chambers,"5' 3""",115 lbs.,"63""",Southpaw,"Oct 25, 1978",5,5,0,2.97,0.54,5.1,0.5,2.31,0.41,0.53,1.0
67533c6f7a2ac5f7e09afb91,4b93a88f3b1de35b,Michael Chandler,"5' 8""",155 lbs.,"71""",Orthodox,"Apr 24, 1986",23,9,0,4.49,0.5,4.3,0.43,1.59,0.37,0.63,0.6
67533c6f7a2ac5f7e09afb90,8788beb528894f33,Donnie Chappell,"5' 11""",178 lbs.,,Southpaw,,0,1,0,0.0,0.0,0.0,0.0,0.0,0.0,0.0,0.0
67533c6f7a2ac5f7e09afb9e,3e61082025db8137,Yosdenis Cedeno,"5' 8""",155 lbs.,"69""",Orthodox,"Feb 12, 1985",10,6,1,1.64,0.29,1.6,0.67,0.0,0.0,0.31,0.3
67533c6f7a2ac5f7e09afba1,e3964ece586e0635,Jacqueline Cavalcanti,"5' 8""",135 lbs.,"70""",Orthodox,"Aug 29, 1997",8,1,0,6.02,0.49,3.22,0.72,0.0,0.0,0.9,0.0
67533c6f7a2ac5f7e09afba0,1d00756835ca67c9,Donald Cerrone,"6' 1""",155 lbs.,"73""",Orthodox,"Mar 29, 1983",36,17,0,4.41,0.46,4.48,0.53,1.16,0.33,0.73,1.2
67533c6f7a2ac5f7e09afb6d,84e8920e59ff14a7,Emilio Chavez,"5' 9""",145 lbs.,,,,12,9,0,2.73,0.48,1.53,0.54,3.0,0.5,0.0,0.0
67533c6f7a2ac5f7e09afbb7,620d8710e89cfeae,Rafael Carvalho,"6' 3""",185 lbs.,,,"Jul 27, 1986",14,1,0,1.94,0.5,1.84,0.54,2.77,0.4,0.7,0.0
67533c6f7a2ac5f7e09afbae,39cc64bf0a269db9,Niklas Backstrom,"6' 1""",145 lbs.,,Orthodox,"Aug 22, 1989",11,3,0,1.12,0.41,3.65,0.4,2.92,0.8,0.72,2.2
67533c6f7a2ac5f7e09afbb4,8d9586726252dbf7,Kevin Casey,"5' 11""",185 lbs.,"77""",Southpaw,"Jun 15, 1981",9,5,2,2.27,0.53,3.76,0.46,0.79,0.22,0.27,0.4
67533c6f7a2ac5f7e09afb9b,f21a152aaa3e95c6,Vinicius Cenci,"6' 1""",155 lbs.,"74""",Orthodox,"Nov 24, 1995",7,2,0,2.9,0.48,2.69,0.62,1.61,0.5,0.0,0.0
67533c6f7a2ac5f7e09afbda,f1f9e48a0d150757,Steve Cantwell,"6' 2""",185 lbs.,"75""",Orthodox,"Dec 08, 1986",7,6,0,3.63,0.34,5.76,0.55,0.65,0.3,0.8,0.7
67533c6f7a2ac5f7e09afbb9,1f592bfefb0d62a3,Jack Cartwright,"5' 9""",135 lbs.,"68""",Orthodox,"May 26, 1994",10,1,0,0.8,0.38,3.33,0.29,6.0,0.66,0.0,2.0
67533c6f7a2ac5f7e09afba5,68d76fd9ecf7431d,Luke Caudillo,"5' 7""",155 lbs.,,Orthodox,"Nov 30, 1980",17,17,0,1.97,0.28,5.07,0.55,0.44,0.2,0.85,0.0
67533c6f7a2ac5f7e09afbaf,5fa2974cbd18e05c,John Castaneda,"5' 6""",135 lbs.,"71""",Switch,"Dec 18, 1991",21,7,0,4.67,0.5,5.22,0.54,1.79,0.35,0.71,0.1
67533c6f7a2ac5f7e09afb9c,b27b8881d7444114,Adam Cella,"6' 2""",170 lbs.,,,"Jun 26, 1985",6,8,0,1.91,0.42,2.61,0.51,3.92,0.75,0.5,1.3
67533c6f7a2ac5f7e09afba7,6ca68b636fbc1f18,Tim Catalfo,"5' 11""",235 lbs.,,Orthodox,,4,2,0,0.39,1.0,0.77,0.33,0.0,0.0,0.0,0.0
67533c6f7a2ac5f7e09afbd2,155a02a8b4311057,Dos Caras Jr.,"6' 4""",225 lbs.,,Orthodox,"May 25, 1977",9,5,0,0.77,0.23,1.2,0.59,0.0,0.0,0.72,0.0
67533c6f7a2ac5f7e09afbc0,572a89dbe1f76761,Roger Carroll,"5' 10""",170 lbs.,,,,16,14,0,7.62,0.61,10.48,0.43,0.0,0.0,1.0,0.0
67533c6f7a2ac5f7e09afbcc,08a7080ff5904661,Rafael Carino,"6' 8""",245 lbs.,,Orthodox,,2,1,1,0.0,0.0,0.0,0.0,0.0,0.0,0.0,0.0
67533c6f7a2ac5f7e09afbb6,68dd7b3783c19f9c,Shane Carwin,"6' 2""",265 lbs.,"80""",Orthodox,"Jan 04, 1975",12,2,0,4.38,0.47,3.53,0.53,1.42,0.33,0.42,0.0
67533c6f7a2ac5f7e09afbbd,0d49ddc07bd8c747,Jonny Carson,"5' 10""",155 lbs.,,,,11,7,0,0.0,0.0,0.0,0.0,0.0,0.0,0.0,0.0
67533c6f7a2ac5f7e09afbc6,1c86754617d9813a,Roan Carneiro,"5' 11""",170 lbs.,"76""",Orthodox,"Jun 02, 1978",21,11,0,1.46,0.46,1.82,0.62,3.05,0.42,0.83,1.4
67533c6f7a2ac5f7e09afbbb,7b6e40a73b567072,Shonie Carter,"5' 10""",170 lbs.,,Southpaw,"May 03, 1972",51,31,7,1.62,0.36,2.32,0.47,0.75,0.66,0.75,0.0
67533c6f7a2ac5f7e09afba2,5c1ca0c72b599a3c,Rafael Cavalcante,"6' 1""",205 lbs.,"74""",Orthodox,"Apr 14, 1980",12,7,0,2.71,0.53,3.62,0.49,0.6,0.4,0.63,0.1
67533c6f7a2ac5f7e09afbd3,5ef0088c1b19beeb,Bryan Caraway,"5' 8""",135 lbs.,"68""",Orthodox,"Aug 04, 1984",21,9,0,2.53,0.34,3.61,0.54,2.57,0.25,0.8,0.8
67533c6f7a2ac5f7e09afbd9,23100e8f71f25a4a,Cody Canterbury,"5' 8""",155 lbs.,,,,1,10,0,0.0,0.0,0.0,0.0,0.0,0.0,0.0,0.0
67533c6f7a2ac5f7e09afbb0,ec7ac09293d26c05,Bendy Casimir,"5' 5""",145 lbs.,,Southpaw,"Jun 10, 1980",20,14,2,0.74,0.27,3.42,0.54,0.0,0.0,1.0,0.0
67533c6f7a2ac5f7e09afbc3,b80ea4880f25c187,Tim Caron,"6' 1""",185 lbs.,,Orthodox,"Jul 24, 1987",7,1,0,0.59,0.5,6.9,0.12,0.0,0.0,0.0,0.0
67533c6f7a2ac5f7e09afbaa,a0a69dc9914ef6e1,Eric Castile,"5' 8""",145 lbs.,,,,3,2,0,0.0,0.0,0.0,0.0,0.0,0.0,0.0,0.0
67533c6f7a2ac5f7e09afb9f,0e21976afc92e4d1,Magnus Cedenblad,"6' 5""",185 lbs.,"79""",Orthodox,"Apr 10, 1982",14,5,0,2.38,0.51,3.02,0.4,2.87,0.64,0.66,1.0
67533c6f7a2ac5f7e09afbad,2b1c6f28039efe36,Joe Cason,"6' 3""",205 lbs.,,,"Jan 19, 1988",9,1,0,4.17,0.55,10.83,0.23,0.0,0.0,0.0,0.0
67533c6f7a2ac5f7e09afbb1,31c01fbc2586a5eb,Dwayne Cason,"5' 10""",212 lbs.,,Orthodox,,1,1,0,0.0,0.0,0.0,0.0,0.0,0.0,0.0,0.0
67533c6f7a2ac5f7e09afbac,d1e7fc58d4225cdf,Danny Castillo,"5' 9""",155 lbs.,"71""",Orthodox,"Aug 25, 1979",17,10,0,2.57,0.42,1.96,0.62,2.95,0.38,0.63,0.2
67533c6f7a2ac5f7e09afb9d,056c493bbd76a918,Henry Cejudo,"5' 4""",135 lbs.,"64""",Orthodox,"Feb 09, 1987",16,4,0,3.77,0.46,3.29,0.6,1.99,0.32,0.75,0.2
67533c6f7a2ac5f7e09afbab,31ceaf0e670c1578,Gil Castillo,"5' 9""",170 lbs.,,Southpaw,"Oct 21, 1965",8,5,0,0.6,0.45,2.22,0.44,3.33,0.45,0.5,0.0
67533c6f7a2ac5f7e09afbd6,899eaba48fa864a6,Gina Carano,"5' 8""",145 lbs.,,Orthodox,"Apr 16, 1982",7,1,0,4.5,0.47,2.66,0.64,1.24,0.66,0.85,1.6
67533c6f7a2ac5f7e09afbd8,6750e338922a099d,Bo Cantrell,"6' 2""",235 lbs.,,Orthodox,"Feb 08, 1969",10,10,0,3.16,0.16,12.63,0.0,0.0,0.0,0.0,0.0
67533c6f7a2ac5f7e09afbc7,51a0c09cbe9b8472,Liz Carmouche,"5' 6""",125 lbs.,"66""",Orthodox,"Feb 19, 1984",13,7,0,2.78,0.54,2.51,0.61,2.57,0.51,0.65,0.3
67533c6f7a2ac5f7e09afbe0,24b033b3daf1c9df,Luiz Cane,"6' 2""",185 lbs.,"77""",Southpaw,"Apr 24, 1981",17,7,0,4.79,0.41,5.0,0.6,0.56,0.28,1.0,0.3
67533c6f7a2ac5f7e09afbb3,5f179af5fffeb9f6,Cortney Casey,"5' 7""",125 lbs.,"67""",Orthodox,"May 05, 1987",10,10,0,4.29,0.39,4.0,0.55,0.39,0.31,0.39,0.5
67533c6f7a2ac5f7e09afbbc,1e3302f9ab6f549a,Scott Carson,"6' 2""",215 lbs.,,,,4,2,0,0.62,0.66,6.22,0.23,0.0,0.0,0.0,0.0
67533c6f7a2ac5f7e09afbc8,3591d0d5d382a381,Francis Carmont,"6' 3""",205 lbs.,"78""",Orthodox,"Oct 11, 1981",25,12,0,2.22,0.42,1.64,0.59,1.79,0.36,0.73,0.6
67533c6f7a2ac5f7e09afbde,23fbe02caabcd214,Ronaldo Candido,"5' 6""",125 lbs.,,Southpaw,"Apr 24, 1989",6,0,0,1.67,0.42,3.87,0.52,8.0,0.53,0.0,5.0
67533c6f7a2ac5f7e09afba8,feeae92f951f49a9,Raul Castillo,"5' 11""",185 lbs.,,Orthodox,,7,1,0,1.47,0.48,3.27,0.6,0.0,0.0,0.0,0.0
67533c6f7a2ac5f7e09afbcf,b2e3aca4cd363477,Chris Cariaso,"5' 3""",125 lbs.,"64""",Southpaw,"May 27, 1981",17,8,0,3.35,0.43,2.23,0.61,1.11,0.39,0.57,0.8
67533c6f7a2ac5f7e09afbc4,528b071cf3da7c56,Luana Carolina,"5' 6""",125 lbs.,"69""",Orthodox,"Jun 11, 1993",11,4,0,4.81,0.5,3.54,0.5,0.34,0.37,0.74,0.6
67533c6f7a2ac5f7e09afbc5,c0d5c0c95c59050b,Ariane Carnelossi,"5' 2""",115 lbs.,"61""",Orthodox,"Nov 17, 1992",15,3,0,2.87,0.39,4.74,0.45,1.37,0.55,0.14,0.3
67533c6f7a2ac5f7e09afbc1,b62d5280966b2460,Clayton Carpenter,"5' 6""",125 lbs.,"66""",Orthodox,"Jun 09, 1996",8,0,0,4.56,0.53,2.71,0.6,2.95,0.55,0.0,2.4
67533c6f7a2ac5f7e09afbdf,760a55d5b6098cbe,Carlos Candelario,"5' 8""",125 lbs.,"68""",Southpaw,"Jun 04, 1991",8,3,0,3.97,0.46,5.17,0.44,2.28,0.36,0.53,0.3
67533c6f7a2ac5f7e09afba9,e680418329c84ec4,Jenna Castillo,"5' 2""",125 lbs.,,,"May 05, 1982",1,0,0,3.24,0.56,2.01,0.57,1.68,1.0,1.0,0.0
67533c6f7a2ac5f7e09afbd7,83b8fe74224dd642,Paul Capaldo,"5' 7""",135 lbs.,,,"Dec 27, 1996",6,0,0,0.0,0.0,0.0,0.0,0.0,0.0,0.0,0.0
67533c6f7a2ac5f7e09afbbe,9346efb4bbaedd08,Cody Carrillo,"5' 10""",155 lbs.,,,,11,16,0,0.0,0.0,0.0,0.0,0.0,0.0,0.0,0.0
67533c6f7a2ac5f7e09afbb8,456c02115efc4a01,Bruno Carvalho,"5' 8""",154 lbs.,,,"Jun 07, 1982",10,5,0,0.6,0.45,0.93,0.53,0.0,0.0,0.66,4.0
67533c6f7a2ac5f7e09afbb5,1f4b04a926ef1287,Johnny Case,"5' 10""",155 lbs.,"72""",Orthodox,"Jun 28, 1989",22,6,0,3.95,0.38,2.66,0.61,1.7,0.45,0.72,0.2
67533c6f7a2ac5f7e09afbdb,03da33a102d9a45f,Jose Canseco,"6' 4""",240 lbs.,,Orthodox,"Jul 02, 1964",0,1,0,0.78,0.1,4.68,0.62,0.0,0.0,0.0,0.0
67533c6f7a2ac5f7e09afbd4,bd81a97864acf098,Phil Caracappa,"5' 8""",135 lbs.,"70""",Orthodox,"Jun 05, 1992",6,1,0,2.93,0.5,4.07,0.29,1.0,0.08,1.0,1.0
67533c6f7a2ac5f7e09afbdc,d05412b513b19621,Guido Cannetti,"5' 6""",135 lbs.,"68""",Southpaw,"Dec 19, 1979",10,8,0,3.44,0.55,2.84,0.51,2.27,0.55,0.64,0.4
67533c6f7a2ac5f7e09afbc9,be68b375707dcb85,Spike Carlyle,"5' 8""",145 lbs.,"71""",Switch,"May 06, 1993",9,3,0,2.55,0.54,3.85,0.3,3.34,0.36,0.57,0.5
67533c6f7a2ac5f7e09afba6,f8fe2053d73d7bcf,Nick Catone,"6' 0""",185 lbs.,"72""",Southpaw,"Sep 01, 1981",10,4,0,2.11,0.44,2.32,0.63,3.71,0.44,0.83,0.5
67533c6f7a2ac5f7e09afbdd,13a0275fa13c4d26,Jared Cannonier,"5' 11""",185 lbs.,"77""",Switch,"Mar 16, 1984",17,8,0,4.49,0.5,4.39,0.56,0.42,0.46,0.62,0.0
67533c6f7a2ac5f7e09afbbf,064b7dc68d786254,Cain Carrizosa,"5' 8""",155 lbs.,,Orthodox,"Jul 22, 1986",10,3,0,2.72,0.42,5.8,0.51,0.0,0.0,0.14,0.0
67533c6f7a2ac5f7e09afba4,2a74bbba57058f12,Gesias Cavalcante,"5' 8""",155 lbs.,"71""",Orthodox,"Jul 06, 1983",21,10,1,1.98,0.35,3.11,0.51,1.25,0.36,0.66,1.1
67533c6f7a2ac5f7e09afbba,fef3d17e27e916e7,Antonio Carvalho,"5' 9""",145 lbs.,"70""",Orthodox,"May 30, 1979",15,6,0,3.03,0.29,3.62,0.64,0.0,0.0,1.0,0.0
67533c6f7a2ac5f7e09afbb2,3993f7dcb7caf42a,Brandon Cash,"6' 5""",255 lbs.,,Orthodox,,10,4,0,5.42,0.72,0.68,0.33,10.17,0.66,0.0,0.0
67533c6f7a2ac5f7e09afbc2,89ed44801968b8e3,Gabriel Carrasco,"5' 6""",135 lbs.,,,,7,0,0,4.15,0.37,1.53,0.8,0.0,0.0,1.0,0.0
67533c6f7a2ac5f7e09afbcb,52e76bb4b3e852f3,Antonio Carlos Junior,"6' 2""",185 lbs.,"79""",Orthodox,"Mar 16, 1990",11,5,0,1.95,0.42,2.14,0.52,3.42,0.39,0.53,0.8
67533c6f7a2ac5f7e09afbd0,f6a7b02c42e9fc5b,Phil Cardella,"5' 11""",155 lbs.,,,"Jul 09, 1976",8,5,0,2.47,0.5,2.0,0.57,0.0,0.0,0.11,2.5
67533c6f7a2ac5f7e09afadd,20999e27ddd94bda,Ryan Benoit,"5' 5""",125 lbs.,"68""",Orthodox,"Aug 25, 1989",10,8,0,2.88,0.39,3.65,0.58,0.28,0.22,0.72,0.4
67533c6f7a2ac5f7e09afbe2,32be4b7f7de1c905,Chico Camus,"5' 6""",125 lbs.,"66""",Orthodox,"Jan 26, 1985",17,7,0,2.58,0.41,2.46,0.64,0.77,0.4,0.72,0.4
67533c6f7a2ac5f7e09afbe3,aa8dc72b3a1f761c,Derek Campos,"5' 9""",155 lbs.,,,"Apr 01, 1988",19,6,0,2.41,0.23,10.34,0.44,0.0,0.0,0.0,0.0
67533c6f7a2ac5f7e09afbe5,db6d5f691aea3fd3,Wagner Campos,"5' 6""",145 lbs.,,Southpaw,"Jul 31, 1981",12,10,0,1.54,0.41,2.53,0.51,2.71,1.0,0.0,0.0
67533c6f7a2ac5f7e09afbe4,901cddcbfa079097,Will Campuzano,"5' 9""",125 lbs.,"70""",Orthodox,"May 27, 1986",14,6,0,2.43,0.31,3.82,0.57,0.88,0.45,0.48,0.2
67533c6f7a2ac5f7e09afbe6,c2a670b22d2e196f,Aleksa Camur,"6' 1""",205 lbs.,"74""",Orthodox,"Sep 25, 1995",6,3,0,4.73,0.57,4.26,0.54,0.46,0.22,0.5,0.0
67533c6f7a2ac5f7e09afbe8,784285b7ae7dd85f,Shane Campbell,"6' 0""",155 lbs.,"71""",Orthodox,"Jan 21, 1987",14,6,0,3.99,0.59,3.19,0.55,1.36,0.28,0.82,0.0
67533c6f7a2ac5f7e09afbe7,31bbd46d57dfbcb7,John Campetella,"5' 9""",235 lbs.,,Orthodox,,0,1,0,0.0,0.0,0.0,0.0,0.0,0.0,0.0,0.0
67533c6f7a2ac5f7e09afbee,dfb965c9824425db,Joe Camacho,"5' 9""",155 lbs.,,Orthodox,"Mar 10, 1972",13,19,3,0.31,0.17,5.0,0.42,0.0,0.0,0.0,0.0
67533c6f7a2ac5f7e09afbec,1999ffb5cebc314f,Brian Camozzi,"6' 2""",170 lbs.,"78""",Orthodox,"Jun 24, 1991",7,5,0,3.15,0.26,6.39,0.54,0.0,0.0,0.0,0.7
67533c6f7a2ac5f7e09afbeb,4a99978a0366bb29,Ricky Camp,"5' 7""",135 lbs.,,,,11,4,0,0.0,0.0,0.0,0.0,0.0,0.0,0.0,0.0
67533c6f7a2ac5f7e09afbf1,71d25689f70e4036,Lucas Camacho,"6' 4""",265 lbs.,"80""",Orthodox,"Dec 15, 1992",6,1,0,4.08,0.38,8.16,0.06,0.0,0.0,0.0,0.0
67533c6f7a2ac5f7e09afbf0,7abe471b61725980,Fabricio Camoes,"5' 10""",155 lbs.,"71""",Orthodox,"Dec 23, 1978",14,9,1,1.29,0.33,1.85,0.61,2.34,0.32,0.2,1.5
67533c6f7a2ac5f7e09afbef,6c2030e0a143a94b,Chris Camozzi,"6' 2""",185 lbs.,"75""",Orthodox,"Nov 20, 1986",24,13,0,3.57,0.44,2.96,0.56,0.27,0.19,0.57,0.5
67533c6f7a2ac5f7e09afbed,f5585e675af7afd4,Mike Campbell,"5' 9""",155 lbs.,,Southpaw,,13,4,0,1.4,0.26,1.4,0.63,5.26,1.0,0.0,0.0
67533c6f7a2ac5f7e09afbea,b39f7a6c2be17ee8,Charlie Campbell,"6' 0""",155 lbs.,"72""",Orthodox,"Jul 03, 1995",9,2,0,5.55,0.54,3.73,0.55,2.95,0.4,0.71,0.0
67533c6f7a2ac5f7e09afbf3,98215d037be5bcb7,Cynthia Calvillo,"5' 4""",115 lbs.,"64""",Orthodox,"Jul 13, 1987",9,6,1,4.41,0.38,4.12,0.64,1.8,0.44,0.77,0.8
67533c6f7a2ac5f7e09afbf2,53d471e9bf5f2fc8,Taylor Callens,"5' 10""",155 lbs.,,,"May 21, 1991",6,0,0,0.0,0.0,0.0,0.0,0.0,0.0,0.0,0.0
67533c6f7a2ac5f7e09afbf4,764342d39cdaa54a,Frank Camacho,"5' 10""",155 lbs.,"73""",Orthodox,"May 18, 1989",22,10,0,6.56,0.46,7.44,0.51,1.11,0.31,0.73,0.0
67533c6f7a2ac5f7e09afbf5,fc0a4053eb8a3a59,Nicolle Caliari,"5' 3""",125 lbs.,"62""",Orthodox,"Nov 04, 1996",8,2,0,1.89,0.52,3.16,0.31,6.32,0.66,0.0,6.3
67533c6f7a2ac5f7e09afbff,2153a7f8396a46cc,Luiz Dutra,"5' 11""",170 lbs.,,Orthodox,"May 06, 1982",13,6,1,3.92,0.5,4.8,0.41,0.0,0.0,1.0,0.0
67533c6f7a2ac5f7e09afbfd,b1e5bcaad32a3cac,Priscila Cachoeira,"5' 7""",125 lbs.,"65""",Orthodox,"Aug 19, 1988",12,6,0,3.76,0.44,7.03,0.43,0.15,0.33,0.65,0.0
67533c6f7a2ac5f7e09afc00,7f6ed67d3ed3c036,Cody Durden,"5' 7""",125 lbs.,"67""",Southpaw,"Mar 29, 1991",17,6,1,3.35,0.5,3.31,0.5,4.36,0.5,0.73,0.9
67533c6f7a2ac5f7e09afbfc,4417980b3e798abf,Reuben Duran,"5' 7""",135 lbs.,"71""",Orthodox,"Jul 02, 1983",11,7,1,3.19,0.49,2.61,0.5,0.98,0.23,0.25,0.7
67533c6f7a2ac5f7e09afbfe,ce7871949b0ed2bf,Alvin Cacdac,"5' 6""",125 lbs.,,Orthodox,,18,13,0,1.21,0.66,0.61,0.0,0.0,0.0,0.0,0.0
67533c6f7a2ac5f7e09afc01,6b7c7460855dbbb9,Albert Duraev,"5' 11""",185 lbs.,"75""",Orthodox,"Jan 05, 1989",16,5,0,2.99,0.4,3.01,0.59,1.97,0.29,0.66,0.6
67533c6f7a2ac5f7e09afc06,d3f5d33d61cd00c9,Norma Dumont,"5' 7""",135 lbs.,"67""",Orthodox,"Oct 01, 1990",12,2,0,3.86,0.5,2.16,0.65,1.72,0.56,0.72,0.0
67533c6f7a2ac5f7e09afc05,e5c9de15bb58b1c6,Evan Dunham,"5' 10""",155 lbs.,"70""",Southpaw,"Dec 18, 1981",18,9,1,5.33,0.39,3.54,0.61,1.82,0.33,0.79,1.0
67533c6f7a2ac5f7e09afc02,fd406a32a6fb3a29,Chris Duncan,"5' 10""",155 lbs.,"71""",Orthodox,"May 10, 1993",12,2,0,4.7,0.46,4.0,0.48,3.53,0.37,0.33,0.3
67533c6f7a2ac5f7e09afbfa,7aa3d6964eff4877,Alex Caceres,"5' 10""",145 lbs.,"73""",Southpaw,"Jun 20, 1988",21,15,0,4.21,0.49,3.09,0.62,0.54,0.68,0.64,0.7
67533c6f7a2ac5f7e09afc12,6c9b66b43663f2f7,Viktoriia Dudakova,"5' 5""",115 lbs.,"67""",Orthodox,"Jan 26, 1999",8,1,0,3.45,0.48,3.77,0.49,2.63,0.36,0.5,0.0
67533c6f7a2ac5f7e09afc1d,d2a9be6bf2de624c,Robert Drysdale,"6' 3""",205 lbs.,,Orthodox,"Oct 05, 1981",7,0,0,0.0,0.0,0.0,0.0,7.32,1.0,0.0,21.9
67533c6f7a2ac5f7e09afc1c,679a9054e2815943,Tomasz Drwal,"6' 1""",205 lbs.,"76""",Orthodox,"Jan 22, 1982",21,5,1,3.29,0.38,2.26,0.57,3.55,0.6,0.82,0.4
67533c6f7a2ac5f7e09afc10,cb6c45b26b0a877a,Adin Duenas,"5' 6""",145 lbs.,,,"Jul 02, 1988",6,1,0,0.0,0.0,0.0,0.0,0.0,0.0,0.0,0.0
67533c6f7a2ac5f7e09afc03,e979c76341f19b22,Tom Duquesnoy,"5' 7""",135 lbs.,"68""",Orthodox,"Jun 21, 1993",16,2,0,3.83,0.45,5.3,0.62,0.42,0.25,0.46,0.0
67533c6f7a2ac5f7e09afc08,e803242fb2e41112,Islam Dulatov,"6' 3""",170 lbs.,"75""",Orthodox,"Aug 02, 1998",11,1,0,14.27,0.56,5.49,0.51,5.49,1.0,0.0,0.0
67533c6f7a2ac5f7e09afbf7,7d4d7583df7eebf9,Carlos Calderon,"5' 11""",145 lbs.,"71""",Southpaw,"Feb 10, 1996",6,3,0,4.85,0.42,4.98,0.33,3.93,0.33,0.0,0.0
67533c6f7a2ac5f7e09afc16,c3d2b9bcb4cead6b,Yuneisy Duben,"5' 4""",125 lbs.,"65""",Orthodox,"Jul 08, 1996",6,0,0,20.55,0.64,11.51,0.41,0.0,0.0,0.0,0.0
67533c6f7a2ac5f7e09afc13,072a10e85f7d4bff,Milana Dudieva,"5' 3""",135 lbs.,,Orthodox,"Aug 04, 1989",11,6,0,0.87,0.31,3.43,0.58,2.34,0.45,0.0,0.0
67533c6f7a2ac5f7e09afc11,654ae722109a0d31,Joe Duffy,"5' 10""",155 lbs.,"73""",Orthodox,"Feb 18, 1988",16,5,0,2.68,0.34,3.78,0.54,0.96,0.66,0.64,0.7
67533c6f7a2ac5f7e09afc04,31732a614e7a3d1d,Alex Dunworth,"5' 8""",155 lbs.,,,,2,2,0,1.94,0.31,8.71,0.35,0.0,0.0,0.5,0.0
67533c6f7a2ac5f7e09afc15,ec322adbabbfa6e7,Matthieu Duclos,"6' 3""",185 lbs.,"77""",Orthodox,"Apr 04, 1995",6,3,0,3.93,0.37,6.81,0.46,0.0,0.0,1.0,0.0
67533c6f7a2ac5f7e09afbf8,90d28fee0af74f2d,Travis Calanoc,"5' 8""",145 lbs.,,Orthodox,,5,1,0,0.0,0.0,0.0,0.0,0.0,0.0,0.0,0.0
67533c6f7a2ac5f7e09afc1a,0d7b51c9d2649a6e,Dricus Du Plessis,"6' 1""",185 lbs.,"76""",Switch,"Jan 14, 1994",22,2,0,6.18,0.49,4.85,0.54,3.04,0.5,0.5,0.9
67533c6f7a2ac5f7e09afc19,29b5d32584e02d8d,Antonio Duarte,"5' 7""",135 lbs.,,,,19,7,0,4.55,0.4,4.18,0.57,0.0,0.0,0.6,0.0
67533c6f7a2ac5f7e09afc07,4e6738062d469256,Sedriques Dumas,"6' 2""",185 lbs.,"79""",Orthodox,"Aug 06, 1995",10,2,0,2.15,0.48,2.03,0.58,1.31,0.35,0.4,0.3
67533c6f7a2ac5f7e09afc0f,cea51876d8a514a0,Jack Duffy,"5' 7""",125 lbs.,"69""",Switch,"Oct 02, 1995",7,1,0,5.07,0.69,2.13,0.52,0.0,0.0,0.62,0.0
67533c6f7a2ac5f7e09afbfb,ed2a8cc402173781,Vince Cachero,"5' 6""",145 lbs.,"68""",Orthodox,"Nov 07, 1989",7,4,0,3.29,0.45,6.51,0.43,0.0,0.0,0.18,0.5
67533c6f7a2ac5f7e09afbf9,800feaa25700a85f,Ricky Calatayud,"5' 9""",125 lbs.,,,"Oct 10, 1982",16,2,0,0.0,0.0,0.0,0.0,0.0,0.0,0.0,0.0
67533c6f7a2ac5f7e09afbf6,b7dc25ee40ee8334,Darrion Caldwell,"5' 10""",135 lbs.,,,"Dec 19, 1987",10,1,0,0.85,0.34,0.57,0.6,3.41,0.66,1.0,0.8
67533c6f7a2ac5f7e09afc14,02f8fedc18cbd26c,Emily Ducote,"5' 2""",115 lbs.,"63""",Orthodox,"Jan 01, 1994",13,9,0,7.45,0.52,7.84,0.57,0.2,0.14,0.94,0.0
67533c6f7a2ac5f7e09afc18,706404da0775dcbc,Hugo Duarte,"6' 0""",240 lbs.,,Orthodox,"Aug 09, 1968",6,3,0,0.0,0.0,0.0,0.0,0.0,0.0,0.0,0.0
67533c6f7a2ac5f7e09afc0e,bda04c573563cc2e,Todd Duffee,"6' 3""",260 lbs.,"78""",Orthodox,"Dec 06, 1985",9,3,0,5.93,0.37,2.87,0.56,0.72,0.25,0.9,0.0
67533c6f7a2ac5f7e09afc09,a93f94c923c3a9cb,Christian Leroy Duncan,"6' 2""",185 lbs.,"79""",Switch,"Jul 24, 1995",10,2,0,4.71,0.62,3.57,0.49,0.31,0.14,0.64,0.0
67533c6f7a2ac5f7e09afc0d,1a225f04aa6e0739,Kelly Dullanty,"5' 8""",155 lbs.,,Orthodox,"Nov 04, 1977",4,2,0,0.0,0.0,0.67,0.75,0.0,0.0,0.66,0.0
67533c6f7a2ac5f7e09afc1b,5fd834edd92c9e50,Chris Drumm,"5' 8""",145 lbs.,,,,0,1,0,0.0,0.0,0.0,0.0,0.0,0.0,0.0,0.0
67533c6f7a2ac5f7e09afc23,0509b954421bb327,John Doyle,"5' 11""",205 lbs.,,Orthodox,"Nov 21, 1976",11,22,0,3.5,0.44,10.51,0.27,0.0,0.0,0.0,0.0
67533c6f7a2ac5f7e09afc21,a66395395b5f1394,Danny Downes,"6' 0""",155 lbs.,"72""",Orthodox,"Apr 08, 1986",8,3,0,1.66,0.34,3.53,0.37,0.0,0.0,0.37,0.5
67533c6f7a2ac5f7e09afc20,f9c7fe2682af3802,Edson Drago,"6' 4""",220 lbs.,,Orthodox,"Aug 29, 1977",11,7,0,1.16,0.4,2.39,0.36,0.0,0.0,0.55,0.0
67533c6f7a2ac5f7e09afc22,b05086131c6f5dc5,Derek Downey,"6' 1""",185 lbs.,,Orthodox,"Apr 27, 1980",11,4,0,0.32,1.0,3.36,0.12,2.4,0.16,0.0,0.0
67533c6f7a2ac5f7e09afc1e,e5e148d4363deff8,Kyle Driscoll,"5' 11""",145 lbs.,"74""",Orthodox,"Sep 23, 1994",12,3,0,2.73,0.32,2.6,0.58,2.0,0.18,0.0,0.0
67533c6f7a2ac5f7e09afc1f,c2c4052f58f54988,Anthony Drilich,"5' 5""",125 lbs.,"65""",Southpaw,"Mar 17, 1994",8,2,0,5.8,0.31,5.07,0.4,0.0,0.0,0.55,0.0
67533c6f7a2ac5f7e09afc61,43563a32c3f10e95,Cyrille Diabate,"6' 6""",205 lbs.,"81""",Southpaw,"Oct 06, 1973",19,10,1,4.06,0.71,1.78,0.6,1.17,0.83,0.53,0.2
67533c6f7a2ac5f7e09afc27,5159e6ee100c717e,Cedric Doumbe,"5' 10""",170 lbs.,,,"Aug 13, 1992",2,0,0,0.0,0.0,0.0,0.0,0.0,0.0,0.0,0.0
67533c6f7a2ac5f7e09afc46,1db445a4468447d0,Matt Dixon,"5' 10""",170 lbs.,"75""",Switch,"Oct 09, 1995",9,1,0,1.97,0.43,4.56,0.37,3.06,0.3,0.0,0.0
67533c6f7a2ac5f7e09afc3a,29b5791e51e7e832,Mike Dolce,"5' 11""",185 lbs.,,,"Apr 15, 1976",5,10,0,0.0,0.0,0.0,0.0,0.0,0.0,0.0,0.0
67533c6f7a2ac5f7e09afc2e,b51f6791c794e289,Geronimo dos Santos,"6' 3""",264 lbs.,,Orthodox,"Aug 17, 1980",39,19,0,1.09,0.33,8.73,0.41,0.0,0.0,0.33,0.0
67533c6f7a2ac5f7e09afc35,bad82b681819b272,Dong Huaxiang,"5' 3""",115 lbs.,"61""",Switch,"Aug 21, 1998",12,3,0,3.5,0.59,3.13,0.65,4.0,0.44,1.0,0.0
67533c6f7a2ac5f7e09afc44,f50d95223751e6ca,Russell Doane,"5' 7""",135 lbs.,"70""",Orthodox,"Aug 13, 1986",15,8,0,1.75,0.4,1.68,0.53,2.11,0.45,0.52,0.8
67533c6f7a2ac5f7e09afc55,6967153c7edb4d87,Ozzy Diaz,"6' 4""",205 lbs.,"79""",Orthodox,"Nov 22, 1990",9,3,0,2.21,0.43,4.74,0.46,0.0,0.0,0.0,0.0
67533c6f7a2ac5f7e09afc4d,b4f7a2d8ecc5e0c3,Ralph Dillon,"6' 2""",205 lbs.,,Orthodox,,0,2,1,0.34,0.14,0.69,0.6,0.0,0.0,0.0,0.0
67533c6f7a2ac5f7e09afc52,31da66df48c0c1a0,Kyle Dietz,"5' 8""",135 lbs.,,Orthodox,"Apr 29, 1986",5,2,0,1.82,0.45,2.08,0.62,0.0,0.0,0.0,0.0
67533c6f7a2ac5f7e09afc3b,dbaaf42313af90fa,Joe Doerksen,"6' 0""",185 lbs.,"75""",Orthodox,"Oct 09, 1977",51,16,0,1.43,0.42,2.79,0.5,2.02,0.33,0.33,2.3
67533c6f7a2ac5f7e09afc2f,bbc9ab95fa766493,Anderson Dos Santos,"5' 5""",135 lbs.,"70""",Orthodox,"Jul 24, 1985",21,9,0,2.7,0.25,5.37,0.49,0.98,0.14,0.66,0.7
67533c6f7a2ac5f7e09afc62,8126e4dff0cdf69e,Micol Di Segni,"5' 3""",115 lbs.,"60""",Orthodox,"Dec 29, 1987",7,3,0,7.47,0.4,5.87,0.33,0.0,0.0,0.37,0.0
67533c6f7a2ac5f7e09afc58,b5abaa65f87938eb,Rafael Dias,"5' 9""",145 lbs.,,Orthodox,"Oct 20, 1979",17,12,2,1.13,0.27,2.19,0.6,3.17,0.47,1.0,1.2
67533c6f7a2ac5f7e09afc63,77d7295d1b22c694,Alessio Di Chirico,"6' 0""",185 lbs.,"74""",Orthodox,"Dec 12, 1989",13,7,0,3.32,0.39,3.44,0.61,1.46,0.39,0.83,0.0
67533c6f7a2ac5f7e09afc48,73eb2a552c92a821,Helio Dipp,"6' 5""",185 lbs.,,Orthodox,,6,3,0,0.6,0.25,1.8,0.62,0.0,0.0,0.5,0.0
67533c6f7a2ac5f7e09afc5c,ee5df903f80c6816,Eldo Xavier Dias,"5' 11""",180 lbs.,,,"Jul 16, 1964",0,1,0,0.0,0.0,0.0,0.0,0.0,0.0,0.0,0.0
67533c6f7a2ac5f7e09afc3d,327d5f279895110d,Roman Dolidze,"6' 2""",185 lbs.,"76""",Orthodox,"Jul 15, 1988",14,3,0,3.16,0.42,3.38,0.5,1.33,0.42,0.33,1.1
67533c6f7a2ac5f7e09afc32,63def5a5662a6917,Junior Dos Santos,"6' 4""",238 lbs.,"77""",Orthodox,"Jan 30, 1984",21,9,0,4.49,0.47,3.33,0.56,0.3,0.5,0.81,0.1
67533c6f7a2ac5f7e09afc38,3bbcd63a016d9715,Cameron Dollar,"5' 11""",155 lbs.,,Orthodox,"May 12, 1987",11,5,0,5.04,0.38,2.94,0.61,0.0,0.0,0.0,0.0
67533c6f7a2ac5f7e09afc40,99506df1af6c8b3b,John Dodson,"5' 3""",135 lbs.,"66""",Orthodox,"Sep 26, 1984",22,12,0,3.2,0.4,3.58,0.61,0.71,0.28,0.82,0.0
67533c6f7a2ac5f7e09afc4e,c849740a3ff51931,TJ Dillashaw,"5' 6""",135 lbs.,"67""",Orthodox,"Feb 07, 1986",18,5,0,5.09,0.41,3.47,0.62,1.56,0.3,0.77,0.8
67533c6f7a2ac5f7e09afc42,7c9aeba0c4d4bd78,Anthony Do,"5' 4""",125 lbs.,,,,4,2,0,0.0,0.0,0.0,0.0,0.0,0.0,0.0,0.0
67533c6f7a2ac5f7e09afc4b,2d2239d0f6fa83dd,Rodolfo Marques Diniz,"5' 6""",135 lbs.,,,"Jan 23, 1984",23,9,1,1.08,0.32,2.36,0.33,0.0,0.0,0.5,1.8
67533c6f7a2ac5f7e09afc33,8ce87f7e3a9baed2,Tiago dos Santos e Silva,"5' 9""",145 lbs.,"70""",Orthodox,"Apr 12, 1987",20,7,2,3.69,0.35,4.23,0.59,0.63,0.11,0.33,0.3
67533c6f7a2ac5f7e09afc51,bfa8f263815cfa2e,Adrian Diaz,"5' 10""",145 lbs.,,Southpaw,"Apr 26, 1988",11,4,1,0.48,0.42,3.84,0.51,2.4,0.5,0.0,0.0
67533c6f7a2ac5f7e09afc2d,81b8b3fb019dc69d,Antonio Dos Santos,"5' 10""",185 lbs.,,Orthodox,"Jul 21, 1988",6,4,0,5.4,0.51,3.94,0.43,0.0,0.0,1.0,0.0
67533c6f7a2ac5f7e09afc34,1c610f900f9884ab,John Donaldson,"5' 8""",145 lbs.,,,"Jul 09, 1992",2,2,0,1.21,0.23,4.22,0.51,0.0,0.0,0.0,0.0
67533c6f7a2ac5f7e09afc0a,a7ddae0be8b78147,Jessamyn Duke,"5' 11""",135 lbs.,"73""",Orthodox,"Jun 24, 1986",3,5,0,4.83,0.53,4.43,0.57,1.27,0.36,0.5,1.9
67533c6f7a2ac5f7e09afc64,48544433372ecfa6,Cory Devela,"5' 0""",185 lbs.,,Orthodox,,16,7,0,4.07,0.41,4.0,0.47,1.07,0.12,0.62,0.0
67533c6f7a2ac5f7e09afc5d,9edf2c9082cc2cd8,Blood Diamond,"5' 11""",170 lbs.,"76""",Switch,"Jul 10, 1988",3,3,0,3.12,0.55,2.17,0.48,0.0,0.0,0.73,0.0
67533c6f7a2ac5f7e09afc49,25f9a5f3e8a52618,Jhonata Diniz,"6' 4""",254 lbs.,"79""",Orthodox,"Jun 23, 1991",8,1,0,3.36,0.53,2.96,0.49,0.0,0.0,0.69,0.0
67533c6f7a2ac5f7e09afc2c,02bb48869eb7ac8f,Rayanne dos Santos,"5' 2""",115 lbs.,"62""",Orthodox,"Jun 08, 1995",14,8,0,4.36,0.43,5.2,0.61,0.33,0.12,0.88,0.0
67533c6f7a2ac5f7e09afc39,6a2f7c151031653d,Rafael Dos Anjos,"5' 8""",170 lbs.,"70""",Southpaw,"Oct 26, 1984",32,17,0,3.48,0.47,3.23,0.6,1.95,0.35,0.54,0.6
67533c6f7a2ac5f7e09afc0c,4ae4049426e0161d,Alexis Dufresne,"5' 9""",135 lbs.,,Orthodox,"Aug 31, 1990",6,3,0,1.33,0.27,3.33,0.6,1.5,0.5,0.5,0.0
67533c6f7a2ac5f7e09afc29,7cf0944b88966118,David Douglas,"5' 11""",155 lbs.,,,"Aug 16, 1981",9,7,0,0.0,0.0,0.0,0.0,0.0,0.0,0.0,0.0
67533c6f7a2ac5f7e09afc53,414bddf0c80c41e1,Josh Diekmann,"5' 4""",246 lbs.,,,"Oct 09, 1976",15,8,0,0.28,0.05,8.17,0.25,0.0,0.0,0.0,0.0
67533c6f7a2ac5f7e09afc50,eb42d4febfafefd1,Seth Dikun,"5' 10""",135 lbs.,"69""",Orthodox,"Aug 05, 1980",9,8,0,1.45,0.26,2.18,0.55,0.0,0.0,0.45,0.9
67533c6f7a2ac5f7e09afc59,f57a8a52ca401ed9,Nick Diaz,"6' 1""",170 lbs.,"76""",Southpaw,"Aug 02, 1983",26,10,0,5.71,0.42,3.84,0.59,1.28,0.32,0.6,1.0
67533c6f7a2ac5f7e09afc56,8355922d564b152c,Nate Diaz,"6' 0""",170 lbs.,"76""",Southpaw,"Apr 16, 1985",22,13,0,4.57,0.45,3.77,0.52,1.05,0.3,0.41,1.3
67533c6f7a2ac5f7e09afc30,7bc96507e4b38d3b,Cody Donovan,"6' 3""",205 lbs.,"74""",Orthodox,"Feb 20, 1981",8,5,0,5.61,0.59,5.44,0.45,1.67,0.28,0.0,1.7
67533c6f7a2ac5f7e09afc5f,32c355b04fc57f3a,Marc Diakiese,"5' 10""",155 lbs.,"73""",Orthodox,"Mar 16, 1993",17,7,0,2.54,0.4,2.64,0.52,3.29,0.43,0.66,0.0
67533c6f7a2ac5f7e09afc47,ec7f7263bf36579b,Rico DiSciullo,"5' 8""",135 lbs.,,Orthodox,"Oct 12, 1986",9,2,0,1.71,0.33,4.41,0.56,0.0,0.0,0.0,0.0
67533c6f7a2ac5f7e09afc60,f5f6419c5f00abad,Tyler Diamond,"5' 7""",145 lbs.,"69""",Orthodox,"Mar 18, 1991",9,1,0,3.4,0.47,2.53,0.44,3.0,0.75,0.7,0.0
67533c6f7a2ac5f7e09afc41,122ac9b816d8b71c,Shana Dobson,"5' 6""",125 lbs.,"69""",Orthodox,"Mar 30, 1989",4,5,0,3.34,0.37,5.2,0.5,0.84,0.5,0.14,0.0
67533c6f7a2ac5f7e09afc5e,8567466ae167216b,Thomas Diagne,"6' 1""",154 lbs.,,,"Sep 03, 1983",6,6,1,4.53,0.48,4.53,0.63,2.0,1.0,0.66,0.0
67533c6f7a2ac5f7e09afc3e,009c4420727149ea,AJ Dobson,"6' 1""",185 lbs.,"76""",Orthodox,"Jan 18, 1992",7,3,0,4.29,0.46,5.31,0.46,1.67,0.75,0.65,0.3
67533c6f7a2ac5f7e09afc5b,ed209f6618c82e41,Hacran Dias,"5' 8""",155 lbs.,"69""",Orthodox,"Jun 16, 1984",23,6,1,2.08,0.41,3.31,0.55,2.5,0.39,0.76,0.5
67533c6f7a2ac5f7e09afc45,519e4fe37ce9ff75,Drew Dober,"5' 8""",155 lbs.,"70""",Southpaw,"Oct 19, 1988",27,14,0,4.39,0.4,4.25,0.51,0.67,0.17,0.56,0.1
67533c6f7a2ac5f7e09afc4a,e0664abaa023fd6f,Ding Meng,"6' 2""",170 lbs.,"73""",Orthodox,"Sep 27, 1994",34,9,0,3.4,0.5,3.87,0.48,1.0,0.5,0.0,0.0
67533c6f7a2ac5f7e09afc2a,5cdf5339728f580d,Felipe dos Santos,"5' 7""",125 lbs.,"70""",Orthodox,"Sep 11, 2000",8,2,0,3.87,0.37,3.78,0.41,0.0,0.0,0.14,0.3
67533c6f7a2ac5f7e09afc4f,2482ef3331a82e75,Mark Dickman,"5' 9""",145 lbs.,,,"Jul 19, 1984",11,3,0,0.0,0.0,0.0,0.0,0.0,0.0,0.0,0.0
67533c6f7a2ac5f7e09afc57,f7202b3130421d27,Victor Dias,"5' 6""",125 lbs.,"69""",Orthodox,"Dec 26, 1990",11,3,0,2.87,0.44,5.8,0.55,5.0,0.41,0.0,0.0
67533c6f7a2ac5f7e09afc0b,a57cb948c4c70a47,Isaac Dulgarian,"5' 7""",145 lbs.,"71""",Orthodox,"Jul 04, 1996",7,1,0,3.37,0.64,1.82,0.41,5.15,0.52,0.0,2.1
67533c6f7a2ac5f7e09afc2b,957562fdf68a725a,Acacio Dos Santos,"6' 4""",205 lbs.,"79""",Orthodox,"Sep 29, 1991",14,5,0,1.27,0.41,1.4,0.43,0.0,0.0,0.31,0.0
67533c6f7a2ac5f7e09afc31,312f47c3d2f83ffa,Houston Dorr,"6' 1""",210 lbs.,,Orthodox,,1,2,0,0.0,0.0,0.0,0.0,0.0,0.0,0.0,0.0
67533c6f7a2ac5f7e09afc28,86cb6f5b1ca98dc0,Oleksandr Doskalchuk,"5' 6""",125 lbs.,,Southpaw,"Mar 13, 1990",10,2,0,0.0,0.0,0.0,0.0,0.0,0.0,0.0,0.0
67533c6f7a2ac5f7e09afc43,ad4e9055bf8cd04d,John Dixson,"6' 0""",275 lbs.,,Orthodox,,15,22,0,0.0,0.0,0.0,0.0,0.0,0.0,0.0,0.0
67533c6f7a2ac5f7e09afc3c,5d7bdab5e03e3216,CB Dollaway,"6' 2""",185 lbs.,"76""",Orthodox,"Aug 10, 1983",17,9,0,2.65,0.47,2.58,0.54,3.55,0.54,0.62,1.2
67533c6f7a2ac5f7e09afc3f,c2a7623f398d9bd7,David Dodd,"6' 2""",200 lbs.,,Orthodox,"Sep 22, 1973",4,7,0,0.0,0.0,0.0,0.0,0.0,0.0,0.0,0.0
67533c6f7a2ac5f7e09afc65,140567899d98978a,Robelis Despaigne,"6' 7""",265 lbs.,"84""",Orthodox,"Sep 09, 1988",5,2,0,2.11,0.59,2.54,0.46,0.0,0.0,0.5,0.0
67533c6f7a2ac5f7e09afb7e,04b39f4e8eb59d7c,Oluwale Bamgbose,"5' 11""",185 lbs.,"78""",Switch,"Aug 04, 1987",6,4,0,2.45,0.48,2.7,0.55,0.94,0.33,0.37,0.0
67533c6f7a2ac5f7e09afc67,7447e9f28508106a,Mackenzie Dern,"5' 4""",115 lbs.,"63""",Orthodox,"Mar 24, 1993",14,5,0,3.43,0.39,4.12,0.51,0.88,0.16,0.3,1.2
67533c6f7a2ac5f7e09afc69,6ad9058b7c7898b0,Tony DeSouza,"6' 0""",170 lbs.,"70""",Southpaw,"Jul 26, 1974",11,4,0,1.12,0.52,1.57,0.41,2.25,0.42,0.4,1.5
67533c6f7a2ac5f7e09afc6a,f2c91b67f71bbeab,Booker DeRousse,"6' 2""",205 lbs.,,,"Mar 23, 1981",6,5,0,0.0,0.0,0.0,0.0,0.0,0.0,0.0,0.0
67533c6f7a2ac5f7e09afc6b,fa8b9e6b0c2269f8,Jason Dent,"5' 10""",155 lbs.,"71""",Orthodox,"Jun 12, 1980",22,13,0,2.01,0.39,3.7,0.62,0.0,0.0,0.26,1.4
67533c6f7a2ac5f7e09afc6c,e4aaaa34535e32b6,Nick Denis,"5' 7""",135 lbs.,,Orthodox,"Oct 11, 1983",11,3,0,6.54,0.53,5.42,0.36,2.8,1.0,0.8,0.0
67533c6f7a2ac5f7e09afc72,6ceff86fae4f6b3b,Jason DeLucia,"5' 11""",190 lbs.,,Southpaw,"Jul 24, 1969",33,21,1,0.0,0.0,0.0,0.0,0.0,0.0,0.0,0.0
67533c6f7a2ac5f7e09afc6e,a11a6ee8eeb03c18,Thomas Denny,"5' 10""",170 lbs.,,Orthodox,"Apr 19, 1971",27,21,1,2.36,0.45,4.69,0.4,1.48,0.17,0.42,1.5
67533c6f7a2ac5f7e09afc6f,dfae5da5676e4194,Chris Dempsey,"5' 10""",185 lbs.,"72""",Orthodox,"Sep 08, 1987",11,5,0,2.25,0.32,2.82,0.65,2.64,0.23,0.16,0.0
67533c6f7a2ac5f7e09afc71,2c483cf443f38ece,Vanessa Demopoulos,"5' 2""",115 lbs.,"59""",Orthodox,"Sep 22, 1988",11,6,0,3.87,0.41,5.53,0.41,0.41,0.11,0.27,0.5
67533c6f7a2ac5f7e09afc73,70380ccdc81915b8,Yadier DelValle,"5' 9""",145 lbs.,"69""",Southpaw,"Jul 29, 1996",8,0,0,8.33,0.66,3.93,0.5,2.0,0.33,0.66,1.0
67533c6f7a2ac5f7e09afc75,0d0351c20169a499,Jon Delos Reyes,"5' 6""",125 lbs.,"67""",Orthodox,"Aug 19, 1987",8,5,0,2.99,0.38,4.14,0.51,3.2,0.83,0.55,1.9
67533c6f7a2ac5f7e09afc74,173acb3f920082b8,Roland Delorme,"5' 9""",135 lbs.,"71""",Orthodox,"Dec 18, 1983",9,5,0,2.28,0.44,4.32,0.4,2.51,0.34,0.42,1.6
67533c6f7a2ac5f7e09afc76,6b453bc35a823c3f,Jack Della Maddalena,"5' 11""",170 lbs.,"73""",Switch,"Sep 10, 1996",17,2,0,6.74,0.53,4.27,0.66,0.21,0.16,0.7,0.2
67533c6f7a2ac5f7e09afc78,7d6ceff6747f2de2,Jose Delgado,"5' 11""",145 lbs.,"73""",Switch,"Apr 21, 1998",8,1,0,6.23,0.44,4.21,0.48,7.01,0.75,1.0,0.0
67533c6f7a2ac5f7e09afc7a,01f4bcd26ac08ad5,Israel Delgado,"5' 10""",155 lbs.,,,,0,2,0,0.0,0.0,0.0,0.0,0.0,0.0,0.0,0.0
67533c6f7a2ac5f7e09afc7b,a62f85f6a6c19a4c,Wallen Del Rosario,"5' 4""",125 lbs.,"67""",Orthodox,"Mar 18, 1993",8,2,0,1.4,0.32,4.73,0.4,1.0,0.16,1.0,0.0
67533c6f7a2ac5f7e09afc7e,85980f5da429c0a6,Shane del Rosario,"6' 4""",250 lbs.,,Southpaw,"Sep 23, 1983",11,2,0,3.93,0.6,2.97,0.54,1.2,0.4,0.16,2.4
67533c6f7a2ac5f7e09afc7d,e82b2adcaeff71ec,Rafael  Del Real,"5' 11""",225 lbs.,,,,6,20,0,5.58,0.4,0.0,0.0,20.93,1.0,1.0,0.0
67533c6f7a2ac5f7e09afc85,5dd180c8b3196786,Gloria de Paula,"5' 5""",115 lbs.,"67""",Orthodox,"Jun 10, 1995",6,5,0,4.89,0.53,3.77,0.66,0.74,0.37,0.65,0.5
67533c6f7a2ac5f7e09afc80,0bcfe2513cb3bc39,Tom DeBlass,"6' 0""",185 lbs.,,Orthodox,"May 14, 1982",9,2,0,1.5,0.35,4.43,0.37,1.0,0.5,0.28,0.5
67533c6f7a2ac5f7e09afc86,e0f959f65d0406b4,Isabela de Padua,"5' 3""",125 lbs.,"64""",Orthodox,"Sep 04, 1991",5,2,0,1.0,0.35,2.07,0.5,2.0,0.66,0.0,1.0
67533c6f7a2ac5f7e09afc8b,a4dc47001f202bcd,Rodrigo de Lima,"5' 7""",155 lbs.,,Orthodox,"Mar 12, 1991",8,3,1,1.29,0.33,5.5,0.32,2.66,0.36,0.0,1.3
67533c6f7a2ac5f7e09afc81,914a897455693650,Carl Deaton,"5' 7""",155 lbs.,"69""",Orthodox,"Nov 24, 1989",17,7,0,1.53,0.31,1.85,0.61,0.0,0.0,0.5,0.0
67533c6f7a2ac5f7e09afc87,ddf3e0ea10ea6d8c,Jorge de Oliveira,"5' 8""",155 lbs.,,Orthodox,"Jan 22, 1980",9,2,0,1.26,0.31,4.84,0.48,0.0,0.0,0.22,0.0
67533c6f7a2ac5f7e09afc88,f9aa6376ae16bfb4,Johil de Oliveira,"5' 6""",170 lbs.,,Orthodox,,17,15,1,0.51,0.34,0.73,0.58,1.1,0.5,0.44,0.6
67533c6f7a2ac5f7e09afc8a,1971869b7e054261,Mike de la Torre,"5' 11""",145 lbs.,"71""",Orthodox,"Sep 22, 1986",14,7,0,3.21,0.39,4.75,0.51,0.36,0.16,0.83,0.0
67533c6f7a2ac5f7e09afc8c,f57dd0bfa8c17813,Mark De La Rosa,"5' 6""",135 lbs.,"65""",Orthodox,"Aug 31, 1994",11,5,0,3.13,0.35,5.0,0.48,0.54,0.13,0.4,0.2
67533c6f7a2ac5f7e09afc84,1d239d571e342453,Germaine de Randamie,"5' 9""",135 lbs.,"71""",Orthodox,"Apr 24, 1984",10,5,0,2.57,0.46,2.0,0.65,0.0,0.0,0.65,0.4
67533c6f7a2ac5f7e09afc79,37b1696e6d115957,Rolando Delgado,"6' 3""",155 lbs.,"77""",Orthodox,"Nov 22, 1981",11,6,1,1.56,0.4,1.83,0.62,1.17,0.22,0.0,3.5
67533c6f7a2ac5f7e09afc89,afdb76fbd86f6d11,Edilberto de Oliveira,"6' 0""",170 lbs.,,Orthodox,"Nov 22, 1982",29,15,2,4.12,0.32,6.79,0.61,0.0,0.0,0.0,0.0
67533c6f7a2ac5f7e09afc6d,b72f3cafa6376e35,Robert Densley,"5' 9""",155 lbs.,,,,9,10,0,1.81,0.47,0.4,0.6,0.0,0.0,0.5,0.0
67533c6f7a2ac5f7e09afc77,7d8435c56043b0ae,Ante Delija,"6' 4""",245 lbs.,,Orthodox,"Aug 07, 1990",17,3,0,0.0,0.0,0.0,0.0,0.0,0.0,0.0,0.0
67533c6f7a2ac5f7e09afc98,4c2d90e335e6df19,Alexis Davis,"5' 6""",135 lbs.,"68""",Orthodox,"Oct 04, 1984",21,11,0,4.63,0.49,4.45,0.54,0.95,0.44,0.34,0.7
67533c6f7a2ac5f7e09afc96,2c9d00968f818270,Hakeem Dawodu,"5' 8""",145 lbs.,"73""",Orthodox,"Jul 02, 1991",13,4,1,5.45,0.5,3.37,0.56,0.0,0.0,0.65,0.0
67533c6f7a2ac5f7e09afc93,a6fd2173d5e2d7f0,Jason Day,"6' 0""",185 lbs.,"72""",Orthodox,"May 19, 1981",19,12,0,3.61,0.54,3.46,0.47,1.13,1.0,0.0,0.0
67533c6f7a2ac5f7e09afc91,1eff7bc0f815b270,Yorgan De Castro,"6' 0""",250 lbs.,"74""",Orthodox,"Dec 19, 1986",6,3,0,2.46,0.43,3.85,0.53,0.0,0.0,0.77,0.0
67533c6f7a2ac5f7e09afca2,2549d63da9c456cb,Rick Davis,"5' 9""",155 lbs.,,Orthodox,,3,1,1,3.09,0.5,6.19,0.64,0.0,0.0,0.0,0.0
67533c6f7a2ac5f7e09afc8f,9cfbfae5fa1fdd93,Geraldo de Freitas,"5' 7""",135 lbs.,"72""",Orthodox,"Sep 30, 1991",12,6,0,3.67,0.52,2.62,0.5,3.0,0.45,0.59,0.0
67533c6f7a2ac5f7e09afc8d,e51ee8ded927fc51,Chris de la Rocha,"6' 3""",250 lbs.,"80""",Orthodox,"May 15, 1979",5,3,0,4.08,0.45,6.37,0.43,2.02,0.3,0.33,1.0
67533c6f7a2ac5f7e09afc90,6ef65b6a152e49d5,Philip De Fries,"6' 5""",250 lbs.,"79""",Orthodox,"Apr 21, 1986",12,6,0,2.3,0.47,3.0,0.37,3.29,0.42,1.0,0.6
67533c6f7a2ac5f7e09afc94,fb3e61720be4690c,Mike Davis,"6' 0""",155 lbs.,"72""",Orthodox,"Oct 07, 1992",11,2,0,5.35,0.52,5.76,0.55,2.77,0.53,0.64,0.4
67533c6f7a2ac5f7e09afc8e,80d8aed0ca9b00f3,Montana De La Rosa,"5' 7""",125 lbs.,"68""",Orthodox,"Feb 14, 1995",13,9,1,2.9,0.37,3.39,0.45,1.85,0.33,0.68,0.8
67533c6f7a2ac5f7e09afca8,8dc46e9a7895ce1a,Alexandre Dantas,"6' 2""",238 lbs.,,Orthodox,"Mar 01, 1979",0,3,0,0.21,0.25,1.87,0.6,0.0,0.0,0.0,3.1
67533c6f7a2ac5f7e09afca5,d0aaedcf7ccd0b45,Chris Daukaus,"6' 3""",205 lbs.,"76""",Orthodox,"Sep 25, 1989",12,7,0,6.05,0.5,4.64,0.55,0.0,0.0,1.0,0.0
67533c6f7a2ac5f7e09afc97,99bd51917728c25d,Grant Dawson,"5' 10""",155 lbs.,"72""",Switch,"Feb 20, 1994",22,2,1,3.15,0.52,2.04,0.45,3.65,0.38,0.57,1.2
67533c6f7a2ac5f7e09afc99,ea3dcc417c322064,Martin Day,"5' 10""",145 lbs.,"73""",Orthodox,"Nov 10, 1988",8,6,0,3.97,0.45,3.79,0.53,0.72,0.6,0.65,0.5
67533c6f7a2ac5f7e09afc9d,a993ef2dd36cea5f,Lemont Davis,"5' 8""",170 lbs.,,Orthodox,,2,6,0,0.87,0.54,1.27,0.55,1.0,0.5,0.0,1.0
67533c6f7a2ac5f7e09afc9c,20697b334f6c0a45,Justin Davis,"5' 11""",205 lbs.,,,"Apr 01, 1983",13,16,0,0.0,0.0,0.0,0.0,0.0,0.0,0.0,0.0
67533c6f7a2ac5f7e09afca0,b7d524c77c27389b,Marcus Davis,"5' 10""",170 lbs.,"70""",Southpaw,"Aug 24, 1973",22,11,0,2.72,0.39,2.79,0.65,1.6,0.48,0.47,1.4
67533c6f7a2ac5f7e09afc92,4b450aa602611baa,Angel De Anda,"5' 9""",225 lbs.,,Orthodox,"May 28, 1985",18,6,0,5.68,0.46,6.32,0.47,0.0,0.0,0.0,0.0
67533c6f7a2ac5f7e09afc9f,902ab9197b83d0db,Phil Davis,"6' 2""",205 lbs.,"79""",Orthodox,"Sep 25, 1984",17,4,0,2.85,0.34,1.33,0.72,2.99,0.38,0.72,0.6
67533c6f7a2ac5f7e09afc9a,570d40f993171b19,Danny Davis,"6' 2""",170 lbs.,,,"Jul 28, 1982",13,11,1,0.0,0.0,0.0,0.0,0.0,0.0,0.0,0.0
67533c6f7a2ac5f7e09afc95,cc351e408bbb7d43,Brandon Davis,"5' 10""",135 lbs.,"72""",Orthodox,"May 08, 1990",14,10,0,4.68,0.35,4.62,0.58,0.74,0.42,0.57,0.1
67533c6f7a2ac5f7e09afca3,08af939f41b5a57b,Beneil Dariush,"5' 10""",155 lbs.,"72""",Southpaw,"May 06, 1989",22,6,1,3.78,0.48,2.65,0.57,1.9,0.34,0.8,0.9
67533c6f7a2ac5f7e09afca4,a683f9ddb70aa4bd,Sean Daugherty,"6' 0""",175 lbs.,,,"Dec 04, 1975",0,2,0,0.0,0.0,0.0,0.0,0.0,0.0,0.0,0.0
67533c6f7a2ac5f7e09afca7,d6c0cdd7e467c440,Kyle Daukaus,"6' 3""",185 lbs.,"76""",Southpaw,"Feb 27, 1993",11,4,0,3.22,0.52,2.94,0.42,2.12,0.25,0.82,1.9
67533c6f7a2ac5f7e09afca9,676a2e5ec4d7338c,Eduardo Dantas,"5' 10""",135 lbs.,,,"Feb 03, 1989",20,4,0,3.33,0.6,3.0,0.6,4.0,0.23,1.0,0.0
67533c6f7a2ac5f7e09afccc,ee779c43a8926d52,Rashad Evans,"6' 0""",205 lbs.,"75""",Orthodox,"Sep 25, 1979",19,8,1,2.14,0.37,2.42,0.63,2.98,0.44,0.73,0.0
67533c6f7a2ac5f7e09afce3,32ab52e5de93092d,Steve Erceg,"5' 8""",125 lbs.,"68""",Orthodox,"Jul 27, 1995",12,3,0,4.37,0.48,4.22,0.53,1.16,0.26,0.6,0.5
67533c6f7a2ac5f7e09afcda,0e4daed84a8f39a6,Eric Esch,"5' 11""",350 lbs.,,Orthodox,"Aug 03, 1968",15,10,1,3.07,0.71,1.74,0.43,0.0,0.0,0.0,2.0
67533c6f7a2ac5f7e09afcce,33011768c3c4dc9a,Terry Etim,"6' 1""",155 lbs.,"73""",Orthodox,"Jan 11, 1986",16,5,0,2.16,0.35,2.53,0.67,0.43,0.3,0.39,1.4
67533c6f7a2ac5f7e09afcab,86f582852a5b240a,Mac Danzig,"5' 8""",155 lbs.,"70""",Orthodox,"Jan 02, 1980",21,12,1,3.39,0.48,3.44,0.57,1.2,0.37,0.46,0.6
67533c6f7a2ac5f7e09afcb9,9d19d9e4aa2662e8,Nicolas Dalby,"5' 11""",170 lbs.,"74""",Orthodox,"Nov 16, 1984",23,5,1,4.06,0.43,3.52,0.52,1.01,0.27,0.58,0.1
67533c6f7a2ac5f7e09afca6,d2fa318f34d0aadc,Karen Darabedyan,"5' 7""",155 lbs.,"68""",Orthodox,"Dec 18, 1986",13,6,0,3.43,0.51,2.62,0.67,2.14,0.75,0.0,0.0
67533c6f7a2ac5f7e09afca1,42775dc893603154,Brian Davidson,"5' 6""",145 lbs.,,,,13,4,0,0.0,0.0,0.0,0.0,0.0,0.0,0.0,0.0
67533c6f7a2ac5f7e09afce1,7b9a85e5ff31ef47,Tom Erikson,"6' 3""",280 lbs.,,Orthodox,,9,4,1,0.94,0.47,1.87,0.25,4.68,0.6,1.0,6.2
67533c6f7a2ac5f7e09afccf,ea9bfe9c25037bba,Shaun Etchell,"5' 7""",125 lbs.,"68""",Switch,"Aug 05, 1993",7,3,0,0.0,0.0,0.0,0.0,4.37,1.0,1.0,0.0
67533c6f7a2ac5f7e09afcc6,b12a1d19ee383b7c,Tonya Evinger,"5' 7""",135 lbs.,"70""",Orthodox,"Jun 04, 1981",19,8,0,1.16,0.42,4.02,0.38,0.93,0.3,0.33,0.9
67533c6f7a2ac5f7e09afcbc,b0bd0c5425668b8f,Henrique da Silva,"6' 3""",205 lbs.,"76""",Orthodox,"Sep 01, 1989",14,5,0,3.89,0.6,5.28,0.4,0.25,0.14,0.22,0.2
67533c6f7a2ac5f7e09afcc8,d3de4a24f7eefac8,Doug Evans,"5' 9""",155 lbs.,,Orthodox,"Oct 10, 1980",13,10,0,1.79,0.35,2.55,0.55,3.19,0.83,0.69,0.6
67533c6f7a2ac5f7e09afce4,bc7cf284c1c2f16e,Won Jin Eoh,"5' 7""",160 lbs.,,Orthodox,,5,5,1,3.74,0.44,3.58,0.46,0.0,0.0,0.5,0.0
67533c6f7a2ac5f7e09afcdc,c26ea30823f37316,Chel Erwin-Davis,"6' 0""",170 lbs.,,,,5,1,0,4.06,0.54,1.13,0.61,4.25,1.0,0.5,1.4
67533c6f7a2ac5f7e09afcb6,e50cd77732d39967,Aisling Daly,"5' 2""",115 lbs.,"64""",Orthodox,"Dec 24, 1987",16,6,0,2.92,0.52,1.4,0.55,2.15,0.41,0.33,0.9
67533c6f7a2ac5f7e09afcc4,5f6f049d54728e88,Andre Ewell,"5' 8""",145 lbs.,"75""",Southpaw,"Jan 21, 1988",17,9,0,4.28,0.4,4.87,0.51,0.36,0.75,0.72,0.1
67533c6f7a2ac5f7e09afcd8,83fd97284f4bb4a4,Efrain Escudero,"5' 9""",155 lbs.,"71""",Orthodox,"Jan 15, 1986",28,12,0,2.92,0.44,2.3,0.63,1.31,0.4,0.66,0.8
67533c6f7a2ac5f7e09afcc2,f72465a784c1b084,Jessica Eye,"5' 6""",125 lbs.,"66""",Orthodox,"Jul 27, 1986",15,11,0,3.86,0.37,4.19,0.55,0.58,0.4,0.57,0.5
67533c6f7a2ac5f7e09afc83,d549cefc7c54ab78,Reinier de Ridder,"6' 4""",185 lbs.,"78""",Southpaw,"Sep 07, 1990",18,2,0,3.24,0.57,2.56,0.44,6.39,0.38,1.0,1.3
67533c6f7a2ac5f7e09afcd4,d910665038efc639,Carla Esparza,"5' 1""",115 lbs.,"63""",Orthodox,"Oct 10, 1987",20,8,0,2.19,0.39,2.87,0.54,3.28,0.36,0.47,0.3
67533c6f7a2ac5f7e09afcac,fccb0fee256b7b4d,Raymond Daniels,"6' 2""",185 lbs.,,Southpaw,,0,1,0,0.0,0.0,2.61,0.38,0.0,0.0,0.33,3.0
67533c6f7a2ac5f7e09afcd5,411539901068522f,Jodie Esquibel,"5' 1""",115 lbs.,"64""",Orthodox,"May 07, 1986",6,6,0,4.1,0.31,7.37,0.52,0.75,0.21,0.83,0.0
67533c6f7a2ac5f7e09afcd0,41f3cfdab0b22236,Achilles Estremadura,"5' 10""",155 lbs.,"68""",Orthodox,"Mar 11, 1992",7,1,0,3.2,0.43,3.27,0.7,0.0,0.0,0.0,0.0
67533c6f7a2ac5f7e09afcde,74061adb224be3cc,Nick Ertl,"5' 9""",155 lbs.,,,,8,6,0,1.34,0.69,1.59,0.41,1.88,0.5,0.0,0.0
67533c6f7a2ac5f7e09afcbb,c3ded6f7155f9ea4,Alex Da Silva,"5' 8""",155 lbs.,"73""",Orthodox,"Feb 04, 1996",21,4,0,2.14,0.46,2.52,0.56,1.97,0.43,0.76,0.3
67533c6f7a2ac5f7e09afcdf,082eba4cd80f736f,Jarno Errens,"5' 11""",145 lbs.,"73""",Orthodox,"Nov 17, 1994",14,6,1,3.29,0.44,3.29,0.61,0.0,0.0,0.33,0.3
67533c6f7a2ac5f7e09afccb,4234f0097c83fa62,Sijara Eubanks,"5' 4""",125 lbs.,"67""",Orthodox,"Apr 27, 1985",8,7,0,4.3,0.43,3.43,0.57,1.9,0.44,0.66,0.3
67533c6f7a2ac5f7e09afcb8,ddbd0d6259ce57cc,Dave Dalgliesh,"6' 2""",205 lbs.,,Orthodox,"Apr 05, 1978",30,19,2,0.0,0.0,1.85,0.5,0.0,0.0,0.0,0.0
67533c6f7a2ac5f7e09afcaf,8614b7134913f5d5,Jarjis Danho,"6' 3""",265 lbs.,"74""",Orthodox,"Oct 15, 1983",7,1,1,3.38,0.5,5.25,0.49,0.51,0.16,1.0,0.0
67533c6f7a2ac5f7e09afce9,daf9be103c1edbbd,Kenny Ento,"6' 2""",192 lbs.,,,,14,15,0,8.41,0.79,0.0,1.0,5.49,1.0,0.0,11.0
67533c6f7a2ac5f7e09afcc0,ac45450f75d14f16,Sarah D'alelio,"5' 7""",145 lbs.,,,"Dec 13, 1980",11,7,0,2.4,0.33,0.0,1.0,0.0,0.0,1.0,0.0
67533c6f7a2ac5f7e09afcb4,6e9b5c74c0860deb,Marko Damiani,"6' 0""",170 lbs.,,,,0,2,0,0.0,0.0,0.0,0.0,0.0,0.0,0.0,0.0
67533c6f7a2ac5f7e09afcbf,3b6d84343579fd33,Marcos da Matta,"5' 4""",145 lbs.,,,"Mar 18, 1973",11,3,0,0.0,0.0,0.0,0.0,0.0,0.0,0.0,0.0
67533c6f7a2ac5f7e09afc9e,6dab8ce5e4bffe77,LC Davis,"5' 8""",135 lbs.,"69""",Southpaw,"Oct 28, 1980",23,8,0,2.04,0.3,2.1,0.59,2.27,0.46,0.66,0.2
67533c6f7a2ac5f7e09afcc9,9766ed20b68c7c33,Billy Evangelista,"5' 8""",155 lbs.,"68""",Orthodox,"Oct 07, 1980",13,3,0,4.51,0.4,3.96,0.61,1.6,0.19,0.61,0.2
67533c6f7a2ac5f7e09afce2,902ec2cc48c8ae8a,Julian Erosa,"6' 1""",145 lbs.,"74""",Southpaw,"Jul 31, 1989",30,12,0,6.18,0.48,6.31,0.48,1.69,0.48,0.58,0.8
67533c6f7a2ac5f7e09afcb1,9eef6584fab21fbb,Cindy Dandois,"5' 7""",135 lbs.,,Orthodox,"Oct 26, 1984",8,3,0,3.13,0.32,3.4,0.58,5.0,0.55,0.0,0.0
67533c6f7a2ac5f7e09afcbe,1f8cd7634e8286ff,Henrique Da Silva Lopes,"6' 3""",240 lbs.,,,"Mar 08, 1985",5,2,0,0.0,0.0,0.0,0.0,0.0,0.0,0.0,0.0
67533c6f7a2ac5f7e09afcbd,6551c64fbcd1a467,Ariane da Silva,"5' 6""",125 lbs.,"67""",Orthodox,"Jan 26, 1994",17,10,0,4.04,0.41,3.87,0.53,0.52,0.55,0.68,0.3
67533c6f7a2ac5f7e09afcc5,dd8aec6de7035943,Dan Evensen,"6' 3""",250 lbs.,,Orthodox,"Jun 01, 1974",11,4,0,0.27,0.1,3.86,0.38,0.0,0.0,0.0,4.0
67533c6f7a2ac5f7e09afcb3,acd870570949d8a2,Leonardo Damiani,"5' 10""",170 lbs.,"69""",Orthodox,"Aug 30, 1990",10,3,1,1.67,0.23,4.17,0.37,0.0,0.0,0.5,0.0
67533c6f7a2ac5f7e09afcdd,64ad3e3b0efa30bb,Ivan Erslan,"6' 2""",205 lbs.,"72""",Orthodox,"Nov 15, 1991",14,4,0,2.6,0.56,3.0,0.62,1.0,0.5,0.75,0.0
67533c6f7a2ac5f7e09afcb7,a20d7dfaba74c067,Rodrigo Damm,"5' 7""",155 lbs.,"71""",Orthodox,"Feb 03, 1980",13,9,0,3.5,0.36,5.61,0.57,0.44,0.16,0.8,0.3
67533c6f7a2ac5f7e09afcc3,76e2870ffafbe38f,Movsar Evloev,"5' 7""",145 lbs.,"72""",Orthodox,"Feb 11, 1994",18,0,0,4.43,0.48,2.89,0.61,4.75,0.46,0.71,0.2
67533c6f7a2ac5f7e09afccd,8d5daf67983b65ba,Fred Ettish,"6' 0""",180 lbs.,,Southpaw,,1,1,0,0.0,0.0,0.0,0.0,0.0,0.0,0.0,0.0
67533c6f7a2ac5f7e09afcd1,83455a9d17f57dae,Rafael Estevam,"5' 8""",125 lbs.,"69""",Orthodox,"Aug 10, 1996",12,0,0,2.94,0.64,3.35,0.34,3.35,0.19,0.0,0.7
67533c6f7a2ac5f7e09afcea,d238217e0f8ea8e1,Alex Enlund,"5' 10""",145 lbs.,,Orthodox,"May 27, 1987",14,2,0,0.0,0.0,0.0,0.0,0.0,0.0,0.0,0.0
67533c6f7a2ac5f7e09afcc7,fc6e681bf6658faf,Ashlee Evans-Smith,"5' 8""",135 lbs.,"67""",Orthodox,"Jul 09, 1987",6,6,0,4.03,0.34,4.59,0.53,0.95,0.22,0.5,0.0
67533c6f7a2ac5f7e09afcb2,033343da4c0cff8a,Carina Damm,"5' 4""",135 lbs.,,,,2,13,0,0.0,0.0,0.0,0.0,0.0,0.0,0.0,0.0
67533c6f7a2ac5f7e09afcd2,215a70f073a7b726,Jordan Espinosa,"5' 6""",125 lbs.,"69""",Orthodox,"Nov 08, 1989",15,9,0,4.22,0.52,2.94,0.57,0.75,0.28,0.7,0.2
67533c6f7a2ac5f7e09afce5,b593cd58b0afffb0,Abdellah Er-Ramy,"6' 0""",185 lbs.,"74""",Orthodox,"Sep 19, 1996",7,2,0,0.0,0.0,8.4,0.0,0.0,0.0,0.0,0.0
67533c6f7a2ac5f7e09afcae,5f119b24c0f9679c,Peter Danesoe,"5' 9""",125 lbs.,"68""",Orthodox,"Sep 01, 2000",6,3,0,4.98,0.54,7.02,0.37,0.0,0.0,0.62,0.0
67533c6f7a2ac5f7e09afcb0,3b0a516d2921e0d6,Batgerel Danaa,"5' 7""",135 lbs.,"70""",Orthodox,"Jul 04, 1989",12,5,0,5.38,0.36,4.21,0.47,0.52,0.5,0.62,0.0
67533c6f7a2ac5f7e09afcd3,ccf5dc41417e9daf,Juan Espino,"6' 3""",255 lbs.,"80""",Orthodox,"Oct 09, 1980",11,2,0,2.38,0.7,1.95,0.4,8.93,0.78,0.5,2.4
67533c6f7a2ac5f7e09afce0,22061ff217907c78,Konstantin Erokhin,"5' 11""",230 lbs.,,Orthodox,"Jan 31, 1983",9,3,0,1.07,0.36,1.83,0.47,0.0,0.0,0.7,0.0
67533c6f7a2ac5f7e09afcd6,5df17b3620145578,Cole Escovedo,"5' 7""",135 lbs.,"72""",Orthodox,"Aug 30, 1981",17,9,0,1.77,0.43,4.32,0.49,0.43,0.33,0.13,0.0
67533c6f7a2ac5f7e09afcb5,6cd3dfc54f01287f,Richard Dalton,"6' 1""",205 lbs.,,Orthodox,,4,3,1,1.2,0.69,3.27,0.25,1.0,0.11,0.0,0.0
67533c6f7a2ac5f7e09afce7,993d385f5a475375,Andy Enz,"6' 3""",185 lbs.,"78""",Orthodox,"Aug 15, 1991",10,4,0,3.51,0.23,5.32,0.57,0.0,0.0,0.58,0.0
67533c6f7a2ac5f7e09afcba,23725c826c481e7f,Paul Daley,"5' 9""",170 lbs.,"76""",Orthodox,"Feb 21, 1983",39,15,2,3.14,0.47,2.37,0.6,0.91,0.4,0.64,0.0
67533c6f7a2ac5f7e09afce8,d7adfcfdf7c6c1f8,Ian Entwistle,"5' 5""",135 lbs.,,Orthodox,"Nov 19, 1986",9,3,0,0.11,0.07,7.36,0.31,0.0,0.0,0.0,12.1
67533c6f7a2ac5f7e09afbe1,2a7afe14b3a0a058,Asbel Cancio,"5' 10""",225 lbs.,,,,0,1,0,0.0,0.0,0.0,0.0,0.0,0.0,0.0,0.0
67533c6f7a2ac5f7e09afcee,e3f443e4cbc3da8f,Marius Enache,"5' 11""",155 lbs.,,,"Oct 16, 1975",3,3,0,1.71,0.34,0.66,0.84,3.94,1.0,0.0,3.9
67533c6f7a2ac5f7e09afced,d2f310b5b072e986,Kevin Engel,"6' 2""",170 lbs.,,,,5,1,0,0.0,0.0,0.0,0.0,0.0,0.0,0.0,0.0
67533c6f7a2ac5f7e09afcef,dc0f07928009a127,Rob Emerson,"5' 9""",155 lbs.,"70""",Orthodox,"Jul 30, 1981",18,12,0,2.5,0.3,2.83,0.64,2.02,0.52,0.65,0.4
67533c6f7a2ac5f7e09afcf2,f54200f1dfb9b5d4,Aleksander Emelianenko,"6' 6""",255 lbs.,,Orthodox,"Aug 02, 1981",23,7,0,2.75,0.41,1.7,0.65,2.32,0.72,0.66,0.9
67533c6f7a2ac5f7e09afcf3,45c8fed13a62fe92,Sovannahry Em,"5' 4""",135 lbs.,,,"Jun 26, 1992",3,1,0,0.0,0.0,0.0,0.0,0.0,0.0,0.0,0.0
67533c6f7a2ac5f7e09afcf0,e00a3dee329a51f7,Jamall Emmers,"5' 10""",145 lbs.,"74""",Orthodox,"Jul 24, 1989",20,8,0,5.3,0.48,4.05,0.57,1.83,0.4,0.9,0.2
67533c6f7a2ac5f7e09afcec,330bafba312face4,Oliver Enkamp,"6' 0""",170 lbs.,"77""",Switch,"Aug 10, 1991",7,2,0,2.38,0.36,3.55,0.37,0.87,0.16,0.0,0.0
67533c6f7a2ac5f7e09afcf1,fba03cd6cc28dc41,Josh Emmett,"5' 6""",145 lbs.,"70""",Orthodox,"Mar 04, 1985",19,4,0,4.04,0.36,4.61,0.61,0.91,0.37,0.46,0.1
67533c6f7a2ac5f7e09afcf9,77350fd0e6d1dba8,Lisa Ellis,"5' 4""",115 lbs.,,,"Nov 15, 1982",15,11,0,1.68,0.48,2.32,0.57,4.19,0.63,0.5,0.6
67533c6f7a2ac5f7e09afcf4,abd5fb12437eda21,Ramazan Emeev,"5' 10""",170 lbs.,"76""",Southpaw,"May 23, 1987",20,6,0,2.53,0.45,2.14,0.65,2.37,0.29,0.66,0.7
67533c6f7a2ac5f7e09afcf6,1741343f0ca34dd5,Aaron Ely,"5' 8""",135 lbs.,,,"Mar 18, 1989",5,2,0,0.82,0.15,0.66,0.69,2.47,1.0,0.5,4.9
67533c6f7a2ac5f7e09afcf5,b8da6f5c80ae2d15,Fedor Emelianenko,"6' 0""",230 lbs.,"74""",Orthodox,"Sep 28, 1976",36,5,0,3.18,0.51,1.0,0.63,2.0,0.63,0.82,1.9
67533c6f7a2ac5f7e09afcfa,e60d773a0a42048a,Eddy Ellis,"5' 9""",170 lbs.,,Orthodox,,21,16,1,3.4,0.69,1.53,0.68,4.0,0.66,0.5,2.0
67533c6f7a2ac5f7e09afcf8,1536a25e16fc299b,Anna Elmose,"5' 3""",115 lbs.,,Orthodox,"Oct 06, 1984",3,2,0,3.68,0.49,4.64,0.56,0.0,0.0,0.33,0.0
67533c6f7a2ac5f7e09afcf7,5f3da9a9610d8969,Cameron Else,"5' 9""",135 lbs.,"71""",Switch,"Apr 27, 1987",10,6,0,1.99,0.4,8.09,0.51,0.0,0.0,0.0,0.0
67533c6f7a2ac5f7e09afcfc,d81ac739417d7f53,Jake Ellenberger,"5' 9""",170 lbs.,"71""",Orthodox,"Mar 28, 1985",31,15,0,2.47,0.39,2.83,0.6,2.04,0.47,0.86,0.4
67533c6f7a2ac5f7e09afcfb,6b56e94a59b7b134,Oban Elliott,"6' 0""",170 lbs.,"72""",Orthodox,"Dec 19, 1997",12,2,0,4.26,0.49,2.25,0.62,2.16,0.5,0.72,0.0
67533c6f7a2ac5f7e09afcfd,8e8e4487c621aa1c,Joe Ellenberger,"5' 9""",155 lbs.,"72""",Orthodox,"Mar 28, 1985",15,2,0,1.62,0.47,3.45,0.48,3.17,0.4,0.0,1.1
67533c6f7a2ac5f7e09afcfe,c96d9178c9ed9e62,Tim Elliott,"5' 7""",125 lbs.,"66""",Southpaw,"Dec 24, 1986",21,13,1,3.39,0.44,2.66,0.56,3.73,0.47,0.59,1.0
67533c6f7a2ac5f7e09afd00,92a9aa9c93192871,Darren Elkins,"5' 10""",145 lbs.,"71""",Orthodox,"May 16, 1984",29,11,0,3.4,0.38,3.22,0.51,2.86,0.34,0.56,1.1
67533c6f7a2ac5f7e09afd04,d9a56ecb6e94f02e,Evan Elder,"5' 10""",155 lbs.,"72""",Switch,"Apr 11, 1997",9,2,0,5.02,0.49,4.79,0.57,0.63,0.2,0.33,0.6
67533c6f7a2ac5f7e09afd03,e873203fd50542f6,John Paul Elias,"6' 4""",205 lbs.,,,,3,1,0,0.0,0.0,0.0,0.0,0.0,0.0,0.0,0.0
67533c6f7a2ac5f7e09afcff,1a064688481f66e1,Joao Elias,"5' 3""",125 lbs.,"64""",Southpaw,"Jan 08, 1995",17,4,1,0.4,0.5,6.47,0.2,0.0,0.0,0.5,0.0
67533c6f7a2ac5f7e09afd01,e295b96f135d758a,Saul Elizondo,"5' 7""",135 lbs.,,,"Jul 17, 1985",6,8,0,2.07,0.3,4.93,0.48,2.0,1.0,0.66,1.0
67533c6f7a2ac5f7e09afd05,58bc81376286b3d3,Per Eklund,"5' 10""",155 lbs.,"72""",Orthodox,,14,5,1,2.07,0.61,2.38,0.67,2.07,0.11,0.5,3.6
67533c6f7a2ac5f7e09afd07,27fc9218a3653e3c,Justin Eilers,"6' 1""",235 lbs.,,Orthodox,"Jun 28, 1978",19,7,1,2.86,0.43,5.66,0.49,0.82,0.25,0.5,0.0
67533c6f7a2ac5f7e09afd09,32ba186f4b0e3267,Brian Ebersole,"6' 0""",170 lbs.,"73""",Southpaw,"Nov 27, 1980",51,18,1,2.32,0.49,2.14,0.56,1.7,0.23,0.61,0.1
67533c6f7a2ac5f7e09afd0d,20b13e96668caaa4,Roybert Echeverria,"5' 5""",125 lbs.,"67""",Switch,"Aug 21, 1995",7,1,0,2.95,0.53,2.52,0.57,0.0,0.0,0.71,2.6
67533c6f7a2ac5f7e09afd08,f2688492b9a525a3,Frankie Edgar,"5' 6""",135 lbs.,"68""",Orthodox,"Oct 16, 1981",23,11,1,3.77,0.4,2.82,0.65,2.29,0.31,0.65,0.3
67533c6f7a2ac5f7e09afd0c,ec421d5de0aea624,Vincent Eazelle,"5' 11""",155 lbs.,,,"Dec 07, 1980",9,2,0,0.0,0.0,0.0,0.0,0.0,0.0,0.0,0.0
67533c6f7a2ac5f7e09afd0b,a5b0bd216d8ba84e,Ross Ebanez,"5' 9""",154 lbs.,,Southpaw,"May 18, 1975",20,10,0,0.74,0.5,0.74,0.62,3.7,1.0,0.0,0.0
67533c6f7a2ac5f7e09afd0a,40ff198adda94b9f,Mark Eddiva,"5' 8""",145 lbs.,"68""",Orthodox,"Feb 16, 1986",6,3,0,3.37,0.45,2.98,0.54,1.45,0.22,0.63,0.0
67533c6f7a2ac5f7e09afd06,0577808d22dfe79c,Jon Olav Einemo,"6' 6""",253 lbs.,,Orthodox,"Dec 10, 1975",6,3,0,2.15,0.52,3.05,0.52,1.73,0.55,0.43,0.0
67533c6f7a2ac5f7e09afd0e,4acb99524a9a81ab,Maurice Eazel,"5' 7""",135 lbs.,,,,7,15,0,0.0,0.0,0.0,0.0,0.0,0.0,0.0,0.0
67533c6f7a2ac5f7e09afc66,75bbd2206a15319f,Edwin DeWees,"6' 1""",185 lbs.,,Orthodox,"Aug 07, 1982",38,17,0,1.53,0.33,6.19,0.39,2.18,0.66,0.0,3.3
67533c6f7a2ac5f7e09afceb,4122da4f791b2f4f,Kolton Englund,"5' 10""",155 lbs.,"69""",Orthodox,"Jul 09, 1993",9,4,0,2.31,0.25,11.54,0.4,0.0,0.0,0.0,0.0
